review_target_asin,asin,listing_url,rating,review_title,review_text,review_date,pain_point_tags,review_link,verified_purchase,asin_property,helpful
B0FXG8J58Q,B0FXG8J58Q,https://www.amazon.com/dp/B0FXG8J58Q,5.0,Excellent,Great quality and magnet is really strong,20260514,durability,,,Size=1Pc Magnetic Mat with Pickup Tool,0
B0FXG8J58Q,B0FXG8J58Q,https://www.amazon.com/dp/B0FXG8J58Q,5.0,Mechanical Functionality,Excellent for those that like to tinker or do mechanical work to keep tools and parts organized and minimize loss items.,20260513,,,,Size=3Pcs Magnetic Mats with Pickup Tool,0
B0FXG8J58Q,B0FXG8J58Q,https://www.amazon.com/dp/B0FXG8J58Q,5.0,Very good magnetic force,Real strong magnet good size too and a whole lot cheaper than any tool truck,20260506,magnet_strength; size_capacity; price_value,,,Size=1Pc Magnetic Mat with Pickup Tool,0
B0FXG8J58Q,B0FXG8J58Q,https://www.amazon.com/dp/B0FXG8J58Q,5.0,Works great,Works great for my tool box,20260504,,,,Size=1Pc Magnetic Mat with Pickup Tool,0
B0FXG8J58Q,B0FXG8J58Q,https://www.amazon.com/dp/B0FXG8J58Q,5.0,Great value great performance,These things will hold just about anything you stick on them. Very good quality for the price,20260426,magnet_strength; price_value; durability,,,Size=3Pcs Magnetic Mats with Pickup Tool,0
B0FXG8J58Q,B0FXG8J58Q,https://www.amazon.com/dp/B0FXG8J58Q,3.0,Meh strength,Mediocre. Magnet is weaker than I was expecting.,20260423,magnet_strength,,,Size=3Pcs Magnetic Mats with Pickup Tool,0
B0FXG8J58Q,B0FXG8J58Q,https://www.amazon.com/dp/B0FXG8J58Q,5.0,AWESOME,SUPER STRONG,20260402,,,,Size=1Pc Magnetic Mat with Pickup Tool,0
B0FXG8J58Q,B0FXG8J58Q,https://www.amazon.com/dp/B0FXG8J58Q,5.0,Good deal,Works very good with good hold. Would buy again.,20260317,magnet_strength,,,Size=3Pcs Magnetic Mats with Pickup Tool,0
B0FXG8J58Q,B0FXG8J58Q,https://www.amazon.com/dp/B0FXG8J58Q,5.0,Good kit,Great strength. The utility of different sizes allows you to adjust to the job size.,20260301,magnet_strength; size_capacity,,,Size=3Pcs Magnetic Mats with Pickup Tool,0
B0FXG8J58Q,B0FXG8J58Q,https://www.amazon.com/dp/B0FXG8J58Q,4.0,Decent matt,Pretty decent . Like the different sizes . Decent strength. Thick matt.,20260219,magnet_strength; size_capacity,,,Size=3Pcs Magnetic Mats with Pickup Tool,0
B0FXG8J58Q,B0FXG8J58Q,https://www.amazon.com/dp/B0FXG8J58Q,5.0,No more disappering 10mm wrenchs/ scokets,"LOVE this no more disappearing screws, bolts , nuts they stay where you put them, can not believe I have gone 45 years without one- STRONG magnets!",20260218,magnet_strength,,,Size=3Pcs Magnetic Mats with Pickup Tool,0
B0FXG8J58Q,B0FXG8J58Q,https://www.amazon.com/dp/B0FXG8J58Q,5.0,Mats,the mats seem to have an invisible magnetic field!,20260211,,,,Size=3Pcs Magnetic Mats with Pickup Tool,0
B0FXG8J58Q,B0FXG8J58Q,https://www.amazon.com/dp/B0FXG8J58Q,5.0,Strong magnets,Works well,20260209,magnet_strength,,,Size=3Pcs Magnetic Mats with Pickup Tool,0
B0FXG8J58Q,B0FXG8J58Q,https://www.amazon.com/dp/B0FXG8J58Q,5.0,Works great,My son n law uses them so we don‘t lose tools,20260205,,,,Size=3Pcs Magnetic Mats with Pickup Tool,0
B0FXG8J58Q,B0FXG8J58Q,https://www.amazon.com/dp/B0FXG8J58Q,5.0,Great product,Excellent product! Works great & very handy. Strong magnets,20260204,magnet_strength,,,Size=3Pcs Magnetic Mats with Pickup Tool,0
B0FXG8J58Q,B0FXG8J58Q,https://www.amazon.com/dp/B0FXG8J58Q,4.0,"Strong mast magnets, won‘t mar surface.","CATEGORICAL RATINGS (1-5)PRESENTATION/PACKAGING: 3
QUALITY/MATERIALS: 4
DESIGN/CRAFTSMANSHIP: 4
PRICE/VALUE: 3
FUNCTIONALITY: 5
VERSATILITY: 5
INSTRUCTIONS/EASE OF USE: 4
COMFORT (IF APPLICABLE): 4
MARKETING-vs-REALITY: 4
USEFULLNESS: 4

PROS: magnetic strength, non-marring, 3 sizes, extending magnet

CONS: a bit small

Price when acquired: $39.99

COMMENTS: I have been wanting a magnetic tool pad for some time. I didn’t need a fender-size as it woiuld not get a great deal of use. My primary need is for one to attach to my shop equipment when matining or fixing it. This one is very impressive from a strength standoint. It can hold the larger tools like channel locks, pliers, ratchets and large wrenches while in the vertical position. The largest one (the 9.625 x12.625) is perfect for most of my big tools, but it is limited as to the number of tools that would fit on it. An 11x14 would be ideal. The smallest of the three pads does a great job holding washers, nuts and bolts, etc. The long skinny one, smaller tools. The surface on both sides is like faux leather; it is smooth to the touch and does not scratch your paint. The kit also includes a ~30” telescoping pick-up magnet rated at 15# which can come in handy for reaching things that fall behind others. It will not, however, lift even 10# unless perhaps it is concentrated in a small cube or cylinder.

PRECISE RATING: 4 (good at doing what I need, at least one exceptional characteristic, probably would buy again) - deduction secondary to the smallish size for the price. If it were ~20% less exensive, it would be easily rate 5 stars.

MOST INFLUENTIAL RATING CONSIDERATION: magnetic force

RECOMMENDATION: I recommend this magnetic mat set, especially if it goes on sasle.
(As always, I will report back if there are any durability or performance issues with additional use.)

PHOTO INFO (photos are loaded in order, but may be rearranged when finally posted):
1) Package contents
2) Contents unwrapped
3) Redisplayed
4) Texture
5) Telescoping magnet holding channel locks
6) Mat hanging on bumper
7) Mat loaded with heavy tools vertically
8) Telescoping magnet stored on garage door opener (never misplace it that way)

Thank you for taking the time to read this review. I hope you found something informative and useful in it. Good luck with your decision.",20260111,magnet_strength; size_capacity; price_value; durability; surface_protection; pickup_tool,,,Size=3Pcs Magnetic Mats with Pickup Tool,0
B0FXG8J58Q,B0FXG8J58Q,https://www.amazon.com/dp/B0FXG8J58Q,4.0,A HUGE time saver,"I don‘t know about you, but it seems like I spend more time looking for dropped fasteners than I do actually fixing things. Enter the tool mat. The magnets are really strong, the pickup tool is a great help and it seems to me to be a quality product. I like the PU leather look and feel. What I like best about the product is that I can lay out the fasteners in the order that I remove them and they stay in place on the mat. That way I know exactly where each screw or bolt came from and I can keep track of where they go back in place. The mat is large enough for any single job I might do. I guess my only quibble is that it is expensive, but over time, it should pay back in terms of the time saved.",20260109,price_value; durability; pickup_tool,,,Size=1Pc Magnetic Mat with Pickup Tool,0
B0FXG8J58Q,B0FXG8J58Q,https://www.amazon.com/dp/B0FXG8J58Q,5.0,Heavy duty magnetic tool mats,"This is a set of 3 heavy duty tool mats and a telescoping magnet. The mats are fantastic. They‘re very heavy duty and I am expecting them to hold up for years to come. I’m not sure what the outer material is but it’s very stiff and seems to hold up well under moderate abuse. Out of curiosity, I tool the larger pad and did some basic “testing"" (if you can even call it that). I tossed it into an old box of old rusty tools multiple times. I did this over and over to see if anything would end up penetrating the mat. Nothing did end up penetrating the mat. I stepped on the mat multiple times. I kicked it around. I took it and shut the hood onto the mat. I even took my from door and closed the door pretty hard while the large mat was in the way of the door closing. I was expecting this mst to break or tear at some point and it never did. I was originally not fond of the price but after seeing the larger mat hold up to all the abuse I put it through, I have thoroughly changed my mind. These mats are great. They also have strong magnets inside of them so not only do tools and bolts stick to the mats very well, but the mats themselves also stick to metal surfaces as well. I stick one on the side of my car and it took quite a bit of pulling for me to pull it off the car. Again, I was quite stunned at how well it stuck to the car’s surface.
The telescoping magnet is just an extra in my opinion. It’s okay, but the mats are the main attraction in my opinion. I have several telescoping magnets and the one that came with this set is probably the nicest one I own. I’m very satisfied with these mats and telescoping magnet.",20260103,magnet_strength; size_capacity; price_value; durability; surface_protection; pickup_tool,,,Size=3Pcs Magnetic Mats with Pickup Tool,0
B0FXG8J58Q,B0FXG8J58Q,https://www.amazon.com/dp/B0FXG8J58Q,5.0,Insert Pun Here About Magnets or Stickiness,"Sometimes a product isn’t flashy or stylish, but it’s so extremely useful that it still stands out. That’s what we have here. For your convenience, I’ll divide the rest of this review between the pickup pen and the mats.

First let’s talk about the pen. Now, this isn’t the first telescoping pickup device I’ve used. For years, my household has had a couple of little ones laying around, in case we dropped something behind the couch or under the radiator. You probably know the sort: They look and function almost exactly like presentation pointers, except they have a small magnet at the tip that can pick up anything from a paperclip to a very small screw. Last year, my wife got one at the other end of the size chart, which collapses to the size of the average flashlight, but slightly narrower, with a large and powerful magnet at the end. This product lies in the Goldilocks zone between those others. It’s compact and narrow compared to my wife’s macro-gadget, with a nice ergonomic grip and a pocket clip. The magnet is slightly smaller than hers, allowing it to fit into places hers can’t, but still powerful enough to lift virtually anything I can anticipate wanting to use it on. Screws and hand tools? This pen will do the job. Pot lid? No problem. Lawnmower? No, but that would be stupid to try anyway. It’s solidly constructed, easy to use, and convenient to carry or store. Whoever designed it clearly understood the assignment.

Okay, now the mats. Honestly, I wasn’t sure I needed these when I placed the order, but they looked like they might come in handy to stop screws or nails from rolling away while I was working. Generally I’ve relied on the old trick of using a small drinking cup, but I was open to an upgrade. My expectations weren’t that high. I figured maybe the mats would hold on well enough that minor bumps from working or a light breeze wouldn’t send me scrambling for the pickup pen, but not much more. This is one of those times I was delighted to be wrong. These mats have a strong magnetic field! Sure, I can lay them out on a work table, but they’ll also stick securely to a vertical surface! I sometimes need to take apart our window air conditioners for cleaning, and now I’ll be able to slap one of the pads on the unit’s outer casing and just stick the screws to it as I remove them from the unit, confident that they’ll stay securely in place until I need them for reassembly! The mats feel sturdy and adhere well. Full marks! Glad the set includes three of them, because my wife very quickly claimed one for her projects!

Overall, this is one of those products that’s well thought out and well executed. I’d buy it again without hesitation.",20251231,magnet_strength; size_capacity; durability; surface_protection; pickup_tool,,,Size=3Pcs Magnetic Mats with Pickup Tool,0
B0FXG8J58Q,B0FXG8J58Q,https://www.amazon.com/dp/B0FXG8J58Q,5.0,Th best thing I have gotten,He loved it,20251230,,,,Size=3Pcs Magnetic Mats with Pickup Tool,0
B0CN1PC564,B0CN1PC564,https://www.amazon.com/dp/B0CN1PC564,5.0,Strong and o so handy,"Great little tool to have in your pocket, tool pouch, tool box, or any work station. Keeps small bits where you can easily find then AND it attaches to anywhere. Smooth finish on both sides ensured that nothing is going to get scratched or damaged and the magnetic is strong!.Wish I would have found and bought sooner. So portable and easy to use.
Perfect little small gift or stocking stuffer for the handyman in your life!",20260423,size_capacity; surface_protection,,,Style=Mini (3 Pack),0
B0CN1PC564,B0CN1PC564,https://www.amazon.com/dp/B0CN1PC564,4.0,Overall happy,Really love the magnet. The carabiner broke after a month.,20260403,,,,Style=Mini (3 Pack),0
B0CN1PC564,B0CN1PC564,https://www.amazon.com/dp/B0CN1PC564,5.0,Super convenient,"Works well. holds a ton of screws, and stores easily. Will be buying another set soon.",20260329,magnet_strength,,,Style=Mini (3 Pack),0
B0CN1PC564,B0CN1PC564,https://www.amazon.com/dp/B0CN1PC564,5.0,Very strong magnets!,It’s the perfect size for a small bag or to hang by the carabiner. I highly recommend if you’re working with a lot of fasteners.,20260318,magnet_strength; size_capacity,,,Style=MagMat w/Carabiner,0
B0CN1PC564,B0CN1PC564,https://www.amazon.com/dp/B0CN1PC564,5.0,Strong and useful,These magnets are strong and work real well!,20260228,,,,Style=Mini (3 Pack),0
B0CN1PC564,B0CN1PC564,https://www.amazon.com/dp/B0CN1PC564,5.0,Amazing product,"Holds everything! Very strong magnet.At times it removes the need of my toolbag, I can attach 5-6 tools inc a hammer and it holds.",20260222,magnet_strength,,,Style=MagMat w/Carabiner,0
B0CN1PC564,B0CN1PC564,https://www.amazon.com/dp/B0CN1PC564,5.0,Strong magnet in useful dimensions,Wrong magnet. Happy with magnet size for my use. Appears to be a stronger magnet than Icon magnetic mat. Good addition to regular carry toolbox.,20260220,magnet_strength; size_capacity,,,Style=MagMat w/Carabiner,0
B0CN1PC564,B0CN1PC564,https://www.amazon.com/dp/B0CN1PC564,5.0,Great product,Works great I use it for bits and even strong enough to hold furnace door switches closed,20260117,magnet_strength,,,Style=MagMat w/Carabiner,0
B0CN1PC564,B0CN1PC564,https://www.amazon.com/dp/B0CN1PC564,5.0,100% have to try it,"I love this thing. I work in HVAC and I use it every day. If I’m taking apart a unit, I slap this on the case and it holds all the screws I would lose if I set them anywhere else. Or, I clip it on to my belt and it holds bits, screws, other tools. If you aren’t a tool belt guy, it’s a handy thing to have with you.",20251203,magnet_strength,,,Style=MagMat w/Carabiner,0
B0CN1PC564,B0CN1PC564,https://www.amazon.com/dp/B0CN1PC564,5.0,Go for it,"Awesome tool. it does as it says. plus you dont know how you need it until you buy a set of these. especially the mag strap. im using it for screws, bits and anything metal when im working.. super handy if you are on a ladder. Good quality too",20251125,durability,,,Style=Magnetic Tray,0
B0CN1PC564,B0CN1PC564,https://www.amazon.com/dp/B0CN1PC564,5.0,Worth it!,"Great magnetic strap. The magnets are very strong, it is able to hold my 16oz hammer with no sliding. The materials feel very durable and the craftsmanship is great. Overall it’s a great product.",20251123,magnet_strength; durability,,,Style=MagMat w/Carabiner,0
B0CN1PC564,B0CN1PC564,https://www.amazon.com/dp/B0CN1PC564,4.0,Not as good as snappy,"A good cheaper alternative, but snappy is still king.",20251106,price_value,,,Style=MagMat w/Carabiner,0
B0CN1PC564,B0CN1PC564,https://www.amazon.com/dp/B0CN1PC564,5.0,Maggot for a tradesmen,"Great little nifty magnet great for a tradesmen. I mainly use it around Hvac a little pricey, but a great buy.",20251023,price_value,,,Style=Mini (3 Pack),0
B0CN1PC564,B0CN1PC564,https://www.amazon.com/dp/B0CN1PC564,5.0,Great buy,Very strong,20251013,,,,Style=MagMat w/Carabiner,0
B0CN1PC564,B0CN1PC564,https://www.amazon.com/dp/B0CN1PC564,5.0,A must have for your toolbag,"Great little magnetic straps that I attached to my EDC bag. They easily hold screws, nails, and other small items that usually don‘t make to the top of your ladder. Magnets are very strong.",20250927,magnet_strength; size_capacity,,,Style=Mini (3 Pack),0
B0CN1PC564,B0CN1PC564,https://www.amazon.com/dp/B0CN1PC564,5.0,"Excellent quality, strong magnet good for multiple uses",Super impressive. I bought it to put on the side of my veto bag but I recently bought a pouch that weighs about 8 lbs. I know it’s not the intended use but I wanted to test it out and it holds the pouch with ease no slipping. I may leave it on the pouch because I work at heights. Definitely Happy with this product,20250917,magnet_strength; durability,,,Style=Extra Large,0
B0CN1PC564,B0CN1PC564,https://www.amazon.com/dp/B0CN1PC564,5.0,Railer Mag Strip,This mag strip does not disappoint. It‘s strong AF. Literally holds my hammer 💪. The only thing with railer is I don‘t like their carabineers.,20250907,magnet_strength; durability,,,Style=MagMat w/Carabiner,0
B0H87DHF7J,B0H87DHF7J,https://www.amazon.com/dp/B0H87DHF7J,5.0,Strong Magnet and Very Useful,"The magnet is much stronger than I expected. As you can see, it held a hammer, several screws, bolts, and other metal pieces without any problem, even while I was holding the mat upright.It is flexible, easy to fold, and the non-slip surface helps keep tools and small parts organized while working. This is very useful for repairs because it helps prevent screws and small metal pieces from getting lost.",20260803,magnet_strength; size_capacity; surface_protection,,,,0
B0H87DHF7J,B0H87DHF7J,https://www.amazon.com/dp/B0H87DHF7J,5.0,Great Magnetic Tool Mat for Staying Organized,"I’m very happy with this foldable magnetic tool mat. The magnets are strong and keep screws, bolts, sockets, and small tools securely in place while I work. It helps me stay organized and prevents small parts from getting lost. The mat folds up easily for storage and is made from durable, high-quality material. It’s lightweight, portable, and perfect for working on cars, home repairs, or DIY projects. This has become a very useful addition to my toolbox, and I would definitely recommend it to anyone who likes to keep their workspace neat and efficient.",20260802,size_capacity; durability,,,,0
B0H87DHF7J,B0H87DHF7J,https://www.amazon.com/dp/B0H87DHF7J,5.0,Perfect for work on cars,"My man refuses to work without it. He can put it on the trucks he builds and it is sturdy, holds his tools and it great quality.",20260802,magnet_strength; durability,,,,0
B0H87DHF7J,B0H87DHF7J,https://www.amazon.com/dp/B0H87DHF7J,5.0,Super strong magnet!,"This is great to have around the shop if you work with screws or anything else metal on a regular basis. The magnetic strength of the mat is super strong! Not so strong that it’s hard to remove things you place on it but they aren’t going to budge without some shake or force. The mat itself feels well made and durable. I like the folding feature because you can place some screws or whatever other item on one side, then close it and transport without losing anything!",20260802,magnet_strength; durability,,,,0
B0H87DHF7J,B0H87DHF7J,https://www.amazon.com/dp/B0H87DHF7J,4.0,Have reasonable expectations about its strength,"I got this because every single time I take something apart in my shop, invariably the smallest screw or nut or bolt rolls off the workbench and then rolls underneath to the furthest possible spot that is the hardest for me to reach. Not any longer. This is now going to be the mat I use to disassemble things over. It is well-made with good quality materials, with bonus points for the waterproof, oil proof, grease proof shell that is going to be really easy to wipe down and keep clean. It’ll be a great mat for keeping small parts and fasteners in one place as well as any smaller metal hand tools you may be using with one flat edge. I point out that it needs a flat edge as that is a major component to this thing working correctly. For instance, a screwdriver or a pair of pliers with thick plastic handles is going to be more of a challenge to hold in place then say an all metal flat crescent wrench. And as far as that 45 pound Olympic weight? The magnets are moderately strong, but absolutely not strong enough to hold a 45 pound weight. No way. I’m taking a star off because that is entirely made up. I would’ve been way happier had they not manufactured an AI  picture of a 45 pound plate hanging from this thing. Look at my photo of the large pipe wrench. It took me 2 to 3 minutes of messing around to get that thing to stick, mostly because it is not entirely flat, but on the other hand, it weighs less than 4 pounds and it barely hung there. Well made with good quality materials but a little on the pricey side, so I would consider it just a fair value. In the end, this is going to be great for smaller, flatter items but not so great for really big, heavy, oddly shaped tools. Probably closer to 3 1/2 stars, but I will call at four. Adjust your expectations accordingly.",20260801,magnet_strength; size_capacity; price_value; durability,,,,0
B0H87DHF7J,B0H87DHF7J,https://www.amazon.com/dp/B0H87DHF7J,5.0,Useful magnetic tool mat,This magnetic mat is awesome and very strong. Holds my tools and all my bolts and nuts when working on cars. Its great size.,20260801,magnet_strength; size_capacity,,,,0
B0H87DHF7J,B0H87DHF7J,https://www.amazon.com/dp/B0H87DHF7J,4.0,Sticks Right Where You Need It :-),"The UpTool Foldable Magnetic Tool Mat made working on small repair jobs much easier. The strong magnets held bolts, sockets, and small tools in place, even when working underneath my car. I also liked that it folds up flat, so it doesn’t take up much space in my toolbox. The waterproof surface wipes clean in seconds after greasy jobs. The only downside is that it only works on metal surfaces, so it has limited use on other work areas. Overall, it’s a handy tool to keep around. All in all, this tool keeps parts organized and secure.+ Strong magnets+ Foldable design+ Easy cleanup+ Space savingHope this was helpful!",20260731,magnet_strength; size_capacity; surface_protection,,,,0
B0H87DHF7J,B0H87DHF7J,https://www.amazon.com/dp/B0H87DHF7J,5.0,Magnetic tool mat,"Saw this on TikTok and I thought this was pretty cool so I had to get it. When I work on cars, I think I spend more time looking for it sockets tools, and bolts that are scattered all over the floor than actually doing the work. I hate it when a socket rolls off to nowhere and I spend the next 10 minutes looking for it. This item solves these problems. The magnetic mat sticks on the car and all the tools, bolts, sockets, etc.  just easily sticks to it and not roll away on its own. What a time saver and it keeps me organized and on task.",20260731,pickup_tool,,,,0
B0H87DHF7J,B0H87DHF7J,https://www.amazon.com/dp/B0H87DHF7J,5.0,Recommend,"⭐⭐⭐⭐⭐I absolutely love this product. It does a great job of keeping my tools organized and helped me make better use of the empty space in my toolbox. The magnet is very strong and easily holds the weight of several tools, keeping them secure and within easy reach. It‘s a very practical accessory, and I definitely recommend it.",20260730,magnet_strength,,,,0
B0H87DHF7J,B0H87DHF7J,https://www.amazon.com/dp/B0H87DHF7J,5.0,Awesome way to hold your tools,"This is a nice flexible tool mat that is magnetic. This is basically 11.02“x 9.25“ which is a decent size. Both the top and bottom of the tool mat are basically made from the same material. This tool mat is built with a bunch of button style magnets This mat is great when you lay it on your fender, grill, or hood. Well, as long as it is metal. The mat will curve to conform to whatever it is sticking to. Now you can place your tools directly on the mat and they will stay put. The magnet is strong enough to hold most large heavy tools. The edging is a bright green which is great as it gives a good visual to where the actual magnetic section is located. Compared to other similar mats this one is foldable which makes it easier to store away.",20260730,magnet_strength; size_capacity,,,,0
B0H87DHF7J,B0H87DHF7J,https://www.amazon.com/dp/B0H87DHF7J,4.0,Useful magnetic pad to organize your tools and bits while working,Pretty good size magnetic pad about the size of a tablet.  It held most tools tested except the screwdrivers won‘t work like in the seller‘s pic cause the handle part is plastic so I could only get it to stay facing away.  Otherwise it seems strong enough and helpful to keep your tools and bits nearby while working in your garage or anywhere else.  Folds in half to be even more compact when nothing is inside.,20260729,size_capacity,,,,0
B0H87DHF7J,B0H87DHF7J,https://www.amazon.com/dp/B0H87DHF7J,5.0,FOLDABLE MAGNETIC TOOL MAT.,"I really liked this magnetic mat. It keeps screws and metal parts organized while I work, and the material feels durable and high-quality. Plus, it’s flexible, easy to clean, and very practical for the garage or workshop. It’s a great purchase for keeping everything in one place and preventing parts from getting lost.",20260729,durability,,,,0
B0H87DHF7J,B0H87DHF7J,https://www.amazon.com/dp/B0H87DHF7J,5.0,Nice magnetic mat,"The UpTool Foldable Magnetic Tool Mat is a flexible magnetic work mat designed to keep tools, screws, nuts, bolts, and other metal parts organized during repairs and maintenance. Its foldable design and strong magnetic surface make it a convenient accessory for garages, workshops, and automotive projects.Key features:* Foldable magnetic tool mat 🔧* Measures 11.02 × 9.25 inches* Strong magnetic surface holds up to 44 lbs* Flexible, non-slip design* PVC scratch-resistant and waterproof surface* Helps organize tools and small metal parts* Suitable for garages, workshops, automotive repair, and DIY projectsThe magnetic surface helps prevent small metal parts from rolling away or getting lost while you work, and the flexible construction allows the mat to conform to curved or uneven surfaces. Its waterproof, scratch-resistant finish is easy to wipe clean after use.Overall, this magnetic tool mat is a practical organizational accessory for mechanics, DIY enthusiasts, and anyone who regularly works with small metal parts, helping keep tools within reach and reducing the chance of misplaced hardware.(Photo has pen to show scale.)",20260728,magnet_strength; size_capacity; surface_protection; pickup_tool,,,,0
B0H87DHF7J,B0H87DHF7J,https://www.amazon.com/dp/B0H87DHF7J,5.0,Great for any tool kit,"This magnetic tool mat is a really useful addition to my garage. I already use magnetic bowls to keep track of screws and small hardware, and this complements them perfectly by giving me a convenient place to keep my tools within easy reach while I‘m working on my vehicles.The magnet is strong enough to securely hold tools in place, so I don‘t have to worry about accidentally knocking them off while I‘m working. At the same time, it isn‘t so strong that it‘s difficult to grab a tool when I need it. It strikes a nice balance between holding power and ease of use.Overall, it‘s well made, practical, and has made working on projects a little more organized and convenient.",20260728,magnet_strength; size_capacity,,,,0
B0H87DHF7J,B0H87DHF7J,https://www.amazon.com/dp/B0H87DHF7J,5.0,Handy and strong magnets for any project,"Handy, strong magnetic grab.I can see this being useful for any project with lots of parts and tools like car work, or disassembly.I‘ll have to be very careful with my credit cards and electronics.Very happy with the purchase, I‘ll get more if this works out.",20260728,magnet_strength,,,,0
B0H87DHF7J,B0H87DHF7J,https://www.amazon.com/dp/B0H87DHF7J,5.0,Great,"! The magnetic mat has a strong grip and keeps tools and small metal parts securely in place. It’s flexible, well-made, and perfect for working on cars or in the garage. Definitely a great addition to any toolbox!",20260727,size_capacity; durability,,,,0
B0H87DHF7J,B0H87DHF7J,https://www.amazon.com/dp/B0H87DHF7J,2.0,I would weigh other options first,Concept great but like products of similar type they just don‘t hold up to the heavier tasks. It will hold a box wrent to a certain size 5/8 maybe 3/4 anything heavier or round like a socket will easily slide or roll off if you move it. Might be ok for certain hardware situations but stick with the bowls with the sides to be safe. It would hold several screws nails but if you want to heavy it tool weight I would wait to weigh my other option else where. I actually have a magent wrist band that I think would hole more weight. Unless mine was defective.... Don‘t try the vertical challenge over your head or toes though.,20260726,magnet_strength; size_capacity,,,,0
B0H87DHF7J,B0H87DHF7J,https://www.amazon.com/dp/B0H87DHF7J,5.0,"Good strong magnet, no 45 pound olympic weight plate strong, but strong enough.","This foldable magnetic tool mat, has good magnetic strength. It held up well on the side of my old pick up truck, with a number of tools attached to it, and did not drop a tool or fall off of the truck. I do like the fact it folds in half making it easier to store and transport. The exterior material appears to be non-scratch, however, it‘s a good idea to check before each usage to ensure nothing sharp or scratchy is attached before you put it on anything with a nice paint job that you are concerned about. This held up well to multiple tools and tool types. Some items I had to set toward the end and hanging off because the handle was too big and there wasn‘t enough surface area for the tool to stick to. Great little mat to help free up a hand and keep the things you need near while working. This pad is also great for crafters to place crafting tools in arms reach in an order that makes sense for the craft you are working on.",20260726,magnet_strength; surface_protection,,,,0
B0H87DHF7J,B0H87DHF7J,https://www.amazon.com/dp/B0H87DHF7J,4.0,Handy Magnetic Tool Mat for DIYers and Mechanics,"I picked up this foldable magnetic tool mat because we have several do-it-yourselfers and mechanics in our family. When you‘re working on a vehicle or tackling a repair project, it‘s incredibly convenient to have your tools and small parts close at hand instead of constantly reaching for them.The magnetic feature is what really sets this apart. It helps keep the mat securely in place, so if it gets bumped or you‘re working in a tight space, you don‘t have to worry about it sliding around or your tools crashing to the ground.I also appreciate the compact design. It‘s small enough to fit comfortably in work areas where space is limited, yet it provides just the right amount of room for the tools and hardware you‘re actively using. I included a photo with my hand on the mat to give a better sense of its size and usable workspace.The mat itself is well made, with a thick, padded construction and strong magnets that hold securely. When you‘re finished, it folds up for easy storage until your next project.Overall, this is a practical, well-built accessory that‘s great to have around the house. It would also make an excellent gift for anyone who enjoys working on cars, home repairs, or other DIY projects. My only hesitation is the price. While it‘s a good product and the quality is solid, I‘m not entirely convinced the price is fully justified for what you receive. If it were priced a little lower, I would consider it an even stronger value.",20260725,magnet_strength; size_capacity; price_value; durability,,,,0
B0H87DHF7J,B0H87DHF7J,https://www.amazon.com/dp/B0H87DHF7J,5.0,Handy accessory,"I have used a magnetic tray before to keep tools organized and small metal tools/parts from getting lost easily during a project.  However, this mat, being magnetic on both sides,  is really more helpful.  It can‘t be bumped and moved easily like a tray can.  Pretty satisfied with the hold.  If you have something with a really thick handle containing a lot of plastic, there isn‘t going to be enough metal for secure attraction.  I also noticed the picture with the wrenches dangling upside down.  I would not trust these to not fall.  They‘ll hang, but can still easily drop away.  But when laying tools flat, it is very effective.  Handy accessory to put with the tool box.",20260725,magnet_strength; size_capacity,,,,0
B0H87DHF7J,B0H87DHF7J,https://www.amazon.com/dp/B0H87DHF7J,5.0,"Well Constructed, Strong Magnet and Super Handy","This magnetic mat is so handy for staying organized while working on projects like putting furniture together. It’s well constructed, and the magnet is super strong, holding quite a few tools at once so everything stays within reach while I work. No more losing track of small parts or hunting for the right wrench mid project. It’s become one of those little tools that makes a big difference in keeping things tidy and efficient. Highly recommend for anyone who tackles DIY projects or repairs regularly.",20260725,magnet_strength; size_capacity,,,,0
B0H87DHF7J,B0H87DHF7J,https://www.amazon.com/dp/B0H87DHF7J,5.0,"Strong magnets, durable mat","Well packaged and well made. Durable and works really well with almost any tool. The magnets it uses are very strong and holds everything I‘ve used with it. I don‘t know if it would hold a 40 pound weight, but for what I have tried, it gets the job done. Use it in the garage to hold my tools. Nice looking and super simple to put up when not in use, as it folds up, taking less space. Really like this product for any handy work being done.",20260724,magnet_strength; durability,,,,0
B0H87DHF7J,B0H87DHF7J,https://www.amazon.com/dp/B0H87DHF7J,5.0,Great size for small jobs,"This mat is perfect for small jobs. You can keep nuts, bolts, nails, and small tools in one place while you are working on a project. Its magnetism holds everything securely and the hold is strong. The mat also folds up for easy storage. It is easy to wipe down because it is waterproof. It is heavy duty and does not scratch. The mat is thick and sturdy, because it is foldable it is also very portable. I highly recommend it and the price is very good.",20260722,magnet_strength; size_capacity; price_value; durability; surface_protection,,,,0
B0H87DHF7J,B0H87DHF7J,https://www.amazon.com/dp/B0H87DHF7J,5.0,Love this sturdy magnetic mat!,"Sticks firmly to all metal surfaces with absolutely zero slipping during use. All my sockets, bolts and small tools stay securely held without sliding around. The only minor shifting occurs solely when I pull the mat off the metal bench or car frame. It stops tiny hardware from rolling away and getting lost. Essential and super practical for everyone who works on car repairs and mechanical jobs.",20260719,size_capacity; durability; surface_protection,,,,0
B0GX5HLSF1,B0GX5HLSF1,https://www.amazon.com/dp/B0GX5HLSF1,5.0,Awesome gift,"Awesome gift,  definitely very strong and useful",20260729,,,,Color=Red,0
B0GX5HLSF1,B0GX5HLSF1,https://www.amazon.com/dp/B0GX5HLSF1,5.0,"Simple idea done well, keeps small parts in place","I‘m constantly working on my vehicles or taking apart small electronics with tiny screws, and this magnetic mat set has been a really nice change from how I used to keep track of parts.I‘ve used it outside on the ground during brake jobs, where the bolts used to roll away or get kicked around, and it just holds everything in one spot. I‘ve also used it inside for smaller jobs, like when I was rekeying some locks and had to take the pins apart and little screws out. I set the mat down, and everything stayed exactly where I placed it instead of scattering across the table.It comes with a few different sizes, so you can match the mat to whatever you‘re working on. The mats themselves feel solid, and the magnet pull is noticeably strong. I‘ve tried magnetic bowls before, and they kind of work, but a regular bowl always ends up getting kicked over eventually. This works a lot better than either one.It‘s a simple idea, but it‘s executed well. If you do any kind of mechanic work or take apart small electronics with a bunch of tiny parts, this is worth having around. I‘m really happy with it.",20260729,magnet_strength; size_capacity,,,Color=Red,0
B0GX5HLSF1,B0GX5HLSF1,https://www.amazon.com/dp/B0GX5HLSF1,5.0,Magnetic magnets are strong,Yes it worked better then expected. Excellent gift for someone or for yourself.,20260717,,,,Color=Red,0
B0GX5HLSF1,B0GX5HLSF1,https://www.amazon.com/dp/B0GX5HLSF1,5.0,Works great,These work great.  We even tossed the tool up to see if that worked and it did.,20260716,,,,Color=Red,0
B0GX5HLSF1,B0GX5HLSF1,https://www.amazon.com/dp/B0GX5HLSF1,5.0,Great product,Work awesome.  Don‘t overload with tools or they can come off when getting a tool.,20260715,,,,Color=Red,0
B0GX5HLSF1,B0GX5HLSF1,https://www.amazon.com/dp/B0GX5HLSF1,5.0,Magnetic mats that keep small parts under control,"These magnetic tool mats are great for keeping screws, bolts, washers, and small tools from rolling away while working. I used one during a vacuum repair and another while taking apart a small tool, and it was nice not having to search the floor for tiny screws. The magnetic hold is strong enough for normal metal hardware and makes the work area feel more organized.The different sizes are useful because not every job needs a large mat. The smaller ones are good for quick repairs, while the larger mat gives more room for parts and tools. I also like that they are flexible, so they can sit on curved or uneven surfaces better than a hard tray.The red color makes it easy to spot on a bench or garage shelf. These are useful for automotive work, appliance repair, RC projects, electronics, tools, and anything with small metal parts. They save time and prevent a lot of frustration.",20260714,magnet_strength; size_capacity; surface_protection,,,Color=Red,0
B0GX5HLSF1,B0GX5HLSF1,https://www.amazon.com/dp/B0GX5HLSF1,4.0,Stronger Than Typical Magnetic Tool Mats,"This Tzuoen Magnetic Tool Mat Set has been part of my garage setup for several projects, mostly for keeping fasteners and small tools from wandering around the workbench. The magnetic hold is noticeably stronger than the flexible magnetic sheets used on most tool mats. Instead of relying on a single ceramic magnetic layer, these use individual neodymium disc magnets arranged in a grid, which gives them a much stronger grip on steel surfaces.The flexibility makes them easy to wrap around curved surfaces, and screws, sockets, and small hand tools stay put even when the mat is mounted vertically. That extra holding power is what sets these apart from most magnetic mats I have used.The stitching is generally well done, although the exposed edge stitching is not especially attractive. It is purely cosmetic and has not affected performance, but it does make the mats feel more like shop consumables than premium lifetime tools if they see frequent use.These are a good choice for mechanics, fabricators, or anyone who regularly works with small metal parts. If appearance matters, the finish is fairly basic, but if your priority is magnetic strength, these outperform the typical flexible magnetic mats by a noticeable margin.",20260711,magnet_strength; size_capacity; durability; surface_protection,,,Color=Red,0
B0GX5HLSF1,B0GX5HLSF1,https://www.amazon.com/dp/B0GX5HLSF1,5.0,Soft and secure.,The pads hold bolts wrenches or any other types of hand tools securely in place without having to worry about damaging the paint on your vehicle. The different size pads are great for different projects you have. I have used them on several different jobs now and would highly recommend a set.,20260711,magnet_strength; size_capacity; surface_protection,,,Color=Red,0
B0GX5HLSF1,B0GX5HLSF1,https://www.amazon.com/dp/B0GX5HLSF1,5.0,Great product! Auto Tech‘s best friend,"This review is for the: Tzuoen Magnetic Tool Mat Set,40LB Flexible Magnetic Mat, 4 Size…These magnetic mats combined with magnetic parts trays make for an unbeatable combo when working on cars. The magnetic power of these mats is impressive. They easily hold wrenches sockets, ratchets, etc. firmly - no problem. The fact they are a flexible mat allows them to conform to irregularities and still hold tightly. The red and black makes them stand out for visibility, tools attached are easily spotted. The build quality of these is superb. I wish I had these years ago! Recommend.",20260703,magnet_strength; size_capacity; durability,,,Color=Red,0
B0GX5HLSF1,B0GX5HLSF1,https://www.amazon.com/dp/B0GX5HLSF1,4.0,A Budget-Friendly Alternative That Gets the Job Done,"These magnetic tool mats are a great value if you‘re looking for an affordable way to keep small metal parts organized while working. They perform the same basic function as much more expensive name-brand versions without costing nearly as much.The main difference I noticed is the material. These mats are noticeably thinner and lighter than premium alternatives, so they do not have quite the same heavy-duty feel. However, that does not seem to affect their performance in any meaningful way.The magnetic strength is surprisingly good. They have plenty of magnets throughout the mats, and they hold screws, bolts, nuts, sockets, and other small metal parts just as securely as the more expensive versions I‘ve used. They also stay in place well on metal surfaces and are flexible enough to fit into a variety of workspaces.Considering the price, I think these are an excellent value. While they may not have the premium construction of higher-end brands, they are functionally very similar and accomplish the same task just as effectively.",20260630,magnet_strength; size_capacity; price_value; surface_protection; pickup_tool,,,Color=Red,0
B0GX5HLSF1,B0GX5HLSF1,https://www.amazon.com/dp/B0GX5HLSF1,5.0,Exactly what i needed in my toolbox,I spend a lot of time working under the hood of my Ford Escape doing performance tuning and maintenance so losing track of small bolts and sockets has always been a massive frustration for me. I finally decided to grab this set of flexible magnetic tool pads to help keep my workspace organized and I am genuinely impressed with the overall quality right out of the package. The material feels incredibly durable and bends easily to lay flat across the curved fenders or rest directly on top of the engine block without sliding off. Having four different sizes in the set is an absolute game changer because I can use the smaller ones for holding interior trim screws and the larger ones for keeping all my heavy wrenches right where I need them while leaning over the engine bay.The actual performance of these mats has completely transformed how I handle my weekend garage projects. The magnetic strength is absolutely unbelievable and easily lives up to the forty pound rating advertised. I can toss heavy ratchets and large sockets onto the pad and they snap into place instantly without rolling away or dropping down into the dark corners of the engine bay. It gives me so much peace of mind knowing I will not have to spend an extra hour fishing a dropped bolt out from under the car with a flashlight. If you do your own automotive maintenance or just need a reliable way to keep your metal parts organized I highly recommend adding these flexible mats to your tool collection.,20260630,magnet_strength; size_capacity; durability; pickup_tool,,,Color=Red,0
B0GX5HLSF1,B0GX5HLSF1,https://www.amazon.com/dp/B0GX5HLSF1,5.0,Organization,Great for keeping bolts and small tools organized and close at hand,20260629,size_capacity,,,Color=Red,0
B0GX5HLSF1,B0GX5HLSF1,https://www.amazon.com/dp/B0GX5HLSF1,5.0,"Strong, Flexible, Easy to Clean","I spend a fair amount of time working on cars and the problem of keeping nuts, bolts, and sockets from rolling around the engine bay or off a fender is a constant annoyance.  This set of magnetic mats has become a regular part of my setup.  The four-piece set covers a useful size range.  The small mat is great for keeping the specific fasteners from whatever I just removed organized in one spot.  The extra-large mat works well across a fender or laid flat in a trunk.  All four mats hold up to curved and uneven surfaces without gaps or air pockets, which is important for engine bays where nothing is flat.The magnetic hold is rated at 40 lbs and I believe it.  Sockets, wrenches, and even extension bars cling to the surface without sliding, including when the mat is vertical.  That is the part that sold me.  Being able to stick a mat to the side of the toolbox and have my most-used sockets for a particular job right there at eye level is a genuine workflow improvement.  Pro tip:  These are awesome when assembling furniture or other items where you have the blister pack of nuts, bolts, and washers.  Opening the pack and arranging them on the mat makes them easy to find and they stay in place until you need to grab one.The PVC material wipes clean easily.  Oil, grease, and brake fluid all came off with a rag without any staining.  The edges on mine are trimmed cleanly with no fraying.  They‘re thick, heavy, and appear to be extremely durable even in a garage environment. The mats are flexible enough to drape over curved body panels without lifting at the corners.A useful set for anyone doing regular mechanical or workshop work with small parts.",20260621,magnet_strength; size_capacity; durability; surface_protection; pickup_tool,,,Color=Red,0
B0GX5HLSF1,B0GX5HLSF1,https://www.amazon.com/dp/B0GX5HLSF1,5.0,Great for holding whatever you can think of without thinking twice,"These are awesome. if you can find space on the mat, itll hold it. i filled it up with whatever heavy stuff i could find and it held it all and never slipped down or anything. installed at a 90 degree angle on my toolbox lid and it never moved so even better on a fender or something like that. nice to set tools down where you need them where they cant get covered up by other things. These also work great for holding hardware as you disassemble or reassemble. Made great with clean stitching. made very durable with many circle magnets in the mat. no issues and i love the variety of sizes.",20260620,magnet_strength; size_capacity; durability,,,Color=Red,0
B0GX5HLSF1,B0GX5HLSF1,https://www.amazon.com/dp/B0GX5HLSF1,5.0,Good dwal,My husband loves these and the Magnet is very powerful definitely worth it bc hes always losing tools,20260616,,,,Color=Red,0
B0GX5HLSF1,B0GX5HLSF1,https://www.amazon.com/dp/B0GX5HLSF1,5.0,SUPER STRONG,"These magnetic tool mats boast an impressive holding force of up to 40 pounds, making them incredibly versatile whether you attach them vertically, horizontally, or even upside down. I’ve placed mine on the side of my garage refrigerator, and they cling so tightly that you really have to pry them off. They securely hold tools like screwdrivers, wrenches, and bolts on any ferrous surface, remaining steadfast even when tilted or subjected to vibrations during repairs. The larger pads are perfect for heavier items weighing up to a pound, while the durable material ensures they remain free from imperfections during use. Plus, they are liquid-proof and can be easily cleaned with a simple wipe. I’m really pleased with these magnetic pads.",20260616,magnet_strength; size_capacity; durability; surface_protection,,,Color=Red,0
B0GX5HLSF1,B0GX5HLSF1,https://www.amazon.com/dp/B0GX5HLSF1,5.0,High-Tension Magnetic Retention and Scratch-Proof Surface Engineering for Automotive Maintenance,"If you have ever spent an hour crawling around your garage floor hunting for a dropped M6 bolt or a stray socket, you know that keeping track of small metal hardware is the biggest hidden frustration in any DIY mechanical project. Finding a workspace organizer that provides rock-solid retention while remaining flexible enough to conform to curved fenders or engine bays is a constant challenge. This Sunex SXMAGMAT Flexible Magnetic Mat provides a phenomenal, trade-grade solution, instantly turning any metal surface into a high-security storage zone for your most critical fasteners and hand tools.The structural architecture and material quality of this mat are top-tier. Built with industrial-grade, high-power magnets embedded in a soft, non-marring PVC exterior, the mat provides an incredibly secure 40lb-level grip that prevents your tools from migrating or falling, even when the mat is mounted vertically or upside down on a car hood. The PVC surface is intentionally engineered to be oil, grease, and abrasion-resistant, meaning you can wipe it clean with a single swipe, and it won‘t scratch the clear coat of your vehicle’s body panels during a fender-side repair.What makes this organizer set a phenomenal asset for any workshop is its true flexibility. It conforms perfectly to irregular, convex, or concave surfaces, ensuring your nuts, bolts, and wrenches stay exactly where you place them rather than sliding off or getting lost in the engine bay. It is a tough, beautifully engineered, and highly practical maintenance accessory that drastically reduces lost-part downtime and keeps your primary hand tools within arm‘s reach at all times. Whether you are a professional technician or a dedicated DIYer, this mat is a reliable, high-performance foundation for your workspace.",20260616,size_capacity; durability; surface_protection; pickup_tool,,,Color=Red,0
B0GX5HLSF1,B0GX5HLSF1,https://www.amazon.com/dp/B0GX5HLSF1,5.0,Heavy Duty,"I am happy with this magnetic tool mat set. As someone who spends a lot of time working on projects and managing household repairs, keeping track of loose hardware has always been a major hassle.This comes as a convenient 4-pack featuring four different sized pads. The material is thick, flexible, and feels exceptionally heavy-duty, meaning it can easily handle the wear and tear of a busy workspace without scratching up your tools or the surfaces you place them on.The standout feature of this set is definitely the strong magnets built into the mats. These pads have a serious, rock-solid grip that holds onto everything from tiny screws and washers to heavy wrenches and sockets. You can even stick the flexible mats onto curved surfaces, like a car fender or a machine body, and the tools stay completely locked in place without sliding off.Having the variety of four distinct sizes in the pack makes it incredibly versatile for everything from quick, small tasks to teardowns that involve dozens of bolts. It has completely eliminated the frustration of rolling parts and misplaced components. If you are looking for a rugged, reliable organization solution for your workshop or garage, this set is worth every penny. Five stars!",20260615,magnet_strength; size_capacity; durability; surface_protection; pickup_tool,,,Color=Red,0
B0GX5HLSF1,B0GX5HLSF1,https://www.amazon.com/dp/B0GX5HLSF1,5.0,Strong hold and keeps parts from disappearing.,"I like these, they’re really strong. The magnets actually hold screws, bolts, and small parts in place without them sliding around or falling off, even when the mat gets bumped a bit. That alone saves a lot of frustration during projects where things usually end up rolling under the workbench. The different sizes are useful depending on the job, and the flexibility makes them easy to stick on uneven surfaces or just lay out flat on a cart or table. It keeps everything organized so you’re not wasting time hunting for missing hardware. Simple tool, but it makes a big difference when working on anything mechanical.",20260615,magnet_strength; size_capacity; surface_protection; pickup_tool,,,Color=Red,0
B0GX5HLSF1,B0GX5HLSF1,https://www.amazon.com/dp/B0GX5HLSF1,5.0,"Well made, thick material, strong magnets","These magnetic pads function exactly as described, providing substantial magnetic strength to not only magnetize to metal surface on one side but also hold other metal objects, especially tools on the other side.  They feel very well constructed with thick material and shouldn‘t rip or tear easily.  Primary use would be inside of tool box drawers to keep sockets, wrenches or small bolts and fasteners from shifting around when opening and closing these drawers.  Additional uses could be while working on vehicles placing these magnetic pads in tool carts to organize and hold tools or parts while preventing loss.  Plus they are they are the perfect color (black) in case they are subjected to oil, dirt or grease but still are easily cleaned.  I would probably take extra care having these magnet pads in the vicinity of metal cutting or welding as they could attract such metal particles, fine dust and even metal shards to an extend it may be a nusance to have to remove them carefully either with a moist, clean rag or another magnet.  Ultimately, I can see a lot idealic uses for them in staying organized.",20260615,magnet_strength; size_capacity; durability; surface_protection; pickup_tool,,,Color=Red,0
B0GX5HLSF1,B0GX5HLSF1,https://www.amazon.com/dp/B0GX5HLSF1,5.0,Upgrade for your garage or workbench.,"It turns any surface into an instant, secure holding area for tools and SCREWS/BOLTS. Say goodbye to knocking magnetic bowls off the engine bay or dropping and losing those vital little nuts and bolts. The magnetic pull is just enough to hold your small to medium tools with easy of also removing it from the mat.Whether you’re working on an engine bay, a DIY project, or delicate electronics, this magnetic tool mat is an absolute game-changer. Keeps my immediate tools within arm‘s reach.I wouldn’t put in on a painted car surface, though. It can collect particles on the opposite side that can create micro scratches to your paint.",20260614,magnet_strength; size_capacity; surface_protection,,,Color=Red,0
B0GX5HLSF1,B0GX5HLSF1,https://www.amazon.com/dp/B0GX5HLSF1,5.0,handy mats for the garage,"If you are tired of your screws, bolts, and wrenches constantly rolling away while working in the garage, these magnetic tool mats are a great solution. They have a strong magnetic hold that means your heavy-duty hand tools stay exactly where you place them—even if you have the mat propped up at an angle. I‘ve tested it at 90 degrees, but it would even work upside down!  Because they‘re completely flexible, you can drape them right over curved fenders or tight corners in your engine bay without them slipping off. Plus, the PVC surface is totally scratch-resistant and oil-proof, so you can easily wipe away grease and grime when you‘re finished with your project. Recommended!",20260613,magnet_strength; surface_protection,,,Color=Red,0
B0GX5HLSF1,B0GX5HLSF1,https://www.amazon.com/dp/B0GX5HLSF1,4.0,Magnets work great!,"Magnetic mats seem to be the craze of 2025 and after using one I get it! This thing is a beast. The large one is more than capable of holding up a 25lb barbell plate to my fridge. It could probably do 40 but I really don‘t feel like lugging a 45lb plate out of my gym to test it! I really don‘t think it‘s exaggerating when it says 40lb capacity. These things are absolutely fantasic for putting on your toolbox or on a car while you‘re working. It‘s just so useful to have a magnetic surface at a moments notice. What‘s great about these vs something like magnet trays is that they‘re 100% non-marring. They have a fake leather outer cover.This set comes with 4 magnet mats total even the smallest mat is capable of holding up a shovel! I took some pictures to compare it to the brand that‘s made these things really popular lately. The quality is similar, although the synthetic leather on the name brand is quite a bit softer and smoother.So price is the worst part about this particular set. Right now you can get 3 of the name‘s full size mats for the exact same price as this set. Personally I‘d rather have 3 full size mats than a single full size mat and 3 smaller mats. The mats work great, they‘re just a bit overpriced.",20260612,magnet_strength; size_capacity; price_value; durability; surface_protection,,,Color=Red,0
B0GX5HLSF1,B0GX5HLSF1,https://www.amazon.com/dp/B0GX5HLSF1,5.0,"Powerful magnet, scratch protection","These magnets are so usefull and actually have a strong hold. The matts have strong magnets woven together inside a well stitched fabric that makes it so I can put it on anything magnetic or metal without worrying about scratching or marking the surface. This makes it a very reliable tool to have when working on my car. I‘m also able to keep my sockets much more organized and accessible, as the matt holds them secure and in place in my service truck cabinet. Its a great value, the set comes with 4 different matts all different sizes for small or big projects and everything in between. And the best part is no tools required, just slap it on to some metal or toss some tools on it and you‘re ready to go. Definitely a gift any handyman or mechanic or just a regular diy specialist homeowner would love",20260612,magnet_strength; size_capacity; price_value; surface_protection,,,Color=Red,0
B0GX5HLSF1,B0GX5HLSF1,https://www.amazon.com/dp/B0GX5HLSF1,5.0,A Must‑Have Shop Accessory,"As a mechanic who spends most days bouncing between electrical diagnostics, suspension work, and engine tear‑downs, I can say this magnetic tool mat set has earned a permanent spot in my workflow. The 40‑lb magnetic strength is no gimmick — these pads hold sockets, extensions, fasteners, and even heavier hand tools without sliding, even when I’m working on curved or vertical surfaces.The flexible PVC backing is a huge win. It conforms perfectly to fenders, core supports, and even the rounded edges of intake manifolds. Unlike hard trays, this mat doesn’t scratch paint or leave marks, and it stays put even when I’m leaning over the vehicle. I’ve used it on everything from aluminum hoods to steel lift arms, and it grips reliably every time.What really impressed me is how much time it saves. No more chasing 10mm sockets into the engine bay or losing track of fasteners during a timing cover job. The mat keeps everything organized exactly where I place it, and the high‑visibility surface makes it easy to spot small hardware like injector clips, valve cover bolts, and trim screws.Durability is solid — the material wipes clean easily, resists oil and brake cleaner, and doesn’t warp when exposed to heat in the shop. After several weeks of daily use, the magnets haven’t weakened and the surface hasn’t torn or delaminated.If you work on cars, motorcycles, small engines, or even do general shop work, this is one of those simple tools that immediately improves efficiency. It’s flexible, strong, and thoughtfully designed for real mechanics, not just hobby use. Absolutely worth the 5 stars.",20260612,magnet_strength; size_capacity; durability; surface_protection; pickup_tool,,,Color=Red,0
B0GX5HLSF1,B0GX5HLSF1,https://www.amazon.com/dp/B0GX5HLSF1,5.0,"Strong hold, zero lost parts—keep every screw and bolt exactly where you need it","I’m very satisfied with this magnetic tool mat set. Having four different sizes is really convenient because I can use them for different types of jobs, from small repairs to larger mechanical work. The magnets are strong enough to securely hold screws, bolts, nuts, and other small metal parts without them sliding around or getting lost.The flexible design makes the mats easy to place on different surfaces like toolboxes, carts, or even directly on a vehicle while working. They stay in place well and keep parts organized, which saves a lot of time during disassembly and reassembly.I also like that the material feels durable and easy to clean. Oil, grease, and grime don’t seem to affect them much, and they wipe down easily after use. This makes them practical for both garage and professional use.Overall, this is a very useful set for anyone who works on cars, bikes, or DIY projects. It helps keep small parts organized and reduces the frustration of losing hardware during repairs.",20260612,magnet_strength; size_capacity; durability; surface_protection,,,Color=Red,0
B0GX5HLSF1,B0GX5HLSF1,https://www.amazon.com/dp/B0GX5HLSF1,5.0,Very strong magnetic and rugged,"This Flexible Magnetic 🧲 Tool Mat Set that can hold up to 40lbs is no joke ! There are four different size magnetic mats that are extremely strong and well-made. For a professional or home garage/shop, this tool accessory is overbuilt and I like how there are different sizes for different use. I feel this is a great price and very useful if you grab a group of wrenches or sockets working on a vehicle, you can just toss them on one of these mats and they stay right there.If I had to change/add one thing to make it more convenient, I would’ve put two eyelets in each one of the mats, allowing it to be mounted on a wall.",20260612,magnet_strength; size_capacity; price_value,,,Color=Red,0
B0GX5HLSF1,B0GX5HLSF1,https://www.amazon.com/dp/B0GX5HLSF1,5.0,I like these,"I am very happy with these mats. For me, keeping my sockets from rolling away makes them worth their weight in gold. Being able to keep the few sockets I need for a job handy is great. These also work well for small parts that may be too big for a parts tray but still prone to roll off. I find these to be very useful. They are well made with clean stitching and the material is soft enough it should not scratch or mar surfaces you stick them too. Then you stick them all together and then stick them too the side off your tool box and they are out of the way but easily accessible when need them again.",20260607,size_capacity; surface_protection,,,Color=Red,0
B0GX5HLSF1,B0GX5HLSF1,https://www.amazon.com/dp/B0GX5HLSF1,4.0,Strong Magnetic Tool Mats,"The magnetic tool mats are handy so tools and hardware don‘t accidentally fall off and get lost. It also is useful when working under a car to keep things in one place and not accidentally rollover or kick hardware. There are 4 different sized mats. They have strong magnets, but the downside is that you go to pick up one tool or one bolt and you pick up the entire mat. You then need two hands to remove. The quality of stitching and material was a little lacking. Overall I found the larger mat to be the most useful, but the price for the set is high.",20260605,magnet_strength; size_capacity; price_value; durability,,,Color=Red,0
B0GX5HLSF1,B0GX5HLSF1,https://www.amazon.com/dp/B0GX5HLSF1,5.0,Extremely useful and handy!,"I ordered this product titled [Magnetic Tool Mat Set,40LB Flexible Magnetic Mat,4 Different Size Magnetic Tool Pads for Organizing Mechanic Wrench Screw Bolts Nuts and Other Small Metal Parts] and couldn’t be happier with it.These magnetic mats are made of high quality materials and constructed very well.  I could not find any defects.The magnet strength is surprising, holding even a large pair of lineman pliers to the side of my toolbox with no problem.I’ve only had these mats a few days and I’ve already used them several times. They are perfect to place below your working area to catch and hold dropped screws and keep your project together. The versatility is what I like.They are easy to use and I store them stuck to the side of my toolbox, so storage isn’t a problem.I think four mats of different sizes for just under $60 is an excellent value.I am extremely satisfied with these flexible magnetic mats.",20260601,magnet_strength; size_capacity; price_value; durability,,,Color=Red,0
B0GX5HLSF1,B0GX5HLSF1,https://www.amazon.com/dp/B0GX5HLSF1,5.0,"Hold tools (and hardware) fast, strong and well","These magnetic tool mats are great.  They hold metal so securely that it is almost difficult to pry the tools (or hardware) off... almost.  To test them, I arranged several various tools in my tool chest and tried to slide it open and closed many times.  The tools did not budge.  Even the tools with coated handles (as seen in the picture) stayed firm because they were held by the metal part.The pads are made well, and I don‘t think they‘ll come apart any time soon.  They can be arranged nicely for different sizes or shapes of tools.  I‘m trying to think of a way to hang them on the wall, but they‘re fine in the drawer.  They are a little expensive for my needs, but not so much that I would deduct a star.",20260528,magnet_strength; size_capacity; price_value; pickup_tool,,,Color=Red,0
B0GX5HLSF1,B0GX5HLSF1,https://www.amazon.com/dp/B0GX5HLSF1,5.0,"Nothing, and I mean absolutely NOTHING is going to accidentally fall off of these mats.","This set of magnetic tool mats is the handiest item I think I‘ve used in quite some time. I have the traditional magnetic parts bowls that we all have in our shops. These bowls are good for small parts like nuts and bolts but as far as tools go they‘re basically useless. This set of mats is great in terms of keeping tools in place while you‘re working on a vehicle or just to store things on the side of your toolbox. I can‘t tell you how many times I‘ve laid a socket down or a screwdriver and then accidentally hit it and it winds up down in the engine somewhere, never to be seen again. Just had it happen with an 8 mm 1/4“ drive deep socket that I was using that accidentally got knocked down into the top of my powerstroke engine. I‘m still searching for it lol. Had I had a set of these mats I would still have my socket. To start with, the material used is unbelievably heavy and durable. It‘s a leather type PVC material that is stain resistant and easily wiped off should you spill something like oil or grease on it. The material is soft enough that you could put these mats on a painted finish and not worry about damaging the surface. The magnets that are used are super strong. They‘re rated at 40 lb of pull in terms of holding tools. When I say nothing is coming off of these things I mean NOTHING is accidentally falling off or pulling off. The magnets are that strong. The smaller mats are good for small parts or small tools like the socket that I lost. Of course the larger mats are great for big heavy tools like large wrenches or large screwdrivers. Just for some reference in terms of size, I placed a pair of reading glasses at the top of each mat in the photos I posted so as to give you an idea of the actual size of each mat that comes in the kit. There‘s enough surface area on these mats to hold an entire set of SAE and metric wrenches on the side of a toolbox. Economically speaking that would be much cheaper than having to buy an intermediate box for your toolbox to hold that same wrench set. Plus, you can‘t take the intermediate box out with you to a vehicle to work out of whereas you could definitely pull these mats off the side of your toolbox and bring them out to your vehicle to hold everything while you working. They‘re just an all-around great product and a great idea. In fact, they‘re so inexpensive that it pays to have a second set if you‘ve got the room. This four piece flexible magnetic tool mat set definitely gets two thumbs up and will be in my shop 👍👍!",20260528,magnet_strength; size_capacity; price_value; durability; surface_protection; pickup_tool,,,Color=Red,0
B0GX5HLSF1,B0GX5HLSF1,https://www.amazon.com/dp/B0GX5HLSF1,3.0,Lots of Magnets | Ok Quality | Consumer Grade,"The magnetic mat set has plenty of magnets to hold tools, fasteners, etc. The PVC surface is a little softer than expected, but is flexible as advertised. I just don‘t know how long the soft surface will last. I would consider this a consumer grade product for a home mechanic or DIY person. For $59.99, this item is overpriced and not a great value. I think $19.99 would be a fair price and good value for this item. The edge trim is a little sloppy and not what you would expect for the price. Took off two stars due to value, questionable longevity, and quality.",20260527,magnet_strength; price_value; durability; surface_protection,,,Color=Red,0
