source_asin,source,listing_url,product_type,relevance_score,competitor_type,product_form,material,material_evidence,detail_material,detail_evidence,pack_count,closure,style,use_case,feature_tags,asin,parent_asin,title,brand,price,monthly_sales,reviews,rating,seller_address,is_fba,variation_count,listing_date,bsr_category,main_image_url,image_file,visual_product_form,visual_material_signal,visual_pack_count,visual_closure,visual_style,visual_notes
B0FXG8J58Q,seed,https://www.amazon.com/dp/B0FXG8J58Q,HOME ORGANIZERS AND STORAGE,100,seed,flexible magnetic tool mat set,PVC leather + embedded magnets,product title/description,PVC leather + embedded magnets,Sorftime MCP product detail,3,none,workshop utility,mechanic parts/tool retention,strong magnet; flexible; surface protection,B0FXG8J58Q,B0FXG9WKVM,TOOLEAGUE 3Pcs Magnetic Tool Mat with 25Lb Telescoping Magnetic Pickup Pen,TOOLEAGUE,46.99,981,153,4.6,TOOLEAGUE,True,2,2025-12-17,Tool Holsters (Rank: 4),https://m.media-amazon.com/images/I/81Pmff+ruQL.jpg,https://m.media-amazon.com/images/I/81Pmff+ruQL.jpg,flexible magnetic tool mat set,PVC leather + embedded magnets,3,none,workshop utility,0.0; 1628g
B0FXG8J58Q,same-form search,https://www.amazon.com/dp/B0CN1PC564,,88,direct,flexible magnetic tool mat set,PVC leather + embedded magnets,product title/description,PVC leather + embedded magnets,title,1,none,workshop utility,mechanic parts/tool retention,strong magnet; flexible; surface protection,B0CN1PC564,B0CN1WSP5Z,Magnetic Tool Mat Set Flexible Heavy Duty Non Slip Magnet Pad Auto Repair | Holds metallic parts & fasteners secure on curved surfaces. Anti-scratch rubberized backing protects mechanics work space.,Railer,23.99,357,164,4.6,US,True,0,2023-11-18,Tool Trays / 15709201 / 71 / 20260902,"https://images-na.ssl-images-amazon.com/images/I/616HxHtN0HL._AC_UL600_SR600,400_.jpg","https://images-na.ssl-images-amazon.com/images/I/616HxHtN0HL._AC_UL600_SR600,400_.jpg",flexible magnetic tool mat set,PVC leather + embedded magnets,1,none,workshop utility,0.0; 91g
B0FXG8J58Q,same-form search,https://www.amazon.com/dp/B0H87DHF7J,,88,direct,flexible magnetic tool mat set,PVC leather + embedded magnets,product title/description,PVC leather + embedded magnets,title,1,none,workshop utility,mechanic parts/tool retention,strong magnet; flexible; surface protection,B0H87DHF7J,B0H87DHF7J,"Foldable Magnetic Tool Mat, Non-Slip Flexible Magnetic Pad with PVC | Scratchproof & Waterproof Surface, Holds Up To 44 Lbs Tools & Metal Parts, 11.02’’X9.25’’ For Garage, Workshop & Auto Repair",UpTool,18.99,221,24,4.6,HK,True,0,2026-07-12,Tool Holders / 401549011 / 26 / 20260831,"https://images-na.ssl-images-amazon.com/images/I/71dh5wx+bzL._AC_UL300_SR300,200_.jpg","https://images-na.ssl-images-amazon.com/images/I/71dh5wx+bzL._AC_UL300_SR300,200_.jpg",flexible magnetic tool mat set,PVC leather + embedded magnets,1,none,workshop utility,0.0; 739g
B0FXG8J58Q,same-form search,https://www.amazon.com/dp/B0GY9FP2H8,,88,direct,flexible magnetic tool mat set,PVC leather + embedded magnets,product title/description,PVC leather + embedded magnets,title,1,none,workshop utility,mechanic parts/tool retention,strong magnet; flexible; surface protection,B0GY9FP2H8,B0H3ZYHLZF,"Magnetic Tool Mat, 40 LBS Flexible Magnetic Mat, Magnetic Tool Holder",Reihazon,18.89,203,21,4.8,CN,True,0,2026-05-05,Tool Trays / 15709201 / 25 / 20260901,https://m.media-amazon.com/images/I/41kR2BTFoIL.jpg,https://m.media-amazon.com/images/I/41kR2BTFoIL.jpg,flexible magnetic tool mat set,PVC leather + embedded magnets,1,none,workshop utility,0.0; 1061g
B0FXG8J58Q,same-form search,https://www.amazon.com/dp/B0GX5HLSF1,,88,direct,flexible magnetic tool mat set,PVC leather + embedded magnets,product title/description,PVC leather + embedded magnets,title,4,none,workshop utility,mechanic parts/tool retention,strong magnet; flexible; surface protection,B0GX5HLSF1,B0H748G9P4,"Magnetic Tool Mat Set,40LB Flexible Magnetic Mat, 4 Size Magnetic Tool Pads",Tzuoen,29.99,192,44,4.5,CN,True,0,2026-05-20,Tool Holders / 401549011 / 36 / 20260901,https://m.media-amazon.com/images/I/71Ii1eP56cL.jpg,https://m.media-amazon.com/images/I/71Ii1eP56cL.jpg,flexible magnetic tool mat set,PVC leather + embedded magnets,4,none,workshop utility,0.0; 1488g
B0FXG8J58Q,same-form search,https://www.amazon.com/dp/B0GQZLVQ2D,,88,direct,flexible magnetic tool mat set,PVC leather + embedded magnets,product title/description,PVC leather + embedded magnets,title,1,none,workshop utility,mechanic parts/tool retention,strong magnet; flexible; surface protection,B0GQZLVQ2D,B0GQZVVC9J,"Magnetic Tool Mat&Holder,40 LBS Heavy Duty Magnetic Parts Holder with PVC Protection Layer,Flexible Magnetic Pads,Non-Slip Tool Organizer for Garage, Workshop & Auto Repair,12.6' x 9.76'",pvqKing,19.99,186,19,4.9,CN,True,0,2026-04-22,Tool Trays / 15709201 / 57 / 20260902,https://m.media-amazon.com/images/I/51SQRe6zRML.jpg,https://m.media-amazon.com/images/I/51SQRe6zRML.jpg,flexible magnetic tool mat set,PVC leather + embedded magnets,1,none,workshop utility,0.0; 1021g
B0FXG8J58Q,same-form search,https://www.amazon.com/dp/B0FZBKYDX9,,88,direct,flexible magnetic tool mat set,PVC leather + embedded magnets,product title/description,PVC leather + embedded magnets,title,2,none,workshop utility,mechanic parts/tool retention,strong magnet; flexible; surface protection,B0FZBKYDX9,B0H6RPHDJS,"GRENPRO Magnetic Tool Mat, 2-Pack, Telescoping Pickup Tool, Parts Organizer",GRENPRO,22.99,159,86,4.7,CN,True,0,2026-01-08,Garage & Shop Floor & Parking Mats / 15707811 / 77 / 20260901,https://m.media-amazon.com/images/I/71QJ8abgMRL.jpg,https://m.media-amazon.com/images/I/71QJ8abgMRL.jpg,flexible magnetic tool mat set,PVC leather + embedded magnets,2,none,workshop utility,0.0; 1184g
B0FXG8J58Q,same-form search,https://www.amazon.com/dp/B0FX3TBKLG,,88,direct,flexible magnetic tool mat set,PVC leather + embedded magnets,product title/description,PVC leather + embedded magnets,title,1,none,workshop utility,mechanic parts/tool retention,strong magnet; flexible; surface protection,B0FX3TBKLG,B0H2J1WB6Y,"Magnetic Tool Mat, 40 lbs Magnetic Tool Holder",deepredcoast,25.99,151,59,5.0,CN,True,0,2025-12-17,Tool Trays / 15709201 / 89 / 20260902,https://m.media-amazon.com/images/I/41ELTjdB5vL.jpg,https://m.media-amazon.com/images/I/41ELTjdB5vL.jpg,flexible magnetic tool mat set,PVC leather + embedded magnets,1,none,workshop utility,0.0; 1048g
B0FXG8J58Q,same-form search,https://www.amazon.com/dp/B0GHC496ZY,,88,direct,flexible magnetic tool mat set,PVC leather + embedded magnets,product title/description,PVC leather + embedded magnets,title,4,none,workshop utility,mechanic parts/tool retention,strong magnet; flexible; surface protection,B0GHC496ZY,B0GHC496ZY,"C&T Magnetic Tool Mat Set, 4 Sizes Magnetic Mats, 25LB Magnetic Pickup Tool",C&T,28.79,146,27,4.5,CN,True,0,2026-03-24,Tool Trays / 15709201 / 40 / 20260902,https://m.media-amazon.com/images/I/51RO9xlG8QL.jpg,https://m.media-amazon.com/images/I/51RO9xlG8QL.jpg,flexible magnetic tool mat set,PVC leather + embedded magnets,4,none,workshop utility,0.0; 1792g
B0FXG8J58Q,same-form search,https://www.amazon.com/dp/B0GV53CLK9,,88,direct,flexible magnetic tool mat set,PVC leather + embedded magnets,product title/description,PVC leather + embedded magnets,title,3,none,workshop utility,mechanic parts/tool retention,strong magnet; flexible; surface protection,B0GV53CLK9,B0H291D8YL,"Vnkesno 3 Pcs Flexible Magnetic Tool Mat, 40LB Strong Magnetic Mat for Tool",vnkesno,33.99,145,68,4.6,CN,True,0,2026-05-02,Tool Trays / 15709201 / 77 / 20260901,https://m.media-amazon.com/images/I/81V8qfCS6vL.jpg,https://m.media-amazon.com/images/I/81V8qfCS6vL.jpg,flexible magnetic tool mat set,PVC leather + embedded magnets,3,none,workshop utility,0.0; 1429g
B0FXG8J58Q,keyword search,https://www.amazon.com/dp/B07BC6T5XR,,35,keyword,rigid magnetic parts tray,mixed,title,mixed,title,1,none,workshop utility,mechanic parts/tool retention,magnetic organization,B07BC6T5XR,,HORUSDY Magnetic Tray | 3-Piece | Round Magnetic Parts Tray | 3 Inch 4 Inch 6 Inch Magnetic Tray for Mechanic‘s | Stainless Steel,HORUSDY,9.99,3197,2283,4.8,HORUSDY,False,0,,,,,rigid magnetic parts tray,mixed,1,none,workshop utility,
B0FXG8J58Q,keyword search,https://www.amazon.com/dp/B01HRCU3SW,,35,keyword,magnetic wristband,mixed,title,mixed,title,1,none,workshop utility,mechanic parts/tool retention,magnetic organization,B01HRCU3SW,,"RAK Magnetic Wristband for Tools - Premium Tool Belt for Holding Screws Nails with Powerful Magnets, Birthday Gifts for Men, Cool Gadgets Stuff Gifts for Dad, Husband, Grandpa, Handyman, Him",RAK,19.99,2163,21565,4.7,RAK Pro Tools,False,0,,,,,magnetic wristband,mixed,1,none,workshop utility,
B0FXG8J58Q,same-form search,https://www.amazon.com/dp/B0DCZ5X7RP,,35,keyword,magnetic tool holder/organizer,mixed,title,mixed,title,48,none,workshop utility,mechanic parts/tool retention,magnetic organization,B0DCZ5X7RP,B0DQ5JH21T,"DEHOYI 48 pcs Premium MAGNETIC Modular Wrench Organizer System- Wrench Rack with Metric&SAE Labels, Tool Storage Holder. Gift for mechanics (Black)",DEHOYI,22.99,2093,575,4.5,CN,True,0,2024-09-06,Tool Holders / 401549011 / 1 / 20260831,https://m.media-amazon.com/images/I/71I8blyW+dL.jpg,https://m.media-amazon.com/images/I/71I8blyW+dL.jpg,magnetic tool holder/organizer,mixed,48,none,workshop utility,0.0; 481g
B0FXG8J58Q,same-form search,https://www.amazon.com/dp/B0DHWMD745,,35,keyword,magnetic tool holder/organizer,mixed,title,mixed,title,3,none,workshop utility,mechanic parts/tool retention,magnetic organization,B0DHWMD745,B0GYXZPZ3B,"WORKPRO Magnetic Screwdriver and Wrench Organizer Set, 36-Slot Tool Holders | 3-Pack Aluminum Rails, Magnetic Force, Flexible High-Tension Tool Clips, For Tool Box Drawer & Wall-Mount Storage",WORKPRO,25.49,1886,831,4.7,US,True,0,2025-02-05,Tool Holders / 401549011 / 3 / 20260831,"https://images-na.ssl-images-amazon.com/images/I/81k6vADXOWL._AC_UL600_SR600,400_.jpg","https://images-na.ssl-images-amazon.com/images/I/81k6vADXOWL._AC_UL600_SR600,400_.jpg",magnetic tool holder/organizer,mixed,3,none,workshop utility,0.0; 912g
B0FXG8J58Q,keyword search,https://www.amazon.com/dp/B073RFKHD6,,35,keyword,electronics repair magnetic mat,mixed,title,mixed,title,1,none,workshop utility,mechanic parts/tool retention,magnetic organization,B073RFKHD6,,Kaisi S160 Soldering Mat Insulation Silicone Magnetic Repair Work Mat,Kaisi,12.89,1746,4906,4.8,Kaisi® Tools,False,0,,,,,electronics repair magnetic mat,mixed,1,none,workshop utility,
B0FXG8J58Q,keyword search,https://www.amazon.com/dp/B09YV4Z91B,,35,keyword,electronics repair magnetic mat,mixed,title,mixed,title,1,none,workshop utility,mechanic parts/tool retention,magnetic organization,B09YV4Z91B,,"PAFOWO Silicone Soldering Mat for Electronic Repair, 17.7 X 11.8 in",PAFOWO,9.99,1471,1567,4.7,PAFOWO,False,0,,,,,electronics repair magnetic mat,mixed,1,none,workshop utility,
B0FXG8J58Q,keyword search,https://www.amazon.com/dp/B0C2C28CVL,,35,keyword,magnetic pickup tool,mixed,title,mixed,title,1,none,workshop utility,mechanic parts/tool retention,magnetic organization,B0C2C28CVL,,"Telescoping Magnetic Pickup Tool Set, Inspection Mirror Telescoping, LED Flashlight, Cool Gadgets for Men, Stocking Stuffers, Gifts for Dad, Husband, Kids, Boyfriend, Magnet Stick(Red)",KOOPOOL,29.99,1443,3846,4.7,KOOPOOL US,False,0,,,,,magnetic pickup tool,mixed,1,none,workshop utility,
B0FXG8J58Q,same-form search,https://www.amazon.com/dp/B0D3TCVJPK,,35,keyword,magnetic tool holder/organizer,mixed,title,mixed,title,1,none,workshop utility,mechanic parts/tool retention,magnetic organization,B0D3TCVJPK,B0GV3X9ZBX,"Magnetic Socket Holder Organizer Set: 9-Piece Detachable 1/4, 3/8, 1/2 Socket Trays Socket Organizer for Tool Box Drawer Holds 120-Piece Standard Size Sockets for Automotive Garage(Blue Red Green)",SEDY,39.99,1412,265,4.4,CN,True,0,2024-08-15,Tool Trays / 15709201 / 13 / 20260902,https://m.media-amazon.com/images/I/51AwwkHVwnL.jpg,https://m.media-amazon.com/images/I/51AwwkHVwnL.jpg,magnetic tool holder/organizer,mixed,1,none,workshop utility,0.0; 2381g
B0FXG8J58Q,keyword search,https://www.amazon.com/dp/B0FR7PFBK8,,35,keyword,electronics repair magnetic mat,mixed,title,mixed,title,1,none,workshop utility,mechanic parts/tool retention,magnetic organization,B0FR7PFBK8,,"STREBITO Soldering Mat Large, Solder Mat 932°F Heat Resistant 21.7'x15.8’’",STREBITO,22.79,1276,756,4.8,Strebito shop,False,0,,,,,electronics repair magnetic mat,mixed,1,none,workshop utility,
B0FXG8J58Q,keyword search,https://www.amazon.com/dp/B0D8T21VSN,,35,keyword,electronics repair magnetic mat,mixed,title,mixed,title,1,none,workshop utility,mechanic parts/tool retention,magnetic organization,B0D8T21VSN,,"Premium Heat Resistant 932°F Magnetic Soldering Mat, 17.3’’ x 11.8’’ Electronics Repair Work Mat for Soldering, Electronics Computer Cellphone Repair, BGA Soldering Gun Iron Workbench Protection",HPFIX,15.99,1175,4615,4.7,U.S CAYEDA DIRECT,False,0,,,,,electronics repair magnetic mat,mixed,1,none,workshop utility,
B0FXG8J58Q,same-form search,https://www.amazon.com/dp/B0H3PVZRWH,,35,keyword,magnetic tool holder/organizer,mixed,title,mixed,title,1,none,workshop utility,mechanic parts/tool retention,magnetic organization,B0H3PVZRWH,B0F2N864VG,"WAENLIR WARDENIX 48 Tool Magnetic Modular Wrench Organizer Set - Tool Drawer Storage Rack with Metric & SAE Labels, Wrench Holder with Magnet, Gift for Men, DIYers&Mechanics Red and Blue",WAENLIR,19.99,851,174,4.2,CN,True,0,2026-07-13,Tool Holders / 401549011 / 54 / 20260831,"https://images-na.ssl-images-amazon.com/images/I/71yiZ8kI3RL._AC_UL600_SR600,400_.jpg","https://images-na.ssl-images-amazon.com/images/I/71yiZ8kI3RL._AC_UL600_SR600,400_.jpg",magnetic tool holder/organizer,mixed,1,none,workshop utility,0.0; 544g
B0FXG8J58Q,category Top100,https://www.amazon.com/dp/B0DJ3RM73J,,35,keyword,magnetic tool holder/organizer,mixed,title,mixed,title,1,none,workshop utility,mechanic parts/tool retention,magnetic organization,B0DJ3RM73J,,"MagMaster | The Original Magnetic Tool Holder - Super Strong - Clip-On Any Belt, Tool Bags or Pocket - Assembled in USA",Holstery,29.99,837,385,4.7,Holstery,True,0,2024-09-28,,,,magnetic tool holder/organizer,mixed,1,none,workshop utility,
