image_index,asin,listing_url,title,product_form,material,pack_count,main_image_url,image_file,visual_product_form,visual_material_signal,visual_pack_count,visual_closure,visual_style,visual_notes
,B0FXG8J58Q,https://www.amazon.com/dp/B0FXG8J58Q,TOOLEAGUE 3Pcs Magnetic Tool Mat with 25Lb Telescoping Magnetic Pickup Pen,flexible magnetic tool mat set,PVC leather + embedded magnets,3,https://m.media-amazon.com/images/I/81Pmff+ruQL.jpg,https://m.media-amazon.com/images/I/81Pmff+ruQL.jpg,flexible magnetic tool mat set,PVC leather + embedded magnets,3,none,workshop utility,0.0; 1628g
,B0CN1PC564,https://www.amazon.com/dp/B0CN1PC564,Magnetic Tool Mat Set Flexible Heavy Duty Non Slip Magnet Pad Auto Repair | Holds metallic parts & fasteners secure on curved surfaces. Anti-scratch rubberized backing protects mechanics work space.,flexible magnetic tool mat set,PVC leather + embedded magnets,1,"https://images-na.ssl-images-amazon.com/images/I/616HxHtN0HL._AC_UL600_SR600,400_.jpg","https://images-na.ssl-images-amazon.com/images/I/616HxHtN0HL._AC_UL600_SR600,400_.jpg",flexible magnetic tool mat set,PVC leather + embedded magnets,1,none,workshop utility,0.0; 91g
,B0H87DHF7J,https://www.amazon.com/dp/B0H87DHF7J,"Foldable Magnetic Tool Mat, Non-Slip Flexible Magnetic Pad with PVC | Scratchproof & Waterproof Surface, Holds Up To 44 Lbs Tools & Metal Parts, 11.02’’X9.25’’ For Garage, Workshop & Auto Repair",flexible magnetic tool mat set,PVC leather + embedded magnets,1,"https://images-na.ssl-images-amazon.com/images/I/71dh5wx+bzL._AC_UL300_SR300,200_.jpg","https://images-na.ssl-images-amazon.com/images/I/71dh5wx+bzL._AC_UL300_SR300,200_.jpg",flexible magnetic tool mat set,PVC leather + embedded magnets,1,none,workshop utility,0.0; 739g
,B0GY9FP2H8,https://www.amazon.com/dp/B0GY9FP2H8,"Magnetic Tool Mat, 40 LBS Flexible Magnetic Mat, Magnetic Tool Holder",flexible magnetic tool mat set,PVC leather + embedded magnets,1,https://m.media-amazon.com/images/I/41kR2BTFoIL.jpg,https://m.media-amazon.com/images/I/41kR2BTFoIL.jpg,flexible magnetic tool mat set,PVC leather + embedded magnets,1,none,workshop utility,0.0; 1061g
,B0GX5HLSF1,https://www.amazon.com/dp/B0GX5HLSF1,"Magnetic Tool Mat Set,40LB Flexible Magnetic Mat, 4 Size Magnetic Tool Pads",flexible magnetic tool mat set,PVC leather + embedded magnets,4,https://m.media-amazon.com/images/I/71Ii1eP56cL.jpg,https://m.media-amazon.com/images/I/71Ii1eP56cL.jpg,flexible magnetic tool mat set,PVC leather + embedded magnets,4,none,workshop utility,0.0; 1488g
,B0GQZLVQ2D,https://www.amazon.com/dp/B0GQZLVQ2D,"Magnetic Tool Mat&Holder,40 LBS Heavy Duty Magnetic Parts Holder with PVC Protection Layer,Flexible Magnetic Pads,Non-Slip Tool Organizer for Garage, Workshop & Auto Repair,12.6' x 9.76'",flexible magnetic tool mat set,PVC leather + embedded magnets,1,https://m.media-amazon.com/images/I/51SQRe6zRML.jpg,https://m.media-amazon.com/images/I/51SQRe6zRML.jpg,flexible magnetic tool mat set,PVC leather + embedded magnets,1,none,workshop utility,0.0; 1021g
,B0FZBKYDX9,https://www.amazon.com/dp/B0FZBKYDX9,"GRENPRO Magnetic Tool Mat, 2-Pack, Telescoping Pickup Tool, Parts Organizer",flexible magnetic tool mat set,PVC leather + embedded magnets,2,https://m.media-amazon.com/images/I/71QJ8abgMRL.jpg,https://m.media-amazon.com/images/I/71QJ8abgMRL.jpg,flexible magnetic tool mat set,PVC leather + embedded magnets,2,none,workshop utility,0.0; 1184g
,B0FX3TBKLG,https://www.amazon.com/dp/B0FX3TBKLG,"Magnetic Tool Mat, 40 lbs Magnetic Tool Holder",flexible magnetic tool mat set,PVC leather + embedded magnets,1,https://m.media-amazon.com/images/I/41ELTjdB5vL.jpg,https://m.media-amazon.com/images/I/41ELTjdB5vL.jpg,flexible magnetic tool mat set,PVC leather + embedded magnets,1,none,workshop utility,0.0; 1048g
,B0GHC496ZY,https://www.amazon.com/dp/B0GHC496ZY,"C&T Magnetic Tool Mat Set, 4 Sizes Magnetic Mats, 25LB Magnetic Pickup Tool",flexible magnetic tool mat set,PVC leather + embedded magnets,4,https://m.media-amazon.com/images/I/51RO9xlG8QL.jpg,https://m.media-amazon.com/images/I/51RO9xlG8QL.jpg,flexible magnetic tool mat set,PVC leather + embedded magnets,4,none,workshop utility,0.0; 1792g
,B0GV53CLK9,https://www.amazon.com/dp/B0GV53CLK9,"Vnkesno 3 Pcs Flexible Magnetic Tool Mat, 40LB Strong Magnetic Mat for Tool",flexible magnetic tool mat set,PVC leather + embedded magnets,3,https://m.media-amazon.com/images/I/81V8qfCS6vL.jpg,https://m.media-amazon.com/images/I/81V8qfCS6vL.jpg,flexible magnetic tool mat set,PVC leather + embedded magnets,3,none,workshop utility,0.0; 1429g
,B07BC6T5XR,https://www.amazon.com/dp/B07BC6T5XR,HORUSDY Magnetic Tray | 3-Piece | Round Magnetic Parts Tray | 3 Inch 4 Inch 6 Inch Magnetic Tray for Mechanic‘s | Stainless Steel,rigid magnetic parts tray,mixed,1,,,rigid magnetic parts tray,mixed,1,none,workshop utility,
,B01HRCU3SW,https://www.amazon.com/dp/B01HRCU3SW,"RAK Magnetic Wristband for Tools - Premium Tool Belt for Holding Screws Nails with Powerful Magnets, Birthday Gifts for Men, Cool Gadgets Stuff Gifts for Dad, Husband, Grandpa, Handyman, Him",magnetic wristband,mixed,1,,,magnetic wristband,mixed,1,none,workshop utility,
,B0DCZ5X7RP,https://www.amazon.com/dp/B0DCZ5X7RP,"DEHOYI 48 pcs Premium MAGNETIC Modular Wrench Organizer System- Wrench Rack with Metric&SAE Labels, Tool Storage Holder. Gift for mechanics (Black)",magnetic tool holder/organizer,mixed,48,https://m.media-amazon.com/images/I/71I8blyW+dL.jpg,https://m.media-amazon.com/images/I/71I8blyW+dL.jpg,magnetic tool holder/organizer,mixed,48,none,workshop utility,0.0; 481g
,B0DHWMD745,https://www.amazon.com/dp/B0DHWMD745,"WORKPRO Magnetic Screwdriver and Wrench Organizer Set, 36-Slot Tool Holders | 3-Pack Aluminum Rails, Magnetic Force, Flexible High-Tension Tool Clips, For Tool Box Drawer & Wall-Mount Storage",magnetic tool holder/organizer,mixed,3,"https://images-na.ssl-images-amazon.com/images/I/81k6vADXOWL._AC_UL600_SR600,400_.jpg","https://images-na.ssl-images-amazon.com/images/I/81k6vADXOWL._AC_UL600_SR600,400_.jpg",magnetic tool holder/organizer,mixed,3,none,workshop utility,0.0; 912g
,B073RFKHD6,https://www.amazon.com/dp/B073RFKHD6,Kaisi S160 Soldering Mat Insulation Silicone Magnetic Repair Work Mat,electronics repair magnetic mat,mixed,1,,,electronics repair magnetic mat,mixed,1,none,workshop utility,
,B09YV4Z91B,https://www.amazon.com/dp/B09YV4Z91B,"PAFOWO Silicone Soldering Mat for Electronic Repair, 17.7 X 11.8 in",electronics repair magnetic mat,mixed,1,,,electronics repair magnetic mat,mixed,1,none,workshop utility,
,B0C2C28CVL,https://www.amazon.com/dp/B0C2C28CVL,"Telescoping Magnetic Pickup Tool Set, Inspection Mirror Telescoping, LED Flashlight, Cool Gadgets for Men, Stocking Stuffers, Gifts for Dad, Husband, Kids, Boyfriend, Magnet Stick(Red)",magnetic pickup tool,mixed,1,,,magnetic pickup tool,mixed,1,none,workshop utility,
,B0D3TCVJPK,https://www.amazon.com/dp/B0D3TCVJPK,"Magnetic Socket Holder Organizer Set: 9-Piece Detachable 1/4, 3/8, 1/2 Socket Trays Socket Organizer for Tool Box Drawer Holds 120-Piece Standard Size Sockets for Automotive Garage(Blue Red Green)",magnetic tool holder/organizer,mixed,1,https://m.media-amazon.com/images/I/51AwwkHVwnL.jpg,https://m.media-amazon.com/images/I/51AwwkHVwnL.jpg,magnetic tool holder/organizer,mixed,1,none,workshop utility,0.0; 2381g
,B0FR7PFBK8,https://www.amazon.com/dp/B0FR7PFBK8,"STREBITO Soldering Mat Large, Solder Mat 932°F Heat Resistant 21.7'x15.8’’",electronics repair magnetic mat,mixed,1,,,electronics repair magnetic mat,mixed,1,none,workshop utility,
,B0D8T21VSN,https://www.amazon.com/dp/B0D8T21VSN,"Premium Heat Resistant 932°F Magnetic Soldering Mat, 17.3’’ x 11.8’’ Electronics Repair Work Mat for Soldering, Electronics Computer Cellphone Repair, BGA Soldering Gun Iron Workbench Protection",electronics repair magnetic mat,mixed,1,,,electronics repair magnetic mat,mixed,1,none,workshop utility,
,B0H3PVZRWH,https://www.amazon.com/dp/B0H3PVZRWH,"WAENLIR WARDENIX 48 Tool Magnetic Modular Wrench Organizer Set - Tool Drawer Storage Rack with Metric & SAE Labels, Wrench Holder with Magnet, Gift for Men, DIYers&Mechanics Red and Blue",magnetic tool holder/organizer,mixed,1,"https://images-na.ssl-images-amazon.com/images/I/71yiZ8kI3RL._AC_UL600_SR600,400_.jpg","https://images-na.ssl-images-amazon.com/images/I/71yiZ8kI3RL._AC_UL600_SR600,400_.jpg",magnetic tool holder/organizer,mixed,1,none,workshop utility,0.0; 544g
,B0DJ3RM73J,https://www.amazon.com/dp/B0DJ3RM73J,"MagMaster | The Original Magnetic Tool Holder - Super Strong - Clip-On Any Belt, Tool Bags or Pocket - Assembled in USA",magnetic tool holder/organizer,mixed,1,,,magnetic tool holder/organizer,mixed,1,none,workshop utility,
