product_form,demand_type,theme,sentiment,mention_count,verified_count,avg_rating,user_profiles,use_scenes,example_asins,latest_review_date,evidence_excerpt
flexible magnetic tool mat set,delight,performance,positive,23,0,4.87,family; professional,daily_home; gift; storage; travel,B0CN1PC564; B0FXG8J58Q; B0GX5HLSF1; B0H87DHF7J,20260802,Excellent for those that like to tinker or do mechanical work to keep tools and parts organized and minimize loss items.
flexible magnetic tool mat set,expected,performance,positive,22,0,4.82,family; professional,daily_home; gift; storage; travel,B0CN1PC564; B0FXG8J58Q; B0GX5HLSF1; B0H87DHF7J,20260803,"Sometimes a product isn’t flashy or stylish, but it’s so extremely useful that it still stands out. That’s what we have here. For your convenience, I’ll divide the rest of this review between the pickup pen and the mats.

First let’s talk a"
flexible magnetic tool mat set,expected,material_quality,positive,20,0,4.75,family; professional,storage; travel,B0CN1PC564; B0FXG8J58Q; B0GX5HLSF1; B0H87DHF7J,20260803,These things will hold just about anything you stick on them. Very good quality for the price
flexible magnetic tool mat set,expected,size_fit,positive,19,0,4.74,family; professional,daily_home; gift; storage; travel,B0FXG8J58Q; B0GX5HLSF1; B0H87DHF7J,20260803,"I don‘t know about you, but it seems like I spend more time looking for dropped fasteners than I do actually fixing things. Enter the tool mat. The magnets are really strong, the pickup tool is a great help and it seems to me to be a qualit"
flexible magnetic tool mat set,delight,size_fit,positive,17,0,4.82,family; professional,daily_home; gift; storage; travel,B0CN1PC564; B0GX5HLSF1; B0H87DHF7J,20260802,"Great little tool to have in your pocket, tool pouch, tool box, or any work station. Keeps small bits where you can easily find then AND it attaches to anywhere. Smooth finish on both sides ensured that nothing is going to get scratched or "
flexible magnetic tool mat set,expected,ease_of_use,positive,16,0,4.81,professional,daily_home; gift; storage; travel,B0CN1PC564; B0FXG8J58Q; B0GX5HLSF1; B0H87DHF7J,20260803,"Sometimes a product isn’t flashy or stylish, but it’s so extremely useful that it still stands out. That’s what we have here. For your convenience, I’ll divide the rest of this review between the pickup pen and the mats.

First let’s talk a"
flexible magnetic tool mat set,delight,material_quality,positive,15,0,4.8,family; professional,daily_home; gift; storage; travel,B0CN1PC564; B0FXG8J58Q; B0GX5HLSF1; B0H87DHF7J,20260802,Great quality and magnet is really strong
flexible magnetic tool mat set,uncategorized,performance,positive,15,0,5.0,professional,storage; travel,B0CN1PC564; B0FXG8J58Q; B0GX5HLSF1; B0H87DHF7J,20260801,Works great for my tool box
flexible magnetic tool mat set,uncategorized,size_fit,positive,13,0,4.92,professional,storage; travel,B0CN1PC564; B0FXG8J58Q; B0GX5HLSF1; B0H87DHF7J,20260801,Real strong magnet good size too and a whole lot cheaper than any tool truck
flexible magnetic tool mat set,expected,cleaning_maintenance,positive,11,0,4.82,professional,gift; storage; travel,B0FXG8J58Q; B0GX5HLSF1; B0H87DHF7J,20260801,"Sometimes a product isn’t flashy or stylish, but it’s so extremely useful that it still stands out. That’s what we have here. For your convenience, I’ll divide the rest of this review between the pickup pen and the mats.

First let’s talk a"
flexible magnetic tool mat set,delight,durability,positive,10,0,5.0,professional,daily_home; storage; travel,B0GX5HLSF1; B0H87DHF7J,20260802,"I’m very happy with this foldable magnetic tool mat. The magnets are strong and keep screws, bolts, sockets, and small tools securely in place while I work. It helps me stay organized and prevents small parts from getting lost. The mat fold"
flexible magnetic tool mat set,expected,value_quantity,positive,10,0,4.7,family; professional,daily_home; storage; travel,B0CN1PC564; B0FXG8J58Q; B0GX5HLSF1; B0H87DHF7J,20260801,These things will hold just about anything you stick on them. Very good quality for the price
flexible magnetic tool mat set,expected,durability,positive,9,0,4.89,professional,gift; storage; travel,B0CN1PC564; B0FXG8J58Q; B0GX5HLSF1; B0H87DHF7J,20260802,"Sometimes a product isn’t flashy or stylish, but it’s so extremely useful that it still stands out. That’s what we have here. For your convenience, I’ll divide the rest of this review between the pickup pen and the mats.

First let’s talk a"
flexible magnetic tool mat set,delight,ease_of_use,positive,8,0,4.88,family; professional,daily_home; gift; storage; travel,B0CN1PC564; B0GX5HLSF1; B0H87DHF7J,20260730,"Great little tool to have in your pocket, tool pouch, tool box, or any work station. Keeps small bits where you can easily find then AND it attaches to anywhere. Smooth finish on both sides ensured that nothing is going to get scratched or "
flexible magnetic tool mat set,delight,value_quantity,positive,8,0,4.62,family; professional,daily_home; gift; storage; travel,B0GX5HLSF1; B0H87DHF7J,20260725,"I picked up this foldable magnetic tool mat because we have several do-it-yourselfers and mechanics in our family. When you‘re working on a vehicle or tackling a repair project, it‘s incredibly convenient to have your tools and small parts "
flexible magnetic tool mat set,delight,cleaning_maintenance,positive,5,0,5.0,professional,daily_home; storage; travel,B0GX5HLSF1,20260620,"These are awesome. if you can find space on the mat, itll hold it. i filled it up with whatever heavy stuff i could find and it held it all and never slipped down or anything. installed at a 90 degree angle on my toolbox lid and it never mo"
flexible magnetic tool mat set,uncategorized,other,positive,5,0,4.8,,gift,B0CN1PC564; B0FXG8J58Q; B0GX5HLSF1,20260729,SUPER STRONG
flexible magnetic tool mat set,uncategorized,material_quality,positive,4,0,5.0,professional,storage; travel,B0FXG8J58Q; B0GX5HLSF1; B0H87DHF7J,20260730,This is a set of 3 heavy duty tool mats and a telescoping magnet. The mats are fantastic. They‘re very heavy duty and I am expecting them to hold up for years to come. I’m not sure what the outer material is but it’s very stiff and seems to
flexible magnetic tool mat set,delight,other,positive,4,0,4.75,,,B0CN1PC564; B0FXG8J58Q,20260403,"LOVE this no more disappearing screws, bolts , nuts they stay where you put them, can not believe I have gone 45 years without one- STRONG magnets!"
flexible magnetic tool mat set,uncategorized,value_quantity,positive,4,0,5.0,professional,,B0CN1PC564; B0FXG8J58Q; B0GX5HLSF1,20260729,This is a set of 3 heavy duty tool mats and a telescoping magnet. The mats are fantastic. They‘re very heavy duty and I am expecting them to hold up for years to come. I’m not sure what the outer material is but it’s very stiff and seems to
flexible magnetic tool mat set,expected,instructions_setup,positive,3,0,4.33,professional,storage; travel,B0GX5HLSF1; B0H87DHF7J,20260801,"I got this because every single time I take something apart in my shop, invariably the smallest screw or nut or bolt rolls off the workbench and then rolls underneath to the furthest possible spot that is the hardest for me to reach. Not an"
flexible magnetic tool mat set,fulfillment_noise,material_quality,positive,3,0,4.33,professional,gift; storage; travel,B0FXG8J58Q; B0GX5HLSF1; B0H87DHF7J,20260729,"CATEGORICAL RATINGS (1-5)PRESENTATION/PACKAGING: 3
QUALITY/MATERIALS: 4
DESIGN/CRAFTSMANSHIP: 4
PRICE/VALUE: 3
FUNCTIONALITY: 5
VERSATILITY: 5
INSTRUCTIONS/EASE OF USE: 4
COMFORT (IF APPLICABLE): 4
MARKETING-vs-REALITY: 4
USEFULLNESS: 4

PR"
flexible magnetic tool mat set,fulfillment_noise,packaging_delivery,positive,3,0,4.67,professional,gift; storage; travel,B0FXG8J58Q; B0GX5HLSF1; B0H87DHF7J,20260724,"CATEGORICAL RATINGS (1-5)PRESENTATION/PACKAGING: 3
QUALITY/MATERIALS: 4
DESIGN/CRAFTSMANSHIP: 4
PRICE/VALUE: 3
FUNCTIONALITY: 5
VERSATILITY: 5
INSTRUCTIONS/EASE OF USE: 4
COMFORT (IF APPLICABLE): 4
MARKETING-vs-REALITY: 4
USEFULLNESS: 4

PR"
flexible magnetic tool mat set,fulfillment_noise,performance,positive,3,0,4.67,professional,storage; travel,B0GX5HLSF1; B0H87DHF7J,20260729,Pretty good size magnetic pad about the size of a tablet.  It held most tools tested except the screwdrivers won‘t work like in the seller‘s pic cause the handle part is plastic so I could only get it to stay facing away.  Otherwise it seem
flexible magnetic tool mat set,fulfillment_noise,size_fit,positive,3,0,4.33,professional,gift; storage; travel,B0FXG8J58Q; B0GX5HLSF1; B0H87DHF7J,20260729,"CATEGORICAL RATINGS (1-5)PRESENTATION/PACKAGING: 3
QUALITY/MATERIALS: 4
DESIGN/CRAFTSMANSHIP: 4
PRICE/VALUE: 3
FUNCTIONALITY: 5
VERSATILITY: 5
INSTRUCTIONS/EASE OF USE: 4
COMFORT (IF APPLICABLE): 4
MARKETING-vs-REALITY: 4
USEFULLNESS: 4

PR"
flexible magnetic tool mat set,fulfillment_noise,value_quantity,positive,3,0,4.67,professional,gift; storage; travel,B0FXG8J58Q; B0GX5HLSF1; B0H87DHF7J,20260724,"CATEGORICAL RATINGS (1-5)PRESENTATION/PACKAGING: 3
QUALITY/MATERIALS: 4
DESIGN/CRAFTSMANSHIP: 4
PRICE/VALUE: 3
FUNCTIONALITY: 5
VERSATILITY: 5
INSTRUCTIONS/EASE OF USE: 4
COMFORT (IF APPLICABLE): 4
MARKETING-vs-REALITY: 4
USEFULLNESS: 4

PR"
flexible magnetic tool mat set,fulfillment_noise,cleaning_maintenance,positive,2,0,4.5,professional,gift; storage; travel,B0FXG8J58Q; B0GX5HLSF1,20260630,"CATEGORICAL RATINGS (1-5)PRESENTATION/PACKAGING: 3
QUALITY/MATERIALS: 4
DESIGN/CRAFTSMANSHIP: 4
PRICE/VALUE: 3
FUNCTIONALITY: 5
VERSATILITY: 5
INSTRUCTIONS/EASE OF USE: 4
COMFORT (IF APPLICABLE): 4
MARKETING-vs-REALITY: 4
USEFULLNESS: 4

PR"
flexible magnetic tool mat set,uncategorized,durability,positive,2,0,5.0,,travel,B0CN1PC564; B0FXG8J58Q,20260103,This is a set of 3 heavy duty tool mats and a telescoping magnet. The mats are fantastic. They‘re very heavy duty and I am expecting them to hold up for years to come. I’m not sure what the outer material is but it’s very stiff and seems to
flexible magnetic tool mat set,fulfillment_noise,durability,positive,2,0,5.0,professional,storage; travel,B0GX5HLSF1; B0H87DHF7J,20260724,"Well packaged and well made. Durable and works really well with almost any tool. The magnets it uses are very strong and holds everything I‘ve used with it. I don‘t know if it would hold a 40 pound weight, but for what I have tried, it gets"
flexible magnetic tool mat set,uncategorized,ease_of_use,positive,2,0,5.0,professional,,B0GX5HLSF1,20260729,"I‘m constantly working on my vehicles or taking apart small electronics with tiny screws, and this magnetic mat set has been a really nice change from how I used to keep track of parts.I‘ve used it outside on the ground during brake jobs, w"
flexible magnetic tool mat set,fulfillment_noise,ease_of_use,positive,1,0,5.0,professional,storage,B0H87DHF7J,20260724,"Well packaged and well made. Durable and works really well with almost any tool. The magnets it uses are very strong and holds everything I‘ve used with it. I don‘t know if it would hold a 40 pound weight, but for what I have tried, it gets"
flexible magnetic tool mat set,fulfillment_noise,instructions_setup,positive,1,0,4.0,,gift; storage,B0FXG8J58Q,20260111,"CATEGORICAL RATINGS (1-5)PRESENTATION/PACKAGING: 3
QUALITY/MATERIALS: 4
DESIGN/CRAFTSMANSHIP: 4
PRICE/VALUE: 3
FUNCTIONALITY: 5
VERSATILITY: 5
INSTRUCTIONS/EASE OF USE: 4
COMFORT (IF APPLICABLE): 4
MARKETING-vs-REALITY: 4
USEFULLNESS: 4

PR"
flexible magnetic tool mat set,delight,instructions_setup,positive,1,0,5.0,professional,storage,B0GX5HLSF1,20260620,"These are awesome. if you can find space on the mat, itll hold it. i filled it up with whatever heavy stuff i could find and it held it all and never slipped down or anything. installed at a 90 degree angle on my toolbox lid and it never mo"
flexible magnetic tool mat set,expected,material_quality,negative,1,0,3.0,,daily_home,B0GX5HLSF1,20260527,"The magnetic mat set has plenty of magnets to hold tools, fasteners, etc. The PVC surface is a little softer than expected, but is flexible as advertised. I just don‘t know how long the soft surface will last. I would consider this a consum"
flexible magnetic tool mat set,uncategorized,other,negative,1,0,3.0,,,B0FXG8J58Q,20260423,Mediocre. Magnet is weaker than I was expecting.
flexible magnetic tool mat set,uncategorized,size_fit,negative,1,0,2.0,,,B0H87DHF7J,20260726,Concept great but like products of similar type they just don‘t hold up to the heavier tasks. It will hold a box wrent to a certain size 5/8 maybe 3/4 anything heavier or round like a socket will easily slide or roll off if you move it. Mig
flexible magnetic tool mat set,expected,size_fit,negative,1,0,3.0,,daily_home,B0GX5HLSF1,20260527,"The magnetic mat set has plenty of magnets to hold tools, fasteners, etc. The PVC surface is a little softer than expected, but is flexible as advertised. I just don‘t know how long the soft surface will last. I would consider this a consum"
flexible magnetic tool mat set,expected,value_quantity,negative,1,0,3.0,,daily_home,B0GX5HLSF1,20260527,"The magnetic mat set has plenty of magnets to hold tools, fasteners, etc. The PVC surface is a little softer than expected, but is flexible as advertised. I just don‘t know how long the soft surface will last. I would consider this a consum"
