source_strategy,source_asin,source_parent_asin,product_name,category,marketplace,target_price,cost,shipping,fba_fee,referral_fee_rate,est_monthly_sales,avg_review_count,avg_rating,top10_review_share,keyword_search_volume,keyword_cpc,seasonality_score,differentiation_score,compliance_risk,fragile_risk,oversize_risk,market_data_completeness,profit_data_confidence,evidence_confidence,evidence_grade,data_source_summary,profit_estimate_status,notes,listing_url,opportunity_score,recommendation,gross_profit_per_unit,gross_margin,monthly_gross_profit,demand_score,competition_score,profitability_score,risk_score,risk_control_score,key_flags,brand_moat_reason,hard_stop_reason,archive_key,archive_first_seen,archive_last_seen,archive_seen_count,archive_best_score,archive_latest_score,archive_best_recommendation,archive_latest_recommendation,archive_status,archive_last_run_id,research_status,archive_notes
category:Vertical Plate Holders,B0GSZS9TST,B0GSZS9TST,"Invisible Wall Plate Hangers - Clear Adhesive Picture Hanging Strips for Displaying Decorative Plates, Paintings & Photo Frames - Damage-Free, Strong Hold (2.4 Inch)","['Kitchen & Dining', 'kitchen']",US,18.99,5.32,1.52,4.18,0.15,551.0,10.0,4.1,0.55,10000.0,1.0,20.0,50.0,25.0,20.0,20.0,75.0,35.0,65.0,B,"observed:price,sales,reviews,rating,fba_fee; estimated:search_volume,cpc",estimated_default_costs,Imported from Sorftime; ASIN B0GSZS9TST; parent B0GSZS9TST; brand LWJTTDFJ,https://www.amazon.com/dp/B0GSZS9TST,60.2,Watch or collect more data,5.12,0.2697,2821.95,87.3,70.3,8.1,22.0,78.0,supplier quote required; estimated profit is not a rejection gate,,,asin:B0GSZS9TST,2026-08-31 08:10:41,2026-08-31 08:13:08,3,72.3,60.2,Watch or collect more data,Watch or collect more data,active_in_latest_run,20260831_logic_audit,watchlist,
category:Storage Boxes,B0H1C5J3R2,B0H1C5J3R2,"Set of (10) 6 Quart Storage Boxes, Clear Plastic Storage Bin with Snap-on Lid, White","['Home & Kitchen', 'home-garden']",US,15.98,4.47,1.28,3.5,0.15,649.0,10.0,4.4,0.55,10000.0,1.0,20.0,50.0,25.0,20.0,20.0,65.0,20.0,53.8,C,"observed:price,sales,reviews,rating; estimated:fba_fee,search_volume,cpc",estimated_default_costs,Imported from Sorftime; ASIN B0H1C5J3R2; parent B0H1C5J3R2; brand Generic,https://www.amazon.com/dp/B0H1C5J3R2,59.5,Watch or collect more data,4.33,0.2712,2812.12,87.3,68.3,8.0,22.0,78.0,supplier quote required; estimated profit is not a rejection gate; evidence confidence below supplier-validation threshold,,,asin:B0H1C5J3R2,2026-08-31 08:10:41,2026-08-31 08:13:08,3,71.4,59.5,Watch or collect more data,Watch or collect more data,active_in_latest_run,20260831_logic_audit,watchlist,
category:Storage Boxes,B0DYJRMZCV,B0HFFPZ9FC,"8-Pack Clear Classroom Storage Bins, Plastic Cubby Book Bins for Classroom Organization, Book & Toy Storage Organizer, Perfect for Classroom Library, Shelves, STEM Centers, Daycare & Homeschool","['Home & Kitchen', 'home-garden']",US,28.99,8.12,2.32,9.36,0.15,898.0,16.0,4.3,0.55,10000.0,1.0,20.0,50.0,25.0,20.0,45.0,75.0,35.0,65.0,B,"observed:price,sales,reviews,rating,fba_fee; estimated:search_volume,cpc",estimated_default_costs,Imported from Sorftime; ASIN B0DYJRMZCV; parent B0HFFPZ9FC; brand Hldgras,https://www.amazon.com/dp/B0DYJRMZCV,59.2,Watch or collect more data,4.84,0.167,4347.67,87.3,68.3,9.6,27.0,73.0,supplier quote required; estimated profit is not a rejection gate,,,asin:B0DYJRMZCV,2026-08-31 08:10:41,2026-08-31 08:13:08,3,70.6,59.2,Watch or collect more data,Watch or collect more data,active_in_latest_run,20260831_logic_audit,watchlist,
category:Bathroom Shelves,B0GV43R4TJ,B0GV3NGX74,"Bathroom Counter Organizer, Vanity Organizer, Perfume Organizer","['Tools & Home Improvement', 'hi']",US,32.98,9.23,2.64,5.77,0.15,536.0,25.0,4.6,0.55,10000.0,1.0,20.0,50.0,25.0,20.0,20.0,75.0,35.0,65.0,B,"observed:price,sales,reviews,rating,fba_fee; estimated:search_volume,cpc",estimated_default_costs,Imported from Sorftime; ASIN B0GV43R4TJ; parent B0GV3NGX74; brand UJQSUN,https://www.amazon.com/dp/B0GV43R4TJ,60.7,Watch or collect more data,10.39,0.3151,5570.65,87.3,59.3,32.5,22.0,78.0,supplier quote required; estimated profit is not a rejection gate,,,asin:B0GV43R4TJ,2026-08-24 12:48:06,2026-08-31 08:13:08,6,67.2,60.7,Watch or collect more data,Watch or collect more data,active_in_latest_run,20260831_logic_audit,watchlist,
category:Lidded Storage Bins,B0GK8P7BNM,B0F9YHX7NG,"Storage Bins with Lids 6 Pack Clear Storage Containers, 7 Quart Stackable Plastic Containers with Secure Black Buckle Latch, Durable Storage Box Organizer for Pantry, Closet, Office & Classroom","['Home & Kitchen', 'home-garden']",US,26.49,7.42,2.12,9.08,0.15,2786.0,45.0,4.6,0.55,10000.0,1.0,20.0,50.0,25.0,20.0,45.0,75.0,35.0,65.0,B,"observed:price,sales,reviews,rating,fba_fee; estimated:search_volume,cpc",estimated_default_costs,Imported from Sorftime; ASIN B0GK8P7BNM; parent B0F9YHX7NG; brand EOENVIVS,https://www.amazon.com/dp/B0GK8P7BNM,57.7,Watch or collect more data,3.9,0.1471,10855.65,87.3,59.3,20.0,27.0,73.0,supplier quote required; estimated profit is not a rejection gate,,,asin:B0GK8P7BNM,2026-08-31 08:10:41,2026-08-31 08:13:08,3,66.4,57.7,Watch or collect more data,Watch or collect more data,active_in_latest_run,20260831_logic_audit,watchlist,
category:Magazine & Newspaper Baskets,B09QLLLBJ3,B0FGYV777Q,Household Essentials Natural Woven Wicker Storage Basket with Handles,"['Home & Kitchen', 'home-garden']",US,19.99,5.6,1.6,3.6,0.15,693.0,33.0,4.6,0.55,10000.0,1.0,20.0,50.0,25.0,20.0,45.0,50.0,20.0,42.5,C,"observed:sales,reviews,rating; estimated:price,fba_fee,search_volume,cpc",estimated_default_costs,Imported from Sorftime; ASIN B09QLLLBJ3; parent B0FGYV777Q; brand Household Essentials,https://www.amazon.com/dp/B09QLLLBJ3,57.7,Watch or collect more data,6.19,0.3097,4290.71,87.3,59.3,19.7,27.0,73.0,supplier quote required; estimated profit is not a rejection gate; evidence confidence below supplier-validation threshold,,,asin:B09QLLLBJ3,2026-08-31 08:10:41,2026-08-31 08:13:08,3,66.4,57.7,Watch or collect more data,Watch or collect more data,active_in_latest_run,20260831_logic_audit,watchlist,
category:Storage Boxes,B0FVLJ6845,B0G58RQJM3,"Himake Photo Storage Box 8x10, Decorative Photo Storage Containers With Lid | Acid Free Photo Storage Boxes, Linen Photo Organizers and Storage, Beige Scrapbook Picture Box, Fits 800 Photos","['Home & Kitchen', 'home-garden']",US,22.49,6.3,1.8,7.16,0.15,677.0,66.0,4.2,0.55,10000.0,1.0,20.0,50.0,25.0,20.0,45.0,75.0,35.0,65.0,B,"observed:price,sales,reviews,rating,fba_fee; estimated:search_volume,cpc",estimated_default_costs,Imported from Sorftime; ASIN B0FVLJ6845; parent B0G58RQJM3; brand Himake,https://www.amazon.com/dp/B0FVLJ6845,54.5,Watch or collect more data,3.86,0.1715,2610.85,87.3,58.3,4.6,27.0,73.0,supplier quote required; estimated profit is not a rejection gate,,,asin:B0FVLJ6845,2026-08-31 08:10:41,2026-08-31 08:13:08,3,66.0,54.5,Watch or collect more data,Watch or collect more data,active_in_latest_run,20260831_logic_audit,watchlist,
category:Shelf Baskets,B0G2XY5J77,B0G2XZFZL3,"Foldable Fabric Storage Basket for Shelves, Linen Decorative Storage Bin with Wooden Handles, Small Organizer Cube for Closet, Rectangle Canvas Box for Organizing, Decor, 15x10.6x6 Inches (Blcak)","['Home & Kitchen', 'home-garden']",US,13.99,3.92,1.12,5.36,0.15,2130.0,83.0,4.6,0.55,10000.0,1.0,20.0,50.0,25.0,20.0,20.0,75.0,35.0,65.0,B,"observed:price,sales,reviews,rating,fba_fee; estimated:search_volume,cpc",estimated_default_costs,Imported from Sorftime; ASIN B0G2XY5J77; parent B0G2XZFZL3; brand Tihaolity,https://www.amazon.com/dp/B0G2XY5J77,53.9,Watch or collect more data,1.49,0.1066,3176.89,87.3,54.3,6.2,22.0,78.0,supplier quote required; estimated profit is not a rejection gate,,,asin:B0G2XY5J77,2026-08-31 08:10:41,2026-08-31 08:13:08,3,64.9,53.9,Watch or collect more data,Watch or collect more data,active_in_latest_run,20260831_logic_audit,watchlist,
category:Shelf Baskets,B0GTWHX4GC,B0GTWFLKJL,CubesLand Small Wicker Toilet Basket Tray Organizer W/Cut Out Handle,"['Home & Kitchen', 'home-garden']",US,16.99,4.76,1.36,7.21,0.15,919.0,78.0,4.6,0.55,10000.0,1.0,20.0,50.0,25.0,20.0,20.0,75.0,35.0,65.0,B,"observed:price,sales,reviews,rating,fba_fee; estimated:search_volume,cpc",estimated_default_costs,Imported from Sorftime; ASIN B0GTWHX4GC; parent B0GTWFLKJL; brand CubesLand,https://www.amazon.com/dp/B0GTWHX4GC,52.7,Watch or collect more data,1.11,0.0654,1021.47,87.3,54.3,0.1,22.0,78.0,supplier quote required; estimated profit is not a rejection gate,,,asin:B0GTWHX4GC,2026-08-31 08:10:41,2026-08-31 08:13:08,3,64.9,52.7,Watch or collect more data,Watch or collect more data,active_in_latest_run,20260831_logic_audit,watchlist,
category:Open Storage Bins,B0GWCKKT5X,B0H63DMW79,"6 Pack Large Closet Storage Baskets Bins for Shelves, Collapsible Fabric Closet Organizers and Storage with Polyester Handles, Decorative Baskets for Organizing Clothes, Towels, Linen Closet 14“x10“","['Home & Kitchen', 'home-garden']",US,26.99,7.56,2.16,8.12,0.15,792.0,65.0,4.6,0.55,10000.0,1.0,20.0,50.0,25.0,20.0,45.0,75.0,35.0,65.0,B,"observed:price,sales,reviews,rating,fba_fee; estimated:search_volume,cpc",estimated_default_costs,Imported from Sorftime; ASIN B0GWCKKT5X; parent B0H63DMW79; brand DIMJ,https://www.amazon.com/dp/B0GWCKKT5X,53.8,Watch or collect more data,5.1,0.189,4040.39,87.3,54.3,8.9,27.0,73.0,supplier quote required; estimated profit is not a rejection gate,,,asin:B0GWCKKT5X,2026-08-31 08:10:41,2026-08-31 08:13:08,3,64.1,53.8,Watch or collect more data,Watch or collect more data,active_in_latest_run,20260831_logic_audit,watchlist,
category:Shelf Baskets,B0FY235Z3J,B0GCZNTZP5,"iEGrow Scalloped Wicker Basket, Set of 2 Hand-Woven Natural Rattan Baskets with Built-in Handles, Water Hyacinth Storage Oval Cute Baby Baskets for Nursery, Organizing, Decor and Shelves","['Home & Kitchen', 'home-garden']",US,33.99,9.52,2.72,10.13,0.15,1177.0,55.0,4.6,0.55,10000.0,1.0,20.0,50.0,25.0,20.0,45.0,75.0,35.0,65.0,B,"observed:price,sales,reviews,rating,fba_fee; estimated:search_volume,cpc",estimated_default_costs,Imported from Sorftime; ASIN B0FY235Z3J; parent B0GCZNTZP5; brand iEGrow,https://www.amazon.com/dp/B0FY235Z3J,56.3,Watch or collect more data,6.52,0.1919,7675.81,87.3,54.3,22.1,27.0,73.0,supplier quote required; estimated profit is not a rejection gate,,,asin:B0FY235Z3J,2026-08-31 08:10:41,2026-08-31 08:13:08,3,64.1,56.3,Watch or collect more data,Watch or collect more data,active_in_latest_run,20260831_logic_audit,watchlist,
category:Shelf Baskets,B0F32LSGGV,B0F32MPL3P,"Stylave Pantry Baskets for Organizing，Wicker Storage Bins,3 Pack,Natural | Water Hyacinth Large Baskets Organizers for Shelves, Labeled Baskets with Handles , Boho Decorative","['Home & Kitchen', 'home-garden']",US,45.99,12.88,3.68,10.51,0.15,898.0,85.0,4.6,0.55,10000.0,1.0,20.0,50.0,25.0,20.0,45.0,75.0,35.0,65.0,B,"observed:price,sales,reviews,rating,fba_fee; estimated:search_volume,cpc",estimated_default_costs,Imported from Sorftime; ASIN B0F32LSGGV; parent B0F32MPL3P; brand Stylave,https://www.amazon.com/dp/B0F32LSGGV,58.8,Watch or collect more data,12.02,0.2614,10795.31,87.3,54.3,35.6,27.0,73.0,supplier quote required; estimated profit is not a rejection gate,,,asin:B0F32LSGGV,2026-08-31 08:10:41,2026-08-31 08:13:08,3,64.1,58.8,Watch or collect more data,Watch or collect more data,active_in_latest_run,20260831_logic_audit,watchlist,
category:Storage Boxes,B0FZRLDZC2,B0FSDG1HNL,"Aokeyee Photo Storage Box Holds 3400+ 4x6 Pictures | Photo Organizer Box, 8 Dividers, 24 Paperboard, with Blank Label","['Home & Kitchen', 'home-garden']",US,24.99,7.0,2.0,7.99,0.15,621.0,96.0,4.6,0.55,10000.0,1.0,20.0,50.0,25.0,20.0,45.0,75.0,35.0,65.0,B,"observed:price,sales,reviews,rating,fba_fee; estimated:search_volume,cpc",estimated_default_costs,Imported from Sorftime; ASIN B0FZRLDZC2; parent B0FSDG1HNL; brand Aokeyee,https://www.amazon.com/dp/B0FZRLDZC2,53.0,Watch or collect more data,4.25,0.1701,2640.18,87.3,54.3,4.7,27.0,73.0,supplier quote required; estimated profit is not a rejection gate,,,asin:B0FZRLDZC2,2026-08-31 08:10:41,2026-08-31 08:13:08,3,64.1,53.0,Watch or collect more data,Watch or collect more data,active_in_latest_run,20260831_logic_audit,watchlist,
category:Lidded Storage Bins,B0FM1GP5HD,B0H82KK1XS,"Plastic Storage Bins with Lids, Clear Stackable Storage Containers - 21 Qt","['Home & Kitchen', 'home-garden']",US,27.99,7.84,2.24,11.08,0.15,1202.0,122.0,4.2,0.55,10000.0,1.0,20.0,50.0,25.0,20.0,20.0,75.0,35.0,65.0,B,"observed:price,sales,reviews,rating,fba_fee; estimated:search_volume,cpc",estimated_default_costs,Imported from Sorftime; ASIN B0FM1GP5HD; parent B0H82KK1XS; brand Tribello,https://www.amazon.com/dp/B0FM1GP5HD,52.6,Watch or collect more data,2.63,0.094,3163.06,87.3,50.8,6.2,22.0,78.0,supplier quote required; estimated profit is not a rejection gate,,,asin:B0FM1GP5HD,2026-08-31 08:10:41,2026-08-31 08:13:08,3,63.3,52.6,Watch or collect more data,Watch or collect more data,active_in_latest_run,20260831_logic_audit,watchlist,
category:Lidded Storage Bins,B0CX979FY1,B0F1B8D683,"Superio 6.25 Quart Clear Plastic Storage Bin with Lid, Non-Toxic, BPA Free, Odor Free, Organizer Storage Box, Stackable Plastic Tote for Home, Garage, School, and Office (Pack of 4)","['Home & Kitchen', 'home-garden']",US,51.96,14.55,4.16,7.79,0.15,1385.0,150.0,4.2,0.55,10000.0,1.0,20.0,50.0,25.0,20.0,45.0,75.0,35.0,65.0,B,"observed:price,sales,reviews,rating,fba_fee; estimated:search_volume,cpc",estimated_default_costs,Imported from Sorftime; ASIN B0CX979FY1; parent B0F1B8D683; brand Superio,https://www.amazon.com/dp/B0CX979FY1,61.5,Watch or collect more data,17.67,0.34,24467.41,87.3,50.8,57.3,27.0,73.0,supplier quote required; estimated profit is not a rejection gate,,,asin:B0CX979FY1,2026-08-24 12:48:06,2026-08-31 08:13:08,6,62.5,61.5,Watch or collect more data,Watch or collect more data,active_in_latest_run,20260831_logic_audit,watchlist,
category:Lidded Storage Bins,B0FVSCWNT9,B0GQM89MK8,"StorageWorks Storage Bins with Lids, Fabric Closet Storage Bins, Large","['Home & Kitchen', 'home-garden']",US,29.99,8.4,2.4,7.93,0.15,971.0,105.0,4.3,0.55,10000.0,1.0,20.0,50.0,25.0,20.0,45.0,75.0,35.0,65.0,B,"observed:price,sales,reviews,rating,fba_fee; estimated:search_volume,cpc",estimated_default_costs,Imported from Sorftime; ASIN B0FVSCWNT9; parent B0GQM89MK8; brand StorageWorks,https://www.amazon.com/dp/B0FVSCWNT9,54.4,Watch or collect more data,6.76,0.2255,6565.42,87.3,50.8,19.4,27.0,73.0,supplier quote required; estimated profit is not a rejection gate,,,asin:B0FVSCWNT9,2026-08-31 08:10:41,2026-08-31 08:13:08,3,62.5,54.4,Watch or collect more data,Watch or collect more data,active_in_latest_run,20260831_logic_audit,watchlist,
category:Open Storage Bins,B0G6TD4QST,B0G6THRNCR,"JMvicyroam 65L Large Woven Cotton Rope Blanket Basket, Oatmeal | Blanket Storage for Living Room or Bedroom Use, Freestanding with Reinforced Handles, Entire Basket is Machine Washable","['Home & Kitchen', 'home-garden']",US,22.99,6.44,1.84,8.5,0.15,1404.0,125.0,4.4,0.55,10000.0,1.0,20.0,50.0,25.0,20.0,45.0,75.0,35.0,65.0,B,"observed:price,sales,reviews,rating,fba_fee; estimated:search_volume,cpc",estimated_default_costs,Imported from Sorftime; ASIN B0G6TD4QST; parent B0G6THRNCR; brand JMvicyroam,https://www.amazon.com/dp/B0G6TD4QST,52.3,Watch or collect more data,2.76,0.1201,3877.15,87.3,50.8,8.2,27.0,73.0,supplier quote required; estimated profit is not a rejection gate,,,asin:B0G6TD4QST,2026-08-31 08:10:41,2026-08-31 08:13:08,3,62.5,52.3,Watch or collect more data,Watch or collect more data,active_in_latest_run,20260831_logic_audit,watchlist,
category:Shelf Baskets,B0FPC9HSG9,B0FPDYN47N,"Fabric Closet Storage Cubes - 6 Pack Square Storage Bins with Dual Handles for Clothes, Towels, Toys, Cube Storage Organizers for Bedroom, Nursery, Shelves, Closet, Small Spaces, Beige","['Home & Kitchen', 'home-garden']",US,23.99,6.72,1.92,8.11,0.15,1301.0,183.0,4.4,0.55,10000.0,1.0,20.0,50.0,25.0,20.0,45.0,75.0,35.0,65.0,B,"observed:price,sales,reviews,rating,fba_fee; estimated:search_volume,cpc",estimated_default_costs,Imported from Sorftime; ASIN B0FPC9HSG9; parent B0FPDYN47N; brand Homsorout,https://www.amazon.com/dp/B0FPC9HSG9,52.8,Watch or collect more data,3.64,0.1518,4737.59,87.3,50.8,10.7,27.0,73.0,supplier quote required; estimated profit is not a rejection gate,,,asin:B0FPC9HSG9,2026-08-31 08:10:41,2026-08-31 08:13:08,3,62.5,52.8,Watch or collect more data,Watch or collect more data,active_in_latest_run,20260831_logic_audit,watchlist,
category:Shelf Baskets,B0DN6TTN1Y,B0DN6SRK2B,"Large Handwoven Water Hyacinth Storage Wicker Basket with 2 Handles - Brown | Handcrafted Rectangular Organizer, Sturdy Iron Frame, Ideal for Towels, Blankets, Shelves & Décor - 16.5“x13“x7.50“","['Home & Kitchen', 'home-garden']",US,35.99,10.08,2.88,11.18,0.15,786.0,125.0,4.5,0.55,10000.0,1.0,20.0,50.0,25.0,20.0,20.0,75.0,35.0,65.0,B,"observed:price,sales,reviews,rating,fba_fee; estimated:search_volume,cpc",estimated_default_costs,Imported from Sorftime; ASIN B0DN6TTN1Y; parent B0DN6SRK2B; brand Pixoframe,https://www.amazon.com/dp/B0DN6TTN1Y,52.6,Watch or collect more data,6.45,0.1793,5070.88,87.3,46.8,14.5,22.0,78.0,supplier quote required; estimated profit is not a rejection gate,,,asin:B0DN6TTN1Y,2026-08-31 08:10:41,2026-08-31 08:13:08,3,61.4,52.6,Watch or collect more data,Watch or collect more data,active_in_latest_run,20260831_logic_audit,watchlist,
category:Open Storage Bins,B0D2QYNRLD,B0F48H5ZVY,"RattanView 6 Pcs 11in Cube Storage Bins Crayon Classroom Cubbies Fabric | Colorful Organizers for Daycare, Stackable Collapsible Design, Treasure Prize Boxes for Students, School Supply Storage","['Home & Kitchen', 'home-garden']",US,29.99,8.4,2.4,8.11,0.15,867.0,114.0,4.5,0.55,10000.0,1.0,20.0,50.0,25.0,20.0,45.0,75.0,35.0,65.0,B,"observed:price,sales,reviews,rating,fba_fee; estimated:search_volume,cpc",estimated_default_costs,Imported from Sorftime; ASIN B0D2QYNRLD; parent B0F48H5ZVY; brand RattanView,https://www.amazon.com/dp/B0D2QYNRLD,52.4,Watch or collect more data,6.58,0.2195,5706.16,87.3,46.8,16.6,27.0,73.0,supplier quote required; estimated profit is not a rejection gate,,,asin:B0D2QYNRLD,2026-08-31 08:10:41,2026-08-31 08:13:08,3,60.7,52.4,Watch or collect more data,Watch or collect more data,active_in_latest_run,20260831_logic_audit,watchlist,
category:Shelf Baskets,B0GJDW2CDL,B0H7XQDXNT,"Yilobi 5 Pack Small Woven Storage Baskets for Shelves, Gift Baskets Empty","['Home & Kitchen', 'home-garden']",US,28.99,8.12,2.32,7.99,0.15,3580.0,330.0,4.0,0.55,10000.0,1.0,20.0,50.0,25.0,20.0,45.0,75.0,35.0,65.0,B,"observed:price,sales,reviews,rating,fba_fee; estimated:search_volume,cpc",estimated_default_costs,Imported from Sorftime; ASIN B0GJDW2CDL; parent B0H7XQDXNT; brand Yilobi,https://www.amazon.com/dp/B0GJDW2CDL,52.0,Watch or collect more data,6.21,0.2143,22237.17,87.3,42.8,22.4,27.0,73.0,supplier quote required; estimated profit is not a rejection gate,,,asin:B0GJDW2CDL,2026-08-31 08:10:41,2026-08-31 08:13:08,3,58.8,52.0,Watch or collect more data,Watch or collect more data,active_in_latest_run,20260831_logic_audit,watchlist,
category:Lidded Storage Bins,B0DVRGDQ4W,B0DVRGQCLD,Decorative Storage Boxes with Lids - Set of 2 Fluted Photo Organizer Bins,"['Home & Kitchen', 'home-garden']",US,29.99,8.4,2.4,7.22,0.15,1390.0,270.0,4.4,0.55,10000.0,1.0,20.0,50.0,25.0,20.0,20.0,75.0,35.0,65.0,B,"observed:price,sales,reviews,rating,fba_fee; estimated:search_volume,cpc",estimated_default_costs,Imported from Sorftime; ASIN B0DVRGDQ4W; parent B0DVRGQCLD; brand ZICOTO,https://www.amazon.com/dp/B0DVRGDQ4W,52.3,Watch or collect more data,7.47,0.2491,10385.38,87.3,40.8,24.9,22.0,78.0,supplier quote required; estimated profit is not a rejection gate,,,asin:B0DVRGDQ4W,2026-08-31 08:10:41,2026-08-31 08:13:08,3,58.7,52.3,Watch or collect more data,Watch or collect more data,active_in_latest_run,20260831_logic_audit,watchlist,
category:Shelf Baskets,B0FFGRNXGY,B0F7YKS5H2,"Criusia 4 Pack Closet Organizers and Storage, Large Linen Closet Baskets for Organization, Foldable Storage Containers for Towels, Clothing, Jeans, Books, Shelves, White","['Home & Kitchen', 'home-garden']",US,28.49,7.98,2.28,5.81,0.15,741.0,241.0,4.4,0.55,10000.0,1.0,20.0,50.0,25.0,20.0,20.0,75.0,35.0,65.0,B,"observed:price,sales,reviews,rating,fba_fee; estimated:search_volume,cpc",estimated_default_costs,Imported from Sorftime; ASIN B0FFGRNXGY; parent B0F7YKS5H2; brand Criusia,https://www.amazon.com/dp/B0FFGRNXGY,52.4,Watch or collect more data,8.15,0.2859,6036.56,87.3,40.8,25.5,22.0,78.0,supplier quote required; estimated profit is not a rejection gate,,,asin:B0FFGRNXGY,2026-08-31 08:10:41,2026-08-31 08:13:08,3,58.7,52.4,Watch or collect more data,Watch or collect more data,active_in_latest_run,20260831_logic_audit,watchlist,
category:Storage Boxes,B0CQLP1HQ6,B0DDKF4223,INFINITKIN Smell Proof Box Large Airtight Storage Box with Lock,"['Home & Kitchen', 'home-garden']",US,39.99,11.2,3.2,7.22,0.15,670.0,342.0,4.6,0.55,10000.0,1.0,20.0,50.0,25.0,20.0,45.0,75.0,35.0,65.0,B,"observed:price,sales,reviews,rating,fba_fee; estimated:search_volume,cpc",estimated_default_costs,Imported from Sorftime; ASIN B0CQLP1HQ6; parent B0DDKF4223; brand INFINITKIN,https://www.amazon.com/dp/B0CQLP1HQ6,53.5,Watch or collect more data,12.37,0.3094,8288.91,87.3,36.8,42.7,27.0,73.0,supplier quote required; estimated profit is not a rejection gate,,,asin:B0CQLP1HQ6,2026-08-31 08:10:41,2026-08-31 08:13:08,3,56.1,53.5,Watch or collect more data,Watch or collect more data,active_in_latest_run,20260831_logic_audit,watchlist,
category:Storage Boxes,B0DRN24XD6,B0DRN7F6FJ,1Pcs Wall-Mounted Storage Box Space-Saving Wall Organizer for Phone Remote Small Items Creative Hanging Storage Easy Install No Electricity Needed(White),"['', '']",US,80.0,22.4,6.4,3.16,0.15,1200.0,285.0,3.8,0.55,10000.0,1.0,20.0,50.0,25.0,20.0,20.0,75.0,35.0,65.0,B,"observed:price,sales,reviews,rating,fba_fee; estimated:search_volume,cpc",estimated_default_costs,Imported from Sorftime; ASIN B0DRN24XD6; parent B0DRN7F6FJ; brand N/A,https://www.amazon.com/dp/B0DRN24XD6,69.1,Watch or collect more data,36.04,0.4505,43248.0,87.3,42.8,86.7,22.0,78.0,landed cost still estimated,,,asin:B0DRN24XD6,2026-08-24 12:48:06,2026-08-24 12:48:06,1,69.1,69.1,Watch or collect more data,Watch or collect more data,not_in_latest_run,20260824_083043,watchlist,
category:Cups & Mugs,B0F672TB5Y,B0GXC3YWRQ,Contigo Superior 2.0 Stainless Steel Travel Mug 20oz with Handle | Leak-Proof Lid | Double-Wall Insulation | Dark Ice | Pack of 4,"['Kitchen & Dining', 'kitchen']",US,67.96,19.03,5.44,12.23,0.15,4166.0,0.0,4.3,0.55,10000.0,1.0,20.0,50.0,25.0,20.0,20.0,,,,,,,Imported from Sorftime; ASIN B0F672TB5Y; parent B0GXC3YWRQ; brand Contigo,https://www.amazon.com/dp/B0F672TB5Y,67.4,Watch or collect more data,21.07,0.31,87760.96,87.3,68.3,60.1,22.0,78.0,gross margin below 35%,,,asin:B0F672TB5Y,2026-05-29 10:45:09,2026-05-29 10:45:09,1,67.4,67.4,Watch or collect more data,Watch or collect more data,not_in_latest_run,20260529_104509,watchlist,
higher_ticket_lightweight,B0D9Q7D66M,B0D9XZLXBP,"VEVOR Air Mover Blower Fan 8 Inch, 1070CFM 195W with 16.4ft Flexible Duct, Industrial Portable Ventilator Blower/Exhaust, Orange","['Tools & Home Improvement', 'hi']",US,100.81,28.23,8.06,20.76,0.15,1494.0,39.0,4.5,0.55,10000.0,1.0,20.0,50.0,25.0,20.0,85.0,,,,,,,Imported from Sorftime; ASIN B0D9Q7D66M; parent B0D9XZLXBP; brand VEVOR,https://www.amazon.com/dp/B0D9Q7D66M,65.0,Watch or collect more data,28.64,0.2841,42785.92,87.3,59.3,64.5,35.0,65.0,gross margin below 35%; oversize risk,,,asin:B0D9Q7D66M,2026-05-23 18:59:50,2026-05-23 18:59:50,1,65.0,65.0,Watch or collect more data,Watch or collect more data,not_in_latest_run,20260523_185950,watchlist,
higher_ticket_lightweight,B09RD1ZWVK,B0F67CPZ42,MOJO Outdoors Turkey Hunting Decoys and Accessories,"['Sports & Outdoors', 'sporting-goods']",US,71.47,20.01,5.72,13.24,0.15,1494.0,55.0,4.4,0.55,10000.0,1.0,20.0,50.0,25.0,20.0,60.0,,,,,,,Imported from Sorftime; ASIN B09RD1ZWVK; parent B0F67CPZ42; brand MOJO Outdoors,https://www.amazon.com/dp/B09RD1ZWVK,63.9,Watch or collect more data,21.78,0.3047,32538.57,87.3,58.3,60.9,30.0,70.0,gross margin below 35%; oversize risk,,,asin:B09RD1ZWVK,2026-05-23 18:59:50,2026-05-23 18:59:50,1,63.9,63.9,Watch or collect more data,Watch or collect more data,not_in_latest_run,20260523_185950,watchlist,
higher_ticket_lightweight,B0BXFSKDC4,B09WLX2SQY,Alexander Home The Original Greek Salt Mill 9 Inch Tall | European Salt Mill Grinder with Crank Handle | Manual Salt Grinder | Salt Refillable - Copper,"['Kitchen & Dining', 'kitchen']",US,79.8,22.34,6.38,5.41,0.15,1494.0,615.0,4.3,0.55,10000.0,1.0,20.0,50.0,25.0,20.0,20.0,,,,,,,Imported from Sorftime; ASIN B0BXFSKDC4; parent B09WLX2SQY; brand Alexander Home,https://www.amazon.com/dp/B0BXFSKDC4,63.4,Watch or collect more data,33.7,0.4223,50347.8,87.3,28.3,83.0,22.0,78.0,clean early risk profile,,,asin:B0BXFSKDC4,2026-05-23 18:59:50,2026-05-23 20:21:21,2,63.4,63.4,Watch or collect more data,Watch or collect more data,not_in_latest_run,20260523_202121,watchlist,
category:Storage Boxes,B0FN8HSZHC,B0FN8HSZHC,"CNEIESD 2 Count 160 Quart Wheeled Stacker, Extra Large Durable Clear Bin, Box with Latch Lid and Pull Handle | Extra Large, Durable Clear Bin, Latch Lid, Pull Handle","['Home & Kitchen', 'home-garden']",US,52.85,14.8,4.23,9.51,0.15,641.0,45.0,4.1,0.55,10000.0,1.0,20.0,50.0,25.0,20.0,20.0,65.0,20.0,53.8,C,"observed:price,sales,reviews,rating; estimated:fba_fee,search_volume,cpc",estimated_default_costs,Imported from Sorftime; ASIN B0FN8HSZHC; parent B0FN8HSZHC; brand CNEIESD,https://www.amazon.com/dp/B0FN8HSZHC,63.3,Watch or collect more data,16.38,0.31,10501.18,87.3,65.3,50.8,22.0,78.0,gross margin below 35%; evidence confidence below supplier-validation threshold; landed cost still estimated,,,asin:B0FN8HSZHC,2026-08-24 12:48:06,2026-08-24 12:48:06,1,63.3,63.3,Watch or collect more data,Watch or collect more data,not_in_latest_run,20260824_083043,watchlist,
category:Vertical Plate Holders,B0F32HV3WZ,B0FMN7NQDK,"Plate Hangers for The Wall, Suitable for 8-10 Inch Wall Plate Hangers for Display 12 Pack Stainless Steel Invisible with Invisible Nails Plate Hangers for Displaying Plates Decorative(Gold)","['Kitchen & Dining', 'kitchen']",US,13.59,3.81,1.09,4.45,0.15,623.0,101.0,4.3,0.55,10000.0,1.0,20.0,50.0,25.0,20.0,20.0,75.0,35.0,65.0,B,"observed:price,sales,reviews,rating,fba_fee; estimated:search_volume,cpc",estimated_default_costs,Imported from Sorftime; ASIN B0F32HV3WZ; parent B0FMN7NQDK; brand TNsughang,https://www.amazon.com/dp/B0F32HV3WZ,63.3,Watch or collect more data,2.2,0.162,1371.53,87.3,50.8,1.1,22.0,78.0,supplier quote required; estimated profit is not a rejection gate,,,asin:B0F32HV3WZ,2026-08-31 08:10:41,2026-08-31 08:10:41,1,63.3,63.3,Watch or collect more data,Watch or collect more data,not_in_latest_run,20260831_personal_seller_rules,watchlist,
category:Shelf Baskets,B0FRM82YBD,B0FRGHMVTZ,Beautiful Storage Basket Set of 3 - Sturdy Jute Rope Baskets for Shelves,"['Home & Kitchen', 'home-garden']",US,17.99,5.04,1.44,7.73,0.15,1226.0,186.0,4.4,0.55,10000.0,1.0,20.0,50.0,25.0,20.0,20.0,75.0,35.0,65.0,B,"observed:price,sales,reviews,rating,fba_fee; estimated:search_volume,cpc",estimated_default_costs,Imported from Sorftime; ASIN B0FRM82YBD; parent B0FRGHMVTZ; brand ZICOTO,https://www.amazon.com/dp/B0FRM82YBD,63.3,Watch or collect more data,1.08,0.0601,1325.92,87.3,50.8,0.9,22.0,78.0,supplier quote required; estimated profit is not a rejection gate,,,asin:B0FRM82YBD,2026-08-31 08:10:41,2026-08-31 08:10:41,1,63.3,63.3,Watch or collect more data,Watch or collect more data,not_in_latest_run,20260831_personal_seller_rules,watchlist,
higher_ticket_lightweight,B0FNWQSHG5,B0FRF3MH9Z,"2500W Handheld Steam Cleaner, 3-Level Adjustable Steam Cleaner for Home with 21 Accessories, Multipurpose Portable Steamer Cleaning for Car,Floor,Furniture,Tile,Grout,Couch,Fast Heat-Up (Green)","['Home & Kitchen', 'home-garden']",US,64.99,18.2,5.2,8.36,0.15,1490.0,327.0,4.1,0.55,10000.0,1.0,20.0,50.0,25.0,20.0,65.0,,,,,,,Imported from Sorftime; ASIN B0FNWQSHG5; parent B0FRF3MH9Z; brand Granarbol,https://www.amazon.com/dp/B0FNWQSHG5,63.0,Watch or collect more data,23.48,0.3613,34987.43,87.3,42.8,71.8,31.0,69.0,oversize risk,,,asin:B0FNWQSHG5,2026-05-23 18:59:50,2026-05-23 18:59:50,1,63.0,63.0,Watch or collect more data,Watch or collect more data,not_in_latest_run,20260523_185950,watchlist,
higher_ticket_lightweight,B0DHVB8L17,B0GKP3QPZ4,"FERUERW Hexagon Garage Lights 3 Level Dimmable, High Brightness 168W 5600 to 18480 Lumens 6500K Honeycomb Led Light 5 Grid for Garage, Auto Beauty Shop, Car Detailing Shop, Workshop","['Tools & Home Improvement', 'hi']",US,69.99,19.6,5.6,14.06,0.15,1493.0,59.0,3.9,0.55,10000.0,1.0,20.0,50.0,25.0,20.0,65.0,,,,,,,Imported from Sorftime; ASIN B0DHVB8L17; parent B0GKP3QPZ4; brand FERUERW,https://www.amazon.com/dp/B0DHVB8L17,62.6,Watch or collect more data,20.23,0.2891,30205.63,87.3,60.3,55.7,31.0,69.0,gross margin below 35%; oversize risk,,,asin:B0DHVB8L17,2026-05-23 18:59:50,2026-05-23 18:59:50,1,62.6,62.6,Watch or collect more data,Watch or collect more data,not_in_latest_run,20260523_185950,watchlist,
higher_ticket_lightweight,B0DS43F2H1,B0GXVZD97D,"Huuger Computer Desk with 6 Drawers, Office Desk with Shelves, Reversible Gaming Desk, Large Corner Desk with Storage, Work for Home Office, Study, Living Room, 63inch, Rustic Brown","['Home & Kitchen', 'home-garden']",US,107.99,30.24,8.64,30.27,0.15,1499.0,28.0,4.5,0.55,10000.0,1.0,20.0,50.0,25.0,20.0,85.0,,,,,,,Imported from Sorftime; ASIN B0DS43F2H1; parent B0GXVZD97D; brand Huuger,https://www.amazon.com/dp/B0DS43F2H1,61.7,Watch or collect more data,22.64,0.2097,33939.61,87.3,59.3,55.3,35.0,65.0,gross margin below 35%; oversize risk,,,asin:B0DS43F2H1,2026-05-23 18:59:50,2026-05-23 18:59:50,1,61.7,61.7,Watch or collect more data,Watch or collect more data,not_in_latest_run,20260523_185950,watchlist,
higher_ticket_lightweight,B0G3PCTQ23,B0DRJ8NH1N,"VIVOHOME 2-Pack Galvanized Steel Hand Rails for Outdoor Steps – 27.1“ Curved Ends and Safety Balusters Exterior Railing Kit for Porch, Deck, or Indoor Stairs (3-Step, Black)","['Tools & Home Improvement', 'hi']",US,149.99,42.0,12.0,23.78,0.15,1496.0,396.0,4.4,0.55,10000.0,1.0,20.0,50.0,25.0,20.0,85.0,,,,,,,Imported from Sorftime; ASIN B0G3PCTQ23; parent B0DRJ8NH1N; brand VIVOHOME,https://www.amazon.com/dp/B0G3PCTQ23,61.6,Watch or collect more data,49.71,0.3314,74368.4,87.3,40.8,70.9,35.0,65.0,gross margin below 35%; oversize risk,,,asin:B0G3PCTQ23,2026-05-23 18:59:50,2026-05-23 18:59:50,1,61.6,61.6,Watch or collect more data,Watch or collect more data,not_in_latest_run,20260523_185950,watchlist,
category:Vertical Plate Holders,B0DL5R2YBH,B0F8ZYMJKF,2Pcs Paper Plate Dispenser for 6-9.5 In Disposable Plates,"['Kitchen & Dining', 'kitchen']",US,18.99,5.32,1.52,6.37,0.15,601.0,148.0,4.5,0.55,10000.0,1.0,20.0,50.0,25.0,20.0,20.0,75.0,35.0,65.0,B,"observed:price,sales,reviews,rating,fba_fee; estimated:search_volume,cpc",estimated_default_costs,Imported from Sorftime; ASIN B0DL5R2YBH; parent B0F8ZYMJKF; brand TOWARDFUN,https://www.amazon.com/dp/B0DL5R2YBH,61.4,Watch or collect more data,2.93,0.1544,1761.83,87.3,46.8,2.2,22.0,78.0,supplier quote required; estimated profit is not a rejection gate,,,asin:B0DL5R2YBH,2026-08-31 08:10:41,2026-08-31 08:10:41,1,61.4,61.4,Watch or collect more data,Watch or collect more data,not_in_latest_run,20260831_personal_seller_rules,watchlist,
category:Lidded Storage Bins,B0FS1V9M3V,B0FS1S8L7Z,Decorative Linen Storage Boxes with Lids - Spacious Set of 2 Organizer Bins,"['Home & Kitchen', 'home-garden']",US,14.21,3.98,1.14,5.35,0.15,970.0,195.0,4.6,0.55,10000.0,1.0,20.0,50.0,25.0,20.0,20.0,75.0,35.0,65.0,B,"observed:price,sales,reviews,rating,fba_fee; estimated:search_volume,cpc",estimated_default_costs,Imported from Sorftime; ASIN B0FS1V9M3V; parent B0FS1S8L7Z; brand ZICOTO,https://www.amazon.com/dp/B0FS1V9M3V,61.4,Watch or collect more data,1.61,0.1132,1560.25,87.3,46.8,1.6,22.0,78.0,supplier quote required; estimated profit is not a rejection gate,,,asin:B0FS1V9M3V,2026-08-31 08:10:41,2026-08-31 08:10:41,1,61.4,61.4,Watch or collect more data,Watch or collect more data,not_in_latest_run,20260831_personal_seller_rules,watchlist,
category:Shelf Baskets,B0FWHPDCLX,B0FWHPGQS9,"Small Wicker Basket for Organizing, Woven Storage Basket Sets of 3","['Home & Kitchen', 'home-garden']",US,19.99,5.6,1.6,7.73,0.15,920.0,115.0,4.5,0.55,10000.0,1.0,20.0,50.0,25.0,20.0,20.0,75.0,35.0,65.0,B,"observed:price,sales,reviews,rating,fba_fee; estimated:search_volume,cpc",estimated_default_costs,Imported from Sorftime; ASIN B0FWHPDCLX; parent B0FWHPGQS9; brand SEVDIZON,https://www.amazon.com/dp/B0FWHPDCLX,61.4,Watch or collect more data,2.06,0.1031,1896.58,87.3,46.8,2.6,22.0,78.0,supplier quote required; estimated profit is not a rejection gate,,,asin:B0FWHPDCLX,2026-08-31 08:10:41,2026-08-31 08:10:41,1,61.4,61.4,Watch or collect more data,Watch or collect more data,not_in_latest_run,20260831_personal_seller_rules,watchlist,
category:Storage Boxes,B0FHPNMYMY,B0DZX13PBT,"10 Pack Flat Shallow Clear Storage Box, Drawer Organizer Tray","['Home & Kitchen', 'home-garden']",US,19.99,5.6,1.6,7.93,0.15,512.0,107.0,4.6,0.55,10000.0,1.0,20.0,50.0,25.0,20.0,20.0,75.0,35.0,65.0,B,"observed:price,sales,reviews,rating,fba_fee; estimated:search_volume,cpc",estimated_default_costs,Imported from Sorftime; ASIN B0FHPNMYMY; parent B0DZX13PBT; brand Swuj,https://www.amazon.com/dp/B0FHPNMYMY,61.4,Watch or collect more data,1.86,0.0931,953.09,87.3,46.8,0.0,22.0,78.0,supplier quote required; estimated profit is not a rejection gate,,,asin:B0FHPNMYMY,2026-08-31 08:10:41,2026-08-31 08:10:41,1,61.4,61.4,Watch or collect more data,Watch or collect more data,not_in_latest_run,20260831_personal_seller_rules,watchlist,
higher_ticket_lightweight,B0GF1C8T7G,B0DBVNH8JX,"BITPOTT Solar Pathway Lights Outdoor,Bright Solar Lights for Outside, Waterproof Auto On/Off Garden Lights Solar Powered Landscape Lights for Yard Walkway Driveway Lawn (Cool White, 12 Pack)","['Tools & Home Improvement', 'hi']",US,81.59,22.85,6.53,9.31,0.15,1494.0,464.0,4.4,0.55,10000.0,1.0,20.0,50.0,25.0,20.0,20.0,,,,,,,Imported from Sorftime; ASIN B0GF1C8T7G; parent B0DBVNH8JX; brand BITPOTT,https://www.amazon.com/dp/B0GF1C8T7G,61.3,Watch or collect more data,30.66,0.3758,45808.28,87.3,28.3,76.8,22.0,78.0,clean early risk profile,,,asin:B0GF1C8T7G,2026-05-23 18:59:50,2026-05-23 20:21:21,2,61.3,61.3,Watch or collect more data,Watch or collect more data,not_in_latest_run,20260523_202121,watchlist,
higher_ticket_lightweight,B0DLZTH1BQ,B0DLZL3F37,"Hananona 2 Pcs Artificial Camellia Trees Faux Camellia Plant in Pot with Flowers Indoor Plants for Spring Home Decor Outdoor Porch Front Door Decor (Red, M)","['Home & Kitchen', 'home-garden']",US,80.99,22.68,6.48,15.77,0.15,1496.0,139.0,4.6,0.55,10000.0,1.0,20.0,50.0,25.0,20.0,85.0,,,,,,,Imported from Sorftime; ASIN B0DLZTH1BQ; parent B0DLZL3F37; brand Hananona,https://www.amazon.com/dp/B0DLZTH1BQ,61.0,Watch or collect more data,23.91,0.2952,35771.6,87.3,46.8,63.9,35.0,65.0,gross margin below 35%; oversize risk,,,asin:B0DLZTH1BQ,2026-05-23 18:59:50,2026-05-23 18:59:50,1,61.0,61.0,Watch or collect more data,Watch or collect more data,not_in_latest_run,20260523_185950,watchlist,
category:Bathroom Shelves,B0GCKCF3M4,B0GCJT42JD,"Outlet Shelf with Cord Storage, White Wall Holder for Bathroom, 1 Pack","['Tools & Home Improvement', 'hi']",US,13.59,3.81,1.09,4.46,0.15,395.0,63.0,4.6,0.55,10000.0,1.0,20.0,50.0,25.0,20.0,20.0,75.0,35.0,65.0,B,"observed:price,sales,reviews,rating,fba_fee; estimated:search_volume,cpc",estimated_default_costs,Imported from Sorftime; ASIN B0GCKCF3M4; parent B0GCJT42JD; brand Gaidas,https://www.amazon.com/dp/B0GCKCF3M4,60.9,Watch or collect more data,2.19,0.1613,865.64,69.8,54.3,0.0,22.0,78.0,supplier quote required; estimated profit is not a rejection gate,,,asin:B0GCKCF3M4,2026-08-31 08:10:41,2026-08-31 08:10:41,1,60.9,60.9,Watch or collect more data,Watch or collect more data,not_in_latest_run,20260831_personal_seller_rules,watchlist,
category:Open Storage Bins,B0GQSM6463,B0H3THVDN2,"SONGMICS Storage Cubes, Set of 6 Foldable Organizer Boxes with Handles | Fabric Boxes, 10.2 x 10.2 x 11 Inches, Odorless, for Closet Shelves, Cloud White and Summer Sand, TINA Collection URFB426LF02","['Home & Kitchen', 'home-garden']",US,21.94,6.14,1.76,8.03,0.15,1591.0,129.0,4.5,0.55,10000.0,1.0,20.0,50.0,25.0,20.0,45.0,75.0,35.0,65.0,B,"observed:price,sales,reviews,rating,fba_fee; estimated:search_volume,cpc",estimated_default_costs,Imported from Sorftime; ASIN B0GQSM6463; parent B0H3THVDN2; brand SONGMICS,https://www.amazon.com/dp/B0GQSM6463,60.7,Watch or collect more data,2.72,0.1239,4325.93,87.3,46.8,9.5,27.0,73.0,supplier quote required; estimated profit is not a rejection gate,,,asin:B0GQSM6463,2026-08-31 08:10:41,2026-08-31 08:10:41,1,60.7,60.7,Watch or collect more data,Watch or collect more data,not_in_latest_run,20260831_personal_seller_rules,watchlist,
category:Shelf Baskets,B0GGX2DTGC,B0GV8C463F,"Goodpick 4 Pack Storage Baskets for Organizing Shelves, Light Brown & White","['Home & Kitchen', 'home-garden']",US,25.19,7.05,2.02,8.59,0.15,1109.0,118.0,4.5,0.55,10000.0,1.0,20.0,50.0,25.0,20.0,45.0,75.0,35.0,65.0,B,"observed:price,sales,reviews,rating,fba_fee; estimated:search_volume,cpc",estimated_default_costs,Imported from Sorftime; ASIN B0GGX2DTGC; parent B0GV8C463F; brand Goodpick,https://www.amazon.com/dp/B0GGX2DTGC,60.7,Watch or collect more data,3.75,0.1489,4160.41,87.3,46.8,9.0,27.0,73.0,supplier quote required; estimated profit is not a rejection gate,,,asin:B0GGX2DTGC,2026-08-31 08:10:41,2026-08-31 08:10:41,1,60.7,60.7,Watch or collect more data,Watch or collect more data,not_in_latest_run,20260831_personal_seller_rules,watchlist,
category:Storage Boxes,B0GZHQRBB3,B0HBJ3CVXY,"EOENVIVS 4 Pack Clear Storage Bins with Lids, Stackable A4 & US Letter File Box Organizers, Craft Storage Bins and Sensory Bins for Classroom, Kids Art Supplies, Documents and Projects, Black Latches","['Home & Kitchen', 'home-garden']",US,25.99,7.28,2.08,9.26,0.15,869.0,120.0,4.5,0.55,10000.0,1.0,20.0,50.0,25.0,20.0,45.0,75.0,35.0,65.0,B,"observed:price,sales,reviews,rating,fba_fee; estimated:search_volume,cpc",estimated_default_costs,Imported from Sorftime; ASIN B0GZHQRBB3; parent B0HBJ3CVXY; brand EOENVIVS,https://www.amazon.com/dp/B0GZHQRBB3,60.7,Watch or collect more data,3.47,0.1336,3016.73,87.3,46.8,5.8,27.0,73.0,supplier quote required; estimated profit is not a rejection gate,,,asin:B0GZHQRBB3,2026-08-31 08:10:41,2026-08-31 08:10:41,1,60.7,60.7,Watch or collect more data,Watch or collect more data,not_in_latest_run,20260831_personal_seller_rules,watchlist,
category:Bathroom Shelves,B0FGTSGJFD,B0FBWKLMS5,"2-Tier Corner Bathroom Counter Organizer, Larger Size","['Home & Kitchen', 'home-garden']",US,22.99,6.44,1.84,6.78,0.15,947.0,143.0,4.5,0.55,10000.0,1.0,20.0,50.0,25.0,20.0,45.0,75.0,35.0,65.0,B,"observed:price,sales,reviews,rating,fba_fee; estimated:search_volume,cpc",estimated_default_costs,Imported from Sorftime; ASIN B0FGTSGJFD; parent B0FBWKLMS5; brand Aollewoiti,https://www.amazon.com/dp/B0FGTSGJFD,60.7,Watch or collect more data,4.48,0.1949,4243.98,87.3,46.8,9.3,27.0,73.0,supplier quote required; estimated profit is not a rejection gate,,,asin:B0FGTSGJFD,2026-08-31 08:10:41,2026-08-31 08:10:41,1,60.7,60.7,Watch or collect more data,Watch or collect more data,not_in_latest_run,20260831_personal_seller_rules,watchlist,
higher_ticket_lightweight,B0G6NVWZ9X,B0GC7FNKZB,"Gourmia Toaster Oven Digital Air Fryer - Convection Mode with 4 Slice Capacity, 3 Rack Positions, 12 Presets, Toast, Bagel, Bake, Roast, Broil, Dehydrate, Popcorn, Fits 9“ Pizza, Black","['Kitchen & Dining', 'kitchen']",US,89.95,25.19,7.2,17.49,0.15,1493.0,390.0,4.0,0.55,10000.0,1.0,20.0,50.0,25.0,20.0,85.0,,,,,,,Imported from Sorftime; ASIN B0G6NVWZ9X; parent B0GC7FNKZB; brand Gourmia,https://www.amazon.com/dp/B0G6NVWZ9X,60.6,Watch or collect more data,26.58,0.2955,39680.21,87.3,42.8,66.1,35.0,65.0,gross margin below 35%; oversize risk,,,asin:B0G6NVWZ9X,2026-05-23 18:59:50,2026-05-23 18:59:50,1,60.6,60.6,Watch or collect more data,Watch or collect more data,not_in_latest_run,20260523_185950,watchlist,
category:Beer Glasses,B0FZM9N9TL,B0FZM9N9TL,"Official FIFA World Cup 2026 Edition - 17oz Pilsner Beer Glass & 6-Inch Trophy Bottle Opener Gift Set - 1 of Each - Perfect for Parties, Mancaves, Gamedays, Tailgates, BBQ’s - Collectors Drinkware Set","['Sports & Outdoors', 'sporting-goods']",US,39.99,11.2,3.2,5.94,0.15,1282.0,124.0,4.6,0.55,10000.0,1.0,20.0,50.0,25.0,20.0,20.0,,,,,,,Imported from Sorftime; ASIN B0FZM9N9TL; parent B0FZM9N9TL; brand Wagon International,https://www.amazon.com/dp/B0FZM9N9TL,57.3,Watch or collect more data,13.65,0.3414,17501.22,87.3,46.8,49.5,22.0,78.0,gross margin below 35%,,,asin:B0FZM9N9TL,2026-05-29 10:45:09,2026-08-09 17:39:08,2,60.4,57.3,Watch or collect more data,Watch or collect more data,not_in_latest_run,20260809_173908,watchlist,
category:Vertical Plate Holders,B07XRXPYSX,B09BZYVHVH,"Plymor Gold Plate Hanger for 2-3 inch Plates, Pack of 2 | Spring-steel, wall-mountable; edge hooks grip the rim of china & collector plates; 2.25 x 1.25 x 0.375 inches (H x W x D)","['Kitchen & Dining', 'kitchen']",US,14.01,3.92,1.12,3.92,0.15,460.0,186.0,4.5,0.55,10000.0,1.0,20.0,50.0,25.0,20.0,20.0,75.0,35.0,65.0,B,"observed:price,sales,reviews,rating,fba_fee; estimated:search_volume,cpc",estimated_default_costs,Imported from Sorftime; ASIN B07XRXPYSX; parent B09BZYVHVH; brand Plymor,https://www.amazon.com/dp/B07XRXPYSX,59.9,Watch or collect more data,2.95,0.2105,1356.31,80.6,46.8,1.0,22.0,78.0,supplier quote required; estimated profit is not a rejection gate,,,asin:B07XRXPYSX,2026-08-31 08:10:41,2026-08-31 08:10:41,1,59.9,59.9,Watch or collect more data,Watch or collect more data,not_in_latest_run,20260831_personal_seller_rules,watchlist,
higher_ticket_lightweight,B0GFJMQQ1Q,B0FZGP8PDD,"3 Pcs 42L Medium Collapsible Plastic Laundry Basket with Handles, Foldable Laundry Basket Hamper, Pop Up Storage Container Organizer for Washing Storage (Gery, 17 Inch * 13 Inch * 15 Inch)","['Home & Kitchen', 'home-garden']",US,56.99,15.96,4.56,10.32,0.15,1497.0,114.0,4.1,0.55,10000.0,1.0,20.0,50.0,25.0,20.0,65.0,,,,,,,Imported from Sorftime; ASIN B0GFJMQQ1Q; parent B0FZGP8PDD; brand ZAUNFOOY,https://www.amazon.com/dp/B0GFJMQQ1Q,59.4,Watch or collect more data,17.6,0.3089,26349.45,87.3,52.8,53.0,31.0,69.0,gross margin below 35%; oversize risk,,,asin:B0GFJMQQ1Q,2026-05-23 18:59:50,2026-05-23 18:59:50,1,59.4,59.4,Watch or collect more data,Watch or collect more data,not_in_latest_run,20260523_185950,watchlist,
category:Cookie Jars,B0CV7H2DLQ,B0GYNJ1MWB,"MACKENZIE-CHILDS Glass Sweets Jar with Lid, Pink-and-White Rosy Check","['Kitchen & Dining', 'kitchen']",US,69.95,19.59,5.6,8.7,0.15,278.0,151.0,4.5,0.55,10000.0,1.0,20.0,50.0,25.0,20.0,45.0,75.0,35.0,65.0,B,"observed:price,sales,reviews,rating,fba_fee; estimated:search_volume,cpc",estimated_default_costs,Imported from Sorftime; ASIN B0CV7H2DLQ; parent B0GYNJ1MWB; brand MACKENZIE-CHILDS,https://www.amazon.com/dp/B0CV7H2DLQ,59.4,Watch or collect more data,25.57,0.3655,7107.77,50.3,46.8,72.9,27.0,73.0,landed cost still estimated,,,asin:B0CV7H2DLQ,2026-08-17 13:44:12,2026-08-17 13:44:12,1,59.4,59.4,Watch or collect more data,Watch or collect more data,not_in_latest_run,20260817_083848,watchlist,
category:Lidded Storage Bins,B0FPRFFNH6,B0G1KJT88T,"Extra Large Storage Bin, 40 Gallon Wheeled Plastic Storage Container with Handle, Green, Pack of 2 (GREEN)","['Home & Kitchen', 'home-garden']",US,49.99,14.0,4.0,9.0,0.15,1092.0,96.0,4.6,0.55,10000.0,1.0,20.0,50.0,25.0,20.0,20.0,65.0,20.0,53.8,C,"observed:price,sales,reviews,rating; estimated:fba_fee,search_volume,cpc",estimated_default_costs,Imported from Sorftime; ASIN B0FPRFFNH6; parent B0G1KJT88T; brand COKELARIA,https://www.amazon.com/dp/B0FPRFFNH6,59.3,Watch or collect more data,15.49,0.3099,16916.72,87.3,54.3,49.0,22.0,78.0,gross margin below 35%; evidence confidence below supplier-validation threshold; landed cost still estimated,,,asin:B0FPRFFNH6,2026-08-24 12:48:06,2026-08-24 12:48:06,1,59.3,59.3,Watch or collect more data,Watch or collect more data,not_in_latest_run,20260824_083043,watchlist,
category:Shelf Baskets,B0GTLCP7LN,B0DQTBQ5C9,"Nonam Wicker Storage Basket with Lid,Seagrass Shelf Basket Set of 2,Coffee","['Home & Kitchen', 'home-garden']",US,25.99,7.28,2.08,8.03,0.15,2139.0,377.0,4.3,0.55,10000.0,1.0,20.0,50.0,25.0,20.0,20.0,75.0,35.0,65.0,B,"observed:price,sales,reviews,rating,fba_fee; estimated:search_volume,cpc",estimated_default_costs,Imported from Sorftime; ASIN B0GTLCP7LN; parent B0DQTBQ5C9; brand Nonam,https://www.amazon.com/dp/B0GTLCP7LN,58.7,Watch or collect more data,4.7,0.1809,10056.51,87.3,40.8,20.0,22.0,78.0,supplier quote required; estimated profit is not a rejection gate,,,asin:B0GTLCP7LN,2026-08-31 08:10:41,2026-08-31 08:10:41,1,58.7,58.7,Watch or collect more data,Watch or collect more data,not_in_latest_run,20260831_personal_seller_rules,watchlist,
category:Bathroom Trays,B0D9N76JCB,B0D9N66V98,"Sumnacon Small Wicker Basket with Lid,Tampon Holder for Bathroom,Coffee,XS","['Home & Kitchen', 'home-garden']",US,15.99,4.48,1.28,5.77,0.15,1199.0,272.0,4.4,0.55,10000.0,1.0,20.0,50.0,25.0,20.0,20.0,75.0,35.0,65.0,B,"observed:price,sales,reviews,rating,fba_fee; estimated:search_volume,cpc",estimated_default_costs,Imported from Sorftime; ASIN B0D9N76JCB; parent B0D9N66V98; brand Sumnacon,https://www.amazon.com/dp/B0D9N76JCB,58.7,Watch or collect more data,2.06,0.1289,2471.74,87.3,40.8,4.2,22.0,78.0,supplier quote required; estimated profit is not a rejection gate,,,asin:B0D9N76JCB,2026-08-31 08:10:41,2026-08-31 08:10:41,1,58.7,58.7,Watch or collect more data,Watch or collect more data,not_in_latest_run,20260831_personal_seller_rules,watchlist,
category:Vertical Plate Holders,B0G19GYRSS,B0GWD38S4B,Tnkcter 40 Pack Premium Invisible Plate Hangers for Walls (Round & Square),"['Kitchen & Dining', 'kitchen']",US,13.99,3.92,1.12,4.87,0.15,205.0,35.0,4.0,0.55,10000.0,1.0,20.0,50.0,25.0,20.0,20.0,75.0,35.0,65.0,B,"observed:price,sales,reviews,rating,fba_fee; estimated:search_volume,cpc",estimated_default_costs,Imported from Sorftime; ASIN B0G19GYRSS; parent B0GWD38S4B; brand Tnkcter,https://www.amazon.com/dp/B0G19GYRSS,58.6,Watch or collect more data,1.98,0.1416,406.21,38.1,65.3,0.0,22.0,78.0,supplier quote required; estimated profit is not a rejection gate,,,asin:B0G19GYRSS,2026-08-31 08:10:41,2026-08-31 08:10:41,1,58.6,58.6,Watch or collect more data,Watch or collect more data,not_in_latest_run,20260831_personal_seller_rules,watchlist,
category:Bathroom Shelves,B0H4YM29XQ,B0H6J54PH6,Gold Acrylic Bathroom Shelf Wall Mounted Floating Organizer with Front Lip,"['Tools & Home Improvement', 'hi']",US,17.99,5.04,1.44,6.37,0.15,222.0,24.0,4.4,0.55,10000.0,1.0,20.0,50.0,25.0,20.0,20.0,75.0,35.0,65.0,B,"observed:price,sales,reviews,rating,fba_fee; estimated:search_volume,cpc",estimated_default_costs,Imported from Sorftime; ASIN B0H4YM29XQ; parent B0H6J54PH6; brand Care&More YJ,https://www.amazon.com/dp/B0H4YM29XQ,58.4,Watch or collect more data,2.44,0.1357,542.01,41.0,63.3,0.0,22.0,78.0,supplier quote required; estimated profit is not a rejection gate,,,asin:B0H4YM29XQ,2026-08-31 08:10:41,2026-08-31 08:10:41,1,58.4,58.4,Watch or collect more data,Watch or collect more data,not_in_latest_run,20260831_personal_seller_rules,watchlist,
higher_ticket_lightweight,B0CXT2N5B7,B0DGQ5LQ4J,"Hompet Dog Grass Pad with Tray Large, 41'x27', 2 Reusable Artificial Turf for Dogs Potty, Waterproof Non-Slip Washable Pee Pads, Quickly Absorbency Portable Dog Litter Box for Indoor/Outdoor Use","['Pet Supplies', 'pet-supplies']",US,109.99,30.8,8.8,17.42,0.15,1498.0,505.0,4.3,0.55,10000.0,1.0,20.0,50.0,25.0,20.0,65.0,,,,,,,Imported from Sorftime; ASIN B0CXT2N5B7; parent B0DGQ5LQ4J; brand Hompet,https://www.amazon.com/dp/B0CXT2N5B7,58.3,Watch or collect more data,36.47,0.3316,54634.31,87.3,28.3,70.9,31.0,69.0,gross margin below 35%; oversize risk,,,asin:B0CXT2N5B7,2026-05-23 18:59:50,2026-05-23 18:59:50,1,58.3,58.3,Watch or collect more data,Watch or collect more data,not_in_latest_run,20260523_185950,watchlist,
higher_ticket_lightweight,B0DH22GSX2,B0DQW1RB93,"RUGSREAL Living Room Area Rug 9x12 Machine Washable Rug Non-Slip Stain Resistant Modern Abstract Bedroom Rug Contemporary Throw Floor Carpet for Dining Room Solid Area Rug for Home Office, Beige","['Home & Kitchen', 'home-garden']",US,142.49,39.9,11.4,22.45,0.15,1491.0,567.0,4.2,0.55,10000.0,1.0,20.0,50.0,25.0,20.0,85.0,,,,,,,Imported from Sorftime; ASIN B0DH22GSX2; parent B0DQW1RB93; brand RUGSREAL,https://www.amazon.com/dp/B0DH22GSX2,57.9,Watch or collect more data,47.37,0.3324,70623.45,87.3,28.3,71.0,35.0,65.0,gross margin below 35%; oversize risk,,,asin:B0DH22GSX2,2026-05-23 18:59:50,2026-05-23 18:59:50,1,57.9,57.9,Watch or collect more data,Watch or collect more data,not_in_latest_run,20260523_185950,watchlist,
category:Lidded Storage Bins,B0GL1TBL8M,B0H5C7K6NW,"Storage Bins with Lids,7Qt Clear Stackable Storage Containers With Lids Buckle Latches.Perfect for LEGO, Crafts, Office Supplies, and Dorm Room Organization,6-Pack (Clear)","['Home & Kitchen', 'home-garden']",US,23.49,6.58,1.88,9.55,0.15,1609.0,244.0,4.4,0.55,10000.0,1.0,20.0,50.0,25.0,20.0,45.0,75.0,35.0,65.0,B,"observed:price,sales,reviews,rating,fba_fee; estimated:search_volume,cpc",estimated_default_costs,Imported from Sorftime; ASIN B0GL1TBL8M; parent B0H5C7K6NW; brand AREYZIN,https://www.amazon.com/dp/B0GL1TBL8M,57.9,Watch or collect more data,1.96,0.0833,3148.01,87.3,40.8,6.1,27.0,73.0,supplier quote required; estimated profit is not a rejection gate,,,asin:B0GL1TBL8M,2026-08-31 08:10:41,2026-08-31 08:10:41,1,57.9,57.9,Watch or collect more data,Watch or collect more data,not_in_latest_run,20260831_personal_seller_rules,watchlist,
category:Shelf Baskets,B0DR8HJFWB,B0F8B2N5R5,"UBBCARE 2 Pack Wicker Basket, 10.5×10.5 Storage Cubes with Label, Foldable Cube Storage Bin with Handle, Square Storage Basket for Shelves, Woven Paper Rope Basket for Organizing, Black","['Home & Kitchen', 'home-garden']",US,21.99,6.16,1.76,7.92,0.15,967.0,208.0,4.4,0.55,10000.0,1.0,20.0,50.0,25.0,20.0,45.0,75.0,35.0,65.0,B,"observed:price,sales,reviews,rating,fba_fee; estimated:search_volume,cpc",estimated_default_costs,Imported from Sorftime; ASIN B0DR8HJFWB; parent B0F8B2N5R5; brand UBBCARE,https://www.amazon.com/dp/B0DR8HJFWB,57.9,Watch or collect more data,2.85,0.1297,2757.4,87.3,40.8,5.0,27.0,73.0,supplier quote required; estimated profit is not a rejection gate,,,asin:B0DR8HJFWB,2026-08-31 08:10:41,2026-08-31 08:10:41,1,57.9,57.9,Watch or collect more data,Watch or collect more data,not_in_latest_run,20260831_personal_seller_rules,watchlist,
category:Storage Boxes,B0F8GRZJGR,B0FV2D5V6G,"EOENVIVS Plastic Storage Bins with Lids 6 Pack Storage Organizer, 7 Quart Stackable Storage Boxes with Buckle Lids and Handle easy for Home Office Pantry Organization, Clear","['Home & Kitchen', 'home-garden']",US,22.75,6.37,1.82,9.46,0.15,1684.0,319.0,4.4,0.55,10000.0,1.0,20.0,50.0,25.0,20.0,45.0,75.0,35.0,65.0,B,"observed:price,sales,reviews,rating,fba_fee; estimated:search_volume,cpc",estimated_default_costs,Imported from Sorftime; ASIN B0F8GRZJGR; parent B0FV2D5V6G; brand EOENVIVS,https://www.amazon.com/dp/B0F8GRZJGR,57.9,Watch or collect more data,1.69,0.0742,2841.75,87.3,40.8,5.3,27.0,73.0,supplier quote required; estimated profit is not a rejection gate,,,asin:B0F8GRZJGR,2026-08-31 08:10:41,2026-08-31 08:10:41,1,57.9,57.9,Watch or collect more data,Watch or collect more data,not_in_latest_run,20260831_personal_seller_rules,watchlist,
category:Storage Boxes,B0GDDTFF6R,B0CPHTNQ87,"Clothes Storage Bins with Metal Frame, Foldable Clothes Organizers Storage Containers for Clothes, Sheets, Blankets, Pillows and Towels (24L, 3 Pack, Deep Grey)","['Home & Kitchen', 'home-garden']",US,19.99,5.6,1.6,7.84,0.15,1606.0,341.0,4.4,0.55,10000.0,1.0,20.0,50.0,25.0,20.0,45.0,75.0,35.0,65.0,B,"observed:price,sales,reviews,rating,fba_fee; estimated:search_volume,cpc",estimated_default_costs,Imported from Sorftime; ASIN B0GDDTFF6R; parent B0CPHTNQ87; brand LeArex,https://www.amazon.com/dp/B0GDDTFF6R,57.9,Watch or collect more data,1.95,0.0976,3134.11,87.3,40.8,6.1,27.0,73.0,supplier quote required; estimated profit is not a rejection gate,,,asin:B0GDDTFF6R,2026-08-31 08:10:41,2026-08-31 08:10:41,1,57.9,57.9,Watch or collect more data,Watch or collect more data,not_in_latest_run,20260831_personal_seller_rules,watchlist,
category:Storage Boxes,B0CN6G2DJ6,B0CN6GD5R8,"LonlyEagle 6 Pcs Clear A4 File Portable Project Case, Plastic Storage Box for 8.5“ x 11“ Letter Paper, Scrapbook Paper Storage Boxes Documents Magazines Holder","['Office Products', 'office-products']",US,24.99,7.0,2.0,7.93,0.15,832.0,334.0,4.2,0.55,10000.0,1.0,20.0,50.0,25.0,20.0,45.0,75.0,35.0,65.0,B,"observed:price,sales,reviews,rating,fba_fee; estimated:search_volume,cpc",estimated_default_costs,Imported from Sorftime; ASIN B0CN6G2DJ6; parent B0CN6GD5R8; brand LonlyEagle,https://www.amazon.com/dp/B0CN6G2DJ6,57.9,Watch or collect more data,4.31,0.1725,3587.17,87.3,40.8,7.4,27.0,73.0,supplier quote required; estimated profit is not a rejection gate,,,asin:B0CN6G2DJ6,2026-08-31 08:10:41,2026-08-31 08:10:41,1,57.9,57.9,Watch or collect more data,Watch or collect more data,not_in_latest_run,20260831_personal_seller_rules,watchlist,
category:Storage Boxes,B0DWTT4QQT,B0GS38Q9C1,"IRIS USA Flip Top Storage Containers |Made in USA| Small (10-Pack) - Clear | Vertical Bins with Removable Lids for Organizing Office, Craft, Pantry, Art, Ephemera & Study Supplies","['Home & Kitchen', 'home-garden']",US,16.99,4.76,1.36,9.37,0.15,708.0,228.0,4.3,0.55,10000.0,1.0,20.0,50.0,25.0,20.0,45.0,75.0,35.0,65.0,B,"observed:price,sales,reviews,rating,fba_fee; estimated:search_volume,cpc",estimated_default_costs,Imported from Sorftime; ASIN B0DWTT4QQT; parent B0GS38Q9C1; brand IRIS USA,https://www.amazon.com/dp/B0DWTT4QQT,57.9,Watch or collect more data,-1.05,-0.0617,-742.34,87.3,40.8,0.0,27.0,73.0,supplier quote required; estimated profit is not a rejection gate,,,asin:B0DWTT4QQT,2026-08-31 08:10:41,2026-08-31 08:10:41,1,57.9,57.9,Watch or collect more data,Watch or collect more data,not_in_latest_run,20260831_personal_seller_rules,watchlist,
higher_ticket_lightweight,B0DM1GRXS9,B0DM1C7TGL,"sancua Royal Blue Round Tablecloths 120 Inch, 6 Pack - Circle Fabric Cloth Table Cloths for Independence Day Wedding Party Banquet Birthday, Washable Polyester Table Cover (Fit 30-72 Inch Tables)","['Kitchen & Dining', 'kitchen']",US,66.99,18.76,5.36,11.46,0.15,1494.0,369.0,4.6,0.55,10000.0,1.0,20.0,50.0,25.0,20.0,85.0,,,,,,,Imported from Sorftime; ASIN B0DM1GRXS9; parent B0DM1C7TGL; brand sancua,https://www.amazon.com/dp/B0DM1GRXS9,57.3,Watch or collect more data,21.36,0.3189,31914.08,87.3,36.8,61.9,35.0,65.0,gross margin below 35%; oversize risk,,,asin:B0DM1GRXS9,2026-05-23 18:59:50,2026-05-23 18:59:50,1,57.3,57.3,Watch or collect more data,Watch or collect more data,not_in_latest_run,20260523_185950,watchlist,
newer_low_review,B0FYBXXJ21,B0G5N8NLPJ,"GENIMO Indoor Outdoor Area Rug 5‘x8‘, Machine Washable Rugs for Patio, Waterproof, Non-Slip Easy Cleaning Floral Outdoor Mat Carpet for Living Room, Bedroom, RV, Balcony, Deck, Camping, Navy Blue","['Patio, Lawn & Garden', 'lawn-garden']",US,53.99,15.12,4.32,10.39,0.15,1795.0,185.0,4.4,0.55,10000.0,1.0,20.0,50.0,25.0,20.0,65.0,,,,,,,Imported from Sorftime; ASIN B0FYBXXJ21; parent B0G5N8NLPJ; brand GENIMO,https://www.amazon.com/dp/B0FYBXXJ21,57.2,Watch or collect more data,16.06,0.2975,28830.39,87.3,50.8,48.5,31.0,69.0,gross margin below 35%; oversize risk,,,asin:B0FYBXXJ21,2026-05-23 18:59:50,2026-05-23 18:59:50,1,57.2,57.2,Watch or collect more data,Watch or collect more data,not_in_latest_run,20260523_185950,watchlist,
category:Beer Glasses,B0FZLGN38Y,B0FZLGN38Y,"Official FIFA World Cup 2026 17oz Trophy Pilsner & Bottle Opener Set | Set of 2, 6-inch Magnetic Bottle Opener, Shatterproof","['Sports & Outdoors', 'sporting-goods']",US,49.99,14.0,4.0,6.38,0.15,261.0,96.0,3.7,0.55,10000.0,1.0,20.0,50.0,25.0,20.0,20.0,,,,,,,Imported from Sorftime; ASIN B0FZLGN38Y; parent B0FZLGN38Y; brand Wagon International,https://www.amazon.com/dp/B0FZLGN38Y,56.2,Watch or collect more data,18.11,0.3623,4727.1,47.5,60.3,51.8,22.0,78.0,clean early risk profile,,,asin:B0FZLGN38Y,2026-05-29 10:45:09,2026-08-09 17:39:08,2,57.1,56.2,Watch or collect more data,Watch or collect more data,not_in_latest_run,20260809_173908,watchlist,
category:Vertical Plate Holders,B0DQXLP2SV,B0F9PH466C,"MAPVOLUT 14 Pcs Invisible Plate Hangers for The Wall - 4/6/8/10 Inch Stainless Steel Decorative Plate Holers for Display, Artwork & Home Decor (Includes 14 Wall Hooks & 56 Tip Protectors & Guide)","['Kitchen & Dining', 'kitchen']",US,13.59,3.81,1.09,4.17,0.15,293.0,94.0,4.6,0.55,10000.0,1.0,20.0,50.0,25.0,20.0,20.0,75.0,35.0,65.0,B,"observed:price,sales,reviews,rating,fba_fee; estimated:search_volume,cpc",estimated_default_costs,Imported from Sorftime; ASIN B0DQXLP2SV; parent B0F9PH466C; brand MAPVOLUT,https://www.amazon.com/dp/B0DQXLP2SV,56.9,Watch or collect more data,2.48,0.1826,727.08,52.8,54.3,0.0,22.0,78.0,supplier quote required; estimated profit is not a rejection gate,,,asin:B0DQXLP2SV,2026-08-31 08:10:41,2026-08-31 08:10:41,1,56.9,56.9,Watch or collect more data,Watch or collect more data,not_in_latest_run,20260831_personal_seller_rules,watchlist,
category:Lidded Storage Bins,B09RH31X6L,B0GQR3LWGT,"Clear Storage Latch Box/Bin, 2-Pack Plastic Organizing Container with Handle and Lids (7 QT/16QT)","['Home & Kitchen', 'home-garden']",US,23.99,6.72,1.92,9.27,0.15,1089.0,397.0,4.5,0.55,10000.0,1.0,20.0,50.0,25.0,20.0,20.0,75.0,35.0,65.0,B,"observed:price,sales,reviews,rating,fba_fee; estimated:search_volume,cpc",estimated_default_costs,Imported from Sorftime; ASIN B09RH31X6L; parent B0GQR3LWGT; brand JUJIAJIA,https://www.amazon.com/dp/B09RH31X6L,56.8,Watch or collect more data,2.48,0.1034,2702.35,87.3,36.8,4.9,22.0,78.0,supplier quote required; estimated profit is not a rejection gate,,,asin:B09RH31X6L,2026-08-31 08:10:41,2026-08-31 08:10:41,1,56.8,56.8,Watch or collect more data,Watch or collect more data,not_in_latest_run,20260831_personal_seller_rules,watchlist,
category:Shelf Baskets,B0FD9TXKYH,B0FND5PK38,OIAHOMY Woven Storage Basket for Shelves Rope Baskets for Organizing Brown,"['Home & Kitchen', 'home-garden']",US,14.39,4.03,1.15,5.77,0.15,1024.0,235.0,4.5,0.55,10000.0,1.0,20.0,50.0,25.0,20.0,20.0,75.0,35.0,65.0,B,"observed:price,sales,reviews,rating,fba_fee; estimated:search_volume,cpc",estimated_default_costs,Imported from Sorftime; ASIN B0FD9TXKYH; parent B0FND5PK38; brand OIAHOMY,https://www.amazon.com/dp/B0FD9TXKYH,56.8,Watch or collect more data,1.28,0.0891,1312.26,87.3,36.8,0.9,22.0,78.0,supplier quote required; estimated profit is not a rejection gate,,,asin:B0FD9TXKYH,2026-08-31 08:10:41,2026-08-31 08:10:41,1,56.8,56.8,Watch or collect more data,Watch or collect more data,not_in_latest_run,20260831_personal_seller_rules,watchlist,
category:Shelf Baskets,B0FHKMP6NX,B0FHJRHMQL,"Woodland Animal Storage Basket Waterproof Canvas Toy Storage Bin Home Forest Decor Collapsible Outdoor Basket with Leather Handles Woodland Decor Blanket Baskets For Closets,Bedrooms,Gifts Baskets","['Home & Kitchen', 'home-garden']",US,15.99,4.48,1.28,7.2,0.15,728.0,216.0,4.6,0.55,10000.0,1.0,20.0,50.0,25.0,20.0,20.0,75.0,35.0,65.0,B,"observed:price,sales,reviews,rating,fba_fee; estimated:search_volume,cpc",estimated_default_costs,Imported from Sorftime; ASIN B0FHKMP6NX; parent B0FHJRHMQL; brand AmazerPad,https://www.amazon.com/dp/B0FHKMP6NX,56.8,Watch or collect more data,0.63,0.0395,459.73,87.3,36.8,0.0,22.0,78.0,supplier quote required; estimated profit is not a rejection gate,,,asin:B0FHKMP6NX,2026-08-31 08:10:41,2026-08-31 08:10:41,1,56.8,56.8,Watch or collect more data,Watch or collect more data,not_in_latest_run,20260831_personal_seller_rules,watchlist,
category:Storage Boxes,B001B32LHA,B001B32LHA,"Sterilite Storage Crate, Stackable Plastic Bin Open Basket with Handles, Organize Home, Garage, Office, School, White, 1-Pack","['Home & Kitchen', 'home-garden']",US,18.72,5.24,1.5,3.5,0.15,563.0,211.0,4.5,0.55,10000.0,1.0,20.0,50.0,25.0,20.0,20.0,65.0,20.0,53.8,C,"observed:price,sales,reviews,rating; estimated:fba_fee,search_volume,cpc",estimated_default_costs,Imported from Sorftime; ASIN B001B32LHA; parent B001B32LHA; brand Sterilite,https://www.amazon.com/dp/B001B32LHA,56.8,Watch or collect more data,5.67,0.303,3193.34,87.3,36.8,14.7,22.0,78.0,supplier quote required; estimated profit is not a rejection gate; evidence confidence below supplier-validation threshold,,,asin:B001B32LHA,2026-08-31 08:10:41,2026-08-31 08:10:41,1,56.8,56.8,Watch or collect more data,Watch or collect more data,not_in_latest_run,20260831_personal_seller_rules,watchlist,
category:Storage Boxes,B0DTJKHRQM,B0DTJKHRQM,ZYN Metal Can | Metal Zyn Container | Pouch Holder | Small Storage Tin | Smell Proof Container,"['Home & Kitchen', 'home-garden']",US,14.97,4.19,1.2,3.92,0.15,521.0,245.0,4.6,0.55,10000.0,1.0,20.0,50.0,25.0,20.0,20.0,75.0,35.0,65.0,B,"observed:price,sales,reviews,rating,fba_fee; estimated:search_volume,cpc",estimated_default_costs,Imported from Sorftime; ASIN B0DTJKHRQM; parent B0DTJKHRQM; brand TYNZZ,https://www.amazon.com/dp/B0DTJKHRQM,56.8,Watch or collect more data,3.41,0.2281,1778.95,87.3,36.8,2.2,22.0,78.0,supplier quote required; estimated profit is not a rejection gate,,,asin:B0DTJKHRQM,2026-08-31 08:10:41,2026-08-31 08:10:41,1,56.8,56.8,Watch or collect more data,Watch or collect more data,not_in_latest_run,20260831_personal_seller_rules,watchlist,
category:Bathroom Trays,B0FFB1TJT3,B0FF9ZQ9X2,"Orimade Shower Caddy 3-Pack, No-Drill Adhesive Shelves with 4 Hooks for Bathroom, Rustproof ABS Plastic Storage Organizer Set, Black","['Home & Kitchen', 'home-garden']",US,20.89,5.85,1.67,6.14,0.15,1306.0,252.0,4.5,0.55,10000.0,1.0,20.0,50.0,25.0,20.0,20.0,75.0,35.0,65.0,B,"observed:price,sales,reviews,rating,fba_fee; estimated:search_volume,cpc",estimated_default_costs,Imported from Sorftime; ASIN B0FFB1TJT3; parent B0FF9ZQ9X2; brand Orimade,https://www.amazon.com/dp/B0FFB1TJT3,56.8,Watch or collect more data,4.1,0.1961,5350.03,87.3,36.8,12.4,22.0,78.0,supplier quote required; estimated profit is not a rejection gate,,,asin:B0FFB1TJT3,2026-08-31 08:10:41,2026-08-31 08:10:41,1,56.8,56.8,Watch or collect more data,Watch or collect more data,not_in_latest_run,20260831_personal_seller_rules,watchlist,
consumable_replacement,B0GSQS8W26,B0CDGGT2M4,"Vittanly 4x6 Picture Frames Set of 9, Display 3.5x5 Pictures with Mat or 4x6 without Mat, Photo Frames for Wall or Tabletop with Plexiglass, Engineered Wood, Rustic Blue","['Home & Kitchen', 'home-garden']",US,22.99,6.44,1.84,4.14,0.15,4984.0,0.0,4.6,0.55,10000.0,1.0,20.0,50.0,25.0,20.0,20.0,,,,,,,Imported from Sorftime; ASIN B0GSQS8W26; parent B0CDGGT2M4; brand Vittanly,https://www.amazon.com/dp/B0GSQS8W26,56.5,Watch or collect more data,7.12,0.3098,35493.56,87.3,64.3,32.2,22.0,78.0,gross margin below 35%; unit profit below $8,,,asin:B0GSQS8W26,2026-05-23 18:59:50,2026-05-23 20:21:21,2,56.5,56.5,Watch or collect more data,Watch or collect more data,not_in_latest_run,20260523_202121,watchlist,
newer_low_review,B0FMZSRP6R,B0GW1C9QHK,"Silver Toilet Brush and Holder Set Stainless Steel – Square Design Toilet Bowl Brush and Holder, Rust, Corrosion & Scratch Resistant with Splash Protection, for Efficient Cleaning and Neat Storage","['Home & Kitchen', 'home-garden']",US,29.99,8.4,2.4,5.4,0.15,1800.0,28.0,4.5,0.55,10000.0,1.0,20.0,50.0,25.0,20.0,20.0,,,,,,,Imported from Sorftime; ASIN B0FMZSRP6R; parent B0GW1C9QHK; brand Novsix,https://www.amazon.com/dp/B0FMZSRP6R,56.5,Watch or collect more data,9.29,0.3098,16724.7,87.3,59.3,36.6,22.0,78.0,gross margin below 35%,,,asin:B0FMZSRP6R,2026-05-23 18:59:50,2026-05-23 20:27:59,6,56.5,56.5,Watch or collect more data,Watch or collect more data,not_in_latest_run,20260523_202759,watchlist,
higher_ticket_lightweight,B0G5Z9KN9L,B0GSXVWGPC,"Smiry Pet Couch Covers for Dogs Washable, Non-Slip Fuzzy Couch Covers for 3 Cushion Sofa Pet Friendly, Soft Thick Furniture Protector Sofa Slipcover Mat for Dogs (Khaki, 27.6' x 82.7')","['Home & Kitchen', 'home-garden']",US,59.84,16.76,4.79,10.77,0.15,1500.0,210.0,4.6,0.55,10000.0,1.0,20.0,50.0,25.0,20.0,20.0,,,,,,,Imported from Sorftime; ASIN B0G5Z9KN9L; parent B0GSXVWGPC; brand Smiry,https://www.amazon.com/dp/B0G5Z9KN9L,56.2,Watch or collect more data,18.54,0.3099,27816.0,87.3,36.8,55.1,22.0,78.0,gross margin below 35%,,,asin:B0G5Z9KN9L,2026-05-23 18:59:50,2026-05-23 18:59:50,1,56.2,56.2,Watch or collect more data,Watch or collect more data,not_in_latest_run,20260523_185950,watchlist,
category:Lidded Storage Bins,B0B5MWG2XD,B0GXK1K4XT,"GAMENOTE 6 Quart Stackable Plastic Storage Bins with Lids, 6 Pack, Colorful","['Home & Kitchen', 'home-garden']",US,32.99,9.24,2.64,9.84,0.15,1342.0,392.0,4.6,0.55,10000.0,1.0,20.0,50.0,25.0,20.0,45.0,75.0,35.0,65.0,B,"observed:price,sales,reviews,rating,fba_fee; estimated:search_volume,cpc",estimated_default_costs,Imported from Sorftime; ASIN B0B5MWG2XD; parent B0GXK1K4XT; brand GAMENOTE,https://www.amazon.com/dp/B0B5MWG2XD,56.1,Watch or collect more data,6.32,0.1916,8483.45,87.3,36.8,22.6,27.0,73.0,supplier quote required; estimated profit is not a rejection gate,,,asin:B0B5MWG2XD,2026-08-31 08:10:41,2026-08-31 08:10:41,1,56.1,56.1,Watch or collect more data,Watch or collect more data,not_in_latest_run,20260831_personal_seller_rules,watchlist,
category:Lidded Storage Bins,B0C58RGN9D,B0D45XV1RL,"ZICOTO Decorative Photo Storage Boxes with Lids - Set of 2 Linen Organizers | Beautiful Boxes Safely Store Your Pictures, Documents, Scrapbooking Supplies, Keepsakes and Other Memories in Style","['Home & Kitchen', 'home-garden']",US,23.51,6.58,1.88,6.75,0.15,1018.0,397.0,4.6,0.55,10000.0,1.0,20.0,50.0,25.0,20.0,45.0,75.0,35.0,65.0,B,"observed:price,sales,reviews,rating,fba_fee; estimated:search_volume,cpc",estimated_default_costs,Imported from Sorftime; ASIN B0C58RGN9D; parent B0D45XV1RL; brand ZICOTO,https://www.amazon.com/dp/B0C58RGN9D,56.1,Watch or collect more data,4.77,0.203,4859.42,87.3,36.8,11.0,27.0,73.0,supplier quote required; estimated profit is not a rejection gate,,,asin:B0C58RGN9D,2026-08-31 08:10:41,2026-08-31 08:10:41,1,56.1,56.1,Watch or collect more data,Watch or collect more data,not_in_latest_run,20260831_personal_seller_rules,watchlist,
category:Open Storage Bins,B0GQH3939G,B0F1MH4LBB,"StorageWorks Black Storage Bins, Leather Storage Baskets, 4-Pack","['Home & Kitchen', 'home-garden']",US,21.99,6.16,1.76,7.82,0.15,1230.0,369.0,4.6,0.55,10000.0,1.0,20.0,50.0,25.0,20.0,45.0,75.0,35.0,65.0,B,"observed:price,sales,reviews,rating,fba_fee; estimated:search_volume,cpc",estimated_default_costs,Imported from Sorftime; ASIN B0GQH3939G; parent B0F1MH4LBB; brand StorageWorks,https://www.amazon.com/dp/B0GQH3939G,56.1,Watch or collect more data,2.95,0.1342,3630.34,87.3,36.8,7.5,27.0,73.0,supplier quote required; estimated profit is not a rejection gate,,,asin:B0GQH3939G,2026-08-31 08:10:41,2026-08-31 08:10:41,1,56.1,56.1,Watch or collect more data,Watch or collect more data,not_in_latest_run,20260831_personal_seller_rules,watchlist,
category:Open Storage Bins,B0DPD9VXGQ,B0GQ2XVD5C,"ORGIDOL 10 Pack Colorful Plastic Storage Bins, Storage Container for Organizing, Colored Storage Boxes with Handle for Shelves, Cute Organizer Bins for Craft, Snacks, Cabinet, 9.69x6.7x5.7 inch","['Home & Kitchen', 'home-garden']",US,25.99,7.28,2.08,10.13,0.15,912.0,203.0,4.5,0.55,10000.0,1.0,20.0,50.0,25.0,20.0,45.0,75.0,35.0,65.0,B,"observed:price,sales,reviews,rating,fba_fee; estimated:search_volume,cpc",estimated_default_costs,Imported from Sorftime; ASIN B0DPD9VXGQ; parent B0GQ2XVD5C; brand ORGIDOL,https://www.amazon.com/dp/B0DPD9VXGQ,56.1,Watch or collect more data,2.6,0.1001,2372.57,87.3,36.8,3.9,27.0,73.0,supplier quote required; estimated profit is not a rejection gate,,,asin:B0DPD9VXGQ,2026-08-31 08:10:41,2026-08-31 08:10:41,1,56.1,56.1,Watch or collect more data,Watch or collect more data,not_in_latest_run,20260831_personal_seller_rules,watchlist,
category:Shelf Baskets,B0DRJCWHR9,B0DRJD87ZS,"XUANGUO Small Woven Storage Baskets for Shelves, 12” x 8” x 5”, Pink","['Home & Kitchen', 'home-garden']",US,20.87,5.84,1.67,8.5,0.15,2085.0,342.0,4.6,0.55,10000.0,1.0,20.0,50.0,25.0,20.0,45.0,75.0,35.0,65.0,B,"observed:price,sales,reviews,rating,fba_fee; estimated:search_volume,cpc",estimated_default_costs,Imported from Sorftime; ASIN B0DRJCWHR9; parent B0DRJD87ZS; brand XUANGUO,https://www.amazon.com/dp/B0DRJCWHR9,56.1,Watch or collect more data,1.73,0.0829,3606.01,87.3,36.8,7.4,27.0,73.0,supplier quote required; estimated profit is not a rejection gate,,,asin:B0DRJCWHR9,2026-08-31 08:10:41,2026-08-31 08:10:41,1,56.1,56.1,Watch or collect more data,Watch or collect more data,not_in_latest_run,20260831_personal_seller_rules,watchlist,
category:Storage Boxes,B0DP2QFPF2,B0FXN8T3HL,Decorative Photo Storage Box - Sturdy Linen Organizer Holds 1700 Photos | Organizer with Dividers Stores Up to 1700 4x6 Pictures - Portable Scrapbook Storage Containers with Lid,"['Home & Kitchen', 'home-garden']",US,24.99,7.0,2.0,6.73,0.15,1295.0,388.0,4.5,0.55,10000.0,1.0,20.0,50.0,25.0,20.0,45.0,75.0,35.0,65.0,B,"observed:price,sales,reviews,rating,fba_fee; estimated:search_volume,cpc",estimated_default_costs,Imported from Sorftime; ASIN B0DP2QFPF2; parent B0FXN8T3HL; brand ZICOTO,https://www.amazon.com/dp/B0DP2QFPF2,56.1,Watch or collect more data,5.51,0.2205,7137.39,87.3,36.8,18.6,27.0,73.0,supplier quote required; estimated profit is not a rejection gate,,,asin:B0DP2QFPF2,2026-08-31 08:10:41,2026-08-31 08:10:41,1,56.1,56.1,Watch or collect more data,Watch or collect more data,not_in_latest_run,20260831_personal_seller_rules,watchlist,
category:Storage Boxes,B0FHB6P33X,B0FPVWFM5Y,"Decorative Photo Storage Box, Linen Photo Box Holds 1700 4x6 Pictures Beige","['Home & Kitchen', 'home-garden']",US,23.99,6.72,1.92,6.73,0.15,1001.0,220.0,4.6,0.55,10000.0,1.0,20.0,50.0,25.0,20.0,45.0,75.0,35.0,65.0,B,"observed:price,sales,reviews,rating,fba_fee; estimated:search_volume,cpc",estimated_default_costs,Imported from Sorftime; ASIN B0FHB6P33X; parent B0FPVWFM5Y; brand Jolensoy,https://www.amazon.com/dp/B0FHB6P33X,56.1,Watch or collect more data,5.02,0.2093,5026.52,87.3,36.8,11.5,27.0,73.0,supplier quote required; estimated profit is not a rejection gate,,,asin:B0FHB6P33X,2026-08-31 08:10:41,2026-08-31 08:10:41,1,56.1,56.1,Watch or collect more data,Watch or collect more data,not_in_latest_run,20260831_personal_seller_rules,watchlist,
category:Storage Boxes,B0GXPD4DN6,B0DFPNYX5Q,"linen closet organizers and storage, Large Storage Baskets, washable, clothes organizer with handle, sweater organizer for closet (Beige, 15¾'x11¾ x9¾)","['Home & Kitchen', 'home-garden']",US,27.9,7.81,2.23,7.84,0.15,743.0,304.0,4.6,0.55,10000.0,1.0,20.0,50.0,25.0,20.0,45.0,75.0,35.0,65.0,B,"observed:price,sales,reviews,rating,fba_fee; estimated:search_volume,cpc",estimated_default_costs,Imported from Sorftime; ASIN B0GXPD4DN6; parent B0DFPNYX5Q; brand tulinstiraga,https://www.amazon.com/dp/B0GXPD4DN6,56.1,Watch or collect more data,5.83,0.2091,4335.4,87.3,36.8,11.2,27.0,73.0,supplier quote required; estimated profit is not a rejection gate,,,asin:B0GXPD4DN6,2026-08-31 08:10:41,2026-08-31 08:10:41,1,56.1,56.1,Watch or collect more data,Watch or collect more data,not_in_latest_run,20260831_personal_seller_rules,watchlist,
category:Bathroom Shelves,B0FWHWP66X,B0G8H7DG93,Floating Bathroom Shelves Wall Mounted - Wooden Shelf Set of 3 for Over Toilet Storage & Modern Bathroom Decor - Perfect Wall Shelving Organizer for Apartments RVs Powder Rooms Restroom - Black,"['Tools & Home Improvement', 'hi']",US,18.99,5.32,1.52,7.77,0.15,716.0,250.0,4.6,0.55,10000.0,1.0,20.0,50.0,25.0,20.0,45.0,75.0,35.0,65.0,B,"observed:price,sales,reviews,rating,fba_fee; estimated:search_volume,cpc",estimated_default_costs,Imported from Sorftime; ASIN B0FWHWP66X; parent B0G8H7DG93; brand Gailia,https://www.amazon.com/dp/B0FWHWP66X,56.1,Watch or collect more data,1.53,0.0806,1096.55,87.3,36.8,0.3,27.0,73.0,supplier quote required; estimated profit is not a rejection gate,,,asin:B0FWHWP66X,2026-08-31 08:10:41,2026-08-31 08:10:41,1,56.1,56.1,Watch or collect more data,Watch or collect more data,not_in_latest_run,20260831_personal_seller_rules,watchlist,
higher_ticket_lightweight,B0F7QSXLCH,B0GXWMXJN8,"TARKARI 150 Gallon Lockable Resin Deck Box, Waterproof & UV-Resistant Outdoor Storage Box for Outdoor Cushion Storage, Garden Tools & Pool Accessories Storage, Gray","['Patio, Lawn & Garden', 'lawn-garden']",US,99.99,28.0,8.0,18.0,0.15,1490.0,944.0,4.4,0.55,10000.0,1.0,20.0,50.0,25.0,20.0,20.0,,,,,,,Imported from Sorftime; ASIN B0F7QSXLCH; parent B0GXWMXJN8; brand TARKARI,https://www.amazon.com/dp/B0F7QSXLCH,55.2,Watch or collect more data,30.99,0.3099,46177.33,87.3,18.3,68.0,22.0,78.0,gross margin below 35%; high review wall,,,asin:B0F7QSXLCH,2026-05-23 18:59:50,2026-05-23 18:59:50,1,55.2,55.2,Watch or collect more data,Watch or collect more data,not_in_latest_run,20260523_185950,watchlist,
higher_ticket_lightweight,B0BGTNFCN3,B0D2HLLP9N,"Beckham Hotel Collection Shredded Memory Foam Pillow 2-Pack Queen | Adjustable Fill Cooling Bed Pillows for Side, Back & Stomach Sleepers","['Home & Kitchen', 'home-garden']",US,77.99,21.84,6.24,10.71,0.15,1499.0,877.0,4.5,0.55,10000.0,1.0,20.0,50.0,25.0,20.0,65.0,,,,,,,Imported from Sorftime; ASIN B0BGTNFCN3; parent B0D2HLLP9N; brand Beckham Hotel Collection,https://www.amazon.com/dp/B0BGTNFCN3,55.1,Watch or collect more data,27.5,0.3526,41224.75,87.3,14.3,73.7,31.0,69.0,high review wall; oversize risk,,,asin:B0BGTNFCN3,2026-05-23 18:59:50,2026-05-23 20:21:21,2,55.1,55.1,Watch or collect more data,Watch or collect more data,not_in_latest_run,20260523_202121,watchlist,
newer_low_review,B0FQ4ZPD8Y,B0G6YWRZYG,"ETENWOLF Mini Bike Pump,20s Fast Inflate Bicycle Pump with Guage,150PSI Portable Electric Bike Air Pump with Presta and Schrader Valve for Mountain Bike,Road Bike,Motorcycle,Car,Sport Ball","['Sports & Outdoors', 'sporting-goods']",US,28.49,7.98,2.28,4.44,0.15,1796.0,127.0,4.6,0.55,10000.0,1.0,20.0,50.0,25.0,20.0,20.0,,,,,,,Imported from Sorftime; ASIN B0FQ4ZPD8Y; parent B0G6YWRZYG; brand ETENWOLF,https://www.amazon.com/dp/B0FQ4ZPD8Y,54.0,Watch or collect more data,9.52,0.334,17091.63,87.3,46.8,40.2,22.0,78.0,gross margin below 35%,,,asin:B0FQ4ZPD8Y,2026-05-23 20:24:58,2026-05-23 20:24:58,1,54.0,54.0,Watch or collect more data,Watch or collect more data,not_in_latest_run,20260523_202458,watchlist,
category:Magazine & Newspaper Baskets,B0GRVJ93S7,B0GSG5J3DK,"Wicker Hanging Storage Basket (10,5“Lx6,5“Wx13“H), Set of 2 Wall Baskets, Water Hyacinth Baskets, Wall Decor Hyacinth Basket Hanging for Organizing Files, Mails, Books (Espresso Color)","['Home & Kitchen', 'home-garden']",US,32.99,9.24,2.64,10.31,0.15,326.0,103.0,4.6,0.55,10000.0,1.0,20.0,50.0,25.0,20.0,45.0,75.0,35.0,65.0,B,"observed:price,sales,reviews,rating,fba_fee; estimated:search_volume,cpc",estimated_default_costs,Imported from Sorftime; ASIN B0GRVJ93S7; parent B0GSG5J3DK; brand SIEUSALEVN,https://www.amazon.com/dp/B0GRVJ93S7,54.0,Watch or collect more data,5.85,0.1774,1907.59,58.3,46.8,4.3,27.0,73.0,supplier quote required; estimated profit is not a rejection gate,,,asin:B0GRVJ93S7,2026-08-31 08:10:41,2026-08-31 08:10:41,1,54.0,54.0,Watch or collect more data,Watch or collect more data,not_in_latest_run,20260831_personal_seller_rules,watchlist,
category:Vertical Plate Holders,B07XRYN792,B09BW1ZKRJ,"Plymor Gold Tray & Platter Hanger for 10-16 inch Platters | Spring-steel, wall-mountable; edge hooks grip the rim of platters & serving trays; 8.25 x 4.75 x 0.875 inches (H x W x D)","['Kitchen & Dining', 'kitchen']",US,16.22,4.54,1.3,4.47,0.15,375.0,237.0,4.3,0.55,10000.0,1.0,20.0,50.0,25.0,20.0,20.0,75.0,35.0,65.0,B,"observed:price,sales,reviews,rating,fba_fee; estimated:search_volume,cpc",estimated_default_costs,Imported from Sorftime; ASIN B07XRYN792; parent B09BW1ZKRJ; brand Plymor,https://www.amazon.com/dp/B07XRYN792,53.9,Watch or collect more data,3.48,0.2144,1303.87,66.5,40.8,0.9,22.0,78.0,supplier quote required; estimated profit is not a rejection gate,,,asin:B07XRYN792,2026-08-31 08:10:41,2026-08-31 08:10:41,1,53.9,53.9,Watch or collect more data,Watch or collect more data,not_in_latest_run,20260831_personal_seller_rules,watchlist,
category:Cups & Mugs,B0GKQPCSPJ,B0GL9GY8V4,BrüMate Strova 18oz 100% Leakproof Insulated Coffee Mug | Ceramic-Lined Interior | Built-In Silicone Sleeve for Travel | Locking Flip Lid (OD Green),"['Kitchen & Dining', 'kitchen']",US,34.99,9.8,2.8,4.88,0.15,4980.0,226.0,4.6,0.55,10000.0,1.0,20.0,50.0,25.0,20.0,20.0,,,,,,,Imported from Sorftime; ASIN B0GKQPCSPJ; parent B0GL9GY8V4; brand BrüMate,https://www.amazon.com/dp/B0GKQPCSPJ,53.7,Watch or collect more data,12.26,0.3504,61062.27,87.3,36.8,47.9,22.0,78.0,clean early risk profile,,,asin:B0GKQPCSPJ,2026-05-29 10:45:09,2026-05-29 10:45:09,1,53.7,53.7,Watch or collect more data,Watch or collect more data,not_in_latest_run,20260529_104509,watchlist,
newer_low_review,B0FHBMG2B3,B0GW62RXHF,"3 Way Hose Splitter, Heavy Duty Full Flow Garden Water Hose Bib Spigot Splitter, Brass Rust and Freeze Resistant Outdoor Faucet Splitter, T Adapter Connector with 3/4 - Inch GHT Thread （Red）","['Patio, Lawn & Garden', 'lawn-garden']",US,31.99,8.96,2.56,5.87,0.15,1795.0,128.0,4.6,0.55,10000.0,1.0,20.0,50.0,25.0,20.0,20.0,,,,,,,Imported from Sorftime; ASIN B0FHBMG2B3; parent B0GW62RXHF; brand LNEZCDB,https://www.amazon.com/dp/B0FHBMG2B3,52.9,Watch or collect more data,9.8,0.3064,17593.69,87.3,46.8,37.1,22.0,78.0,gross margin below 35%,,,asin:B0FHBMG2B3,2026-05-23 20:24:58,2026-05-23 20:27:59,3,52.9,52.9,Watch or collect more data,Watch or collect more data,not_in_latest_run,20260523_202759,watchlist,
category:Shelf Baskets,B0D31SM7FS,B0D31SM7FS,Beautiful Storage Basket Set of 4 - Natural Jute Rope Baskets for Shelves,"['Home & Kitchen', 'home-garden']",US,22.99,6.44,1.84,7.83,0.15,1046.0,437.0,4.4,0.55,10000.0,1.0,20.0,50.0,25.0,20.0,20.0,75.0,35.0,65.0,B,"observed:price,sales,reviews,rating,fba_fee; estimated:search_volume,cpc",estimated_default_costs,Imported from Sorftime; ASIN B0D31SM7FS; parent B0D31SM7FS; brand KIBAGA,https://www.amazon.com/dp/B0D31SM7FS,52.9,Watch or collect more data,3.43,0.1493,3589.35,87.3,28.3,7.4,22.0,78.0,supplier quote required; estimated profit is not a rejection gate,,,asin:B0D31SM7FS,2026-08-31 08:10:41,2026-08-31 08:10:41,1,52.9,52.9,Watch or collect more data,Watch or collect more data,not_in_latest_run,20260831_personal_seller_rules,watchlist,
category:Bathroom Shelves,B08R9PM34D,B0GZ3VHHHY,Outlet Shelf Wall Holder with Cord Storage for Standard Duplex Outlet,"['Tools & Home Improvement', 'hi']",US,14.99,4.2,1.2,4.46,0.15,759.0,428.0,4.4,0.55,10000.0,1.0,20.0,50.0,25.0,20.0,20.0,75.0,35.0,65.0,B,"observed:price,sales,reviews,rating,fba_fee; estimated:search_volume,cpc",estimated_default_costs,Imported from Sorftime; ASIN B08R9PM34D; parent B0GZ3VHHHY; brand BELIEFLUO,https://www.amazon.com/dp/B08R9PM34D,52.9,Watch or collect more data,2.88,0.1922,2187.06,87.3,28.3,3.4,22.0,78.0,supplier quote required; estimated profit is not a rejection gate,,,asin:B08R9PM34D,2026-08-31 08:10:41,2026-08-31 08:10:41,1,52.9,52.9,Watch or collect more data,Watch or collect more data,not_in_latest_run,20260831_personal_seller_rules,watchlist,
newer_low_review,B0FS1YH17C,B0GT76P4NT,"Premium Beeswax Bread Bags for Sourdough - 2 Packs XL Reusable Organic Beeswax Linen Cotton Sourdough Bag, Homesteading Essentials Sourdough Bags with Zip to Keep Fresh Bread Bags for Homemade Bread","['Kitchen & Dining', 'kitchen']",US,27.99,7.84,2.24,4.88,0.15,1799.0,157.0,4.5,0.55,10000.0,1.0,20.0,50.0,25.0,20.0,20.0,,,,,,,Imported from Sorftime; ASIN B0FS1YH17C; parent B0GT76P4NT; brand WiNDANCE,https://www.amazon.com/dp/B0FS1YH17C,52.7,Watch or collect more data,8.83,0.3155,15887.87,87.3,46.8,36.4,22.0,78.0,gross margin below 35%,,,asin:B0FS1YH17C,2026-05-23 20:24:58,2026-05-23 20:27:59,3,52.7,52.7,Watch or collect more data,Watch or collect more data,not_in_latest_run,20260523_202759,watchlist,
category:Storage Boxes,B0CQ89PRRB,B0957C1BGK,"Briful Blue White Floral Nested Decorative Storage Boxes with Lids | 4Pcs Vanity Desktop Organizer Bin, Cardboard Photo Boxes Storage for Makeup, Office Supplies, Entryway Shelf Decor, Gift Box","['Home & Kitchen', 'home-garden']",US,25.99,7.28,2.08,6.59,0.15,494.0,582.0,4.4,0.55,10000.0,1.0,20.0,50.0,25.0,20.0,20.0,75.0,35.0,65.0,B,"observed:price,sales,reviews,rating,fba_fee; estimated:search_volume,cpc",estimated_default_costs,Imported from Sorftime; ASIN B0CQ89PRRB; parent B0957C1BGK; brand Briful,https://www.amazon.com/dp/B0CQ89PRRB,52.7,Watch or collect more data,6.14,0.2363,3033.9,86.3,28.3,8.1,22.0,78.0,supplier quote required; estimated profit is not a rejection gate,,,asin:B0CQ89PRRB,2026-08-31 08:10:41,2026-08-31 08:10:41,1,52.7,52.7,Watch or collect more data,Watch or collect more data,not_in_latest_run,20260831_personal_seller_rules,watchlist,
category:Recoil Springs,B0FG997WS1,B0FJ2RL35G,Genuine Recoil Starter Assy. *NH1* 28400-ZDJ-003ZB Genuine Emblem 87521-ZDJ-010 for Honda GXR120RT GXR120,"['Patio, Lawn & Garden', 'lawn-garden']",US,39.95,11.19,3.2,5.36,0.15,241.0,13.0,4.6,0.55,10000.0,1.0,20.0,50.0,25.0,20.0,20.0,,,,,,,Imported from Sorftime; ASIN B0FG997WS1; parent B0FJ2RL35G; brand KINDZA,https://www.amazon.com/dp/B0FG997WS1,52.5,Watch or collect more data,14.21,0.3556,3424.01,44.1,64.3,39.4,22.0,78.0,clean early risk profile,,,asin:B0FG997WS1,2026-08-09 17:39:08,2026-08-09 17:39:08,1,52.5,52.5,Watch or collect more data,Watch or collect more data,not_in_latest_run,20260809_173908,watchlist,
category:Cooling Bins,B0C1GG9HDL,B0C1GH2XFW,"80QT Rolling Cooler Cart with Wheels, Ice Chest Outdoor Backyard Coolers on Wheels with Large Storage Space, Portable Drink Beverage Bar for Patio Pool Party with Shelf and Bottle Opener","['Patio, Lawn & Garden', 'lawn-garden']",US,69.99,19.6,5.6,12.6,0.15,244.0,133.0,4.6,0.55,10000.0,1.0,20.0,50.0,25.0,20.0,20.0,,,,,,,Imported from Sorftime; ASIN B0C1GG9HDL; parent B0C1GH2XFW; brand SHAREWIN,https://www.amazon.com/dp/B0C1GG9HDL,52.3,Watch or collect more data,21.69,0.3099,5292.73,44.6,46.8,53.6,22.0,78.0,gross margin below 35%,,,asin:B0C1GG9HDL,2026-08-09 17:39:08,2026-08-09 17:39:08,1,52.3,52.3,Watch or collect more data,Watch or collect more data,not_in_latest_run,20260809_173908,watchlist,
category:Shelf Baskets,B0CR1D7SXZ,B0H8Y4Z7JK,"UBBCARE 2 Pack Wicker Basket, 13.4L×8.3H×7.1W inch Woven Paper Rope Storage Baskets for Shelves, Foldable Rectangular Storage Baskets with Handle, Storage Basket for Organizing, Black","['Home & Kitchen', 'home-garden']",US,19.99,5.6,1.6,8.02,0.15,1593.0,493.0,4.3,0.55,10000.0,1.0,20.0,50.0,25.0,20.0,45.0,75.0,35.0,65.0,B,"observed:price,sales,reviews,rating,fba_fee; estimated:search_volume,cpc",estimated_default_costs,Imported from Sorftime; ASIN B0CR1D7SXZ; parent B0H8Y4Z7JK; brand UBBCARE,https://www.amazon.com/dp/B0CR1D7SXZ,52.1,Watch or collect more data,1.77,0.0886,2822.0,87.3,28.3,5.2,27.0,73.0,supplier quote required; estimated profit is not a rejection gate,,,asin:B0CR1D7SXZ,2026-08-31 08:10:41,2026-08-31 08:10:41,1,52.1,52.1,Watch or collect more data,Watch or collect more data,not_in_latest_run,20260831_personal_seller_rules,watchlist,
