source_asin,candidate_listing_url,source_parent_asin,candidate_name,competitor_asin,competitor_listing_url,competitor_type,relevance_score,keyword_evidence_count,evidence_keywords,relevance_reasons,competitor_parent_asin,title,brand,price,monthly_sales,reviews,rating,seller_count,seller_address,is_fba,variation_count,bsr_category
B0GN5B7PXR,https://www.amazon.com/dp/B0GN5B7PXR,B0GY9679ZT,Dyson HushJet™ Mini Cool fan (Stone/Blush),B09MKPDJRT,https://www.amazon.com/dp/B09MKPDJRT,noise,29.3,5,fan; dyson fan; cooling fan; fans; bladeless fan,title overlap 14%; reverse overlap 4%; 5 keyword signals,B0GY1V9H6Z,"DREO Tower Fan for Bedroom, 2026 Upgraded DC Motor, 28ft/s High Velocity, 20dB Ultra Quiet Standing Fan, 8 Speeds 4 Modes, 90° Oscillating Bladeless Fan for Indoors, Floor Fans with Remote, Black",DREO,79.98,20000.0,45265.0,4.6,4.0,,True,4.0,Household Tower Fans / 241127011 / 1
B0GN5B7PXR,https://www.amazon.com/dp/B0GN5B7PXR,B0GY9679ZT,Dyson HushJet™ Mini Cool fan (Stone/Blush),B07QK9C9KT,https://www.amazon.com/dp/B07QK9C9KT,noise,26.6,6,handheld fan; portable fan; mini fan; personal fan; hand held fan; travel fan,title overlap 29%; reverse overlap 8%; 6 keyword signals,B0B3JDCJ6Q,"JISULIFE 3 IN 1 Handheld Mini Fan - Portable Fan & Power Bank & Flashlight, 19H Max Cooling, USB Rechargeable, Pocket-Sized for Travel, Cruise, Concerts, Makeup, 2026 Summer Gifts for Women(Pink)",JISULIFE,14.39,20000.0,76561.0,4.6,2.0,CN,True,8.0,Personal Fans / 3303867011 / 2
B0GN5B7PXR,https://www.amazon.com/dp/B0GN5B7PXR,B0GY9679ZT,Dyson HushJet™ Mini Cool fan (Stone/Blush),B0FVLY9NGB,https://www.amazon.com/dp/B0FVLY9NGB,noise,26.2,5,handheld fan; portable fan; mini fan; personal fan; hand held fan,title overlap 29%; reverse overlap 9%; 5 keyword signals,B0GDFGT2KR,"Aecooly Mighty Portable Fan, Powerful Handheld Fan, USB Rechargeable [10H Max Cooling Time], Mini Personal Battery Powered, Pocket for Travel, Summer, Gifts for Women, Girls -Beige",Aecooly,10.99,7000.0,209.0,4.7,1.0,CN,True,4.0,Personal Fans / 3303867011 / 10
B0GN5B7PXR,https://www.amazon.com/dp/B0GN5B7PXR,B0GY9679ZT,Dyson HushJet™ Mini Cool fan (Stone/Blush),B0DLFCN4J5,https://www.amazon.com/dp/B0DLFCN4J5,noise,25.8,6,handheld fan; portable fan; mini fan; personal fan; hand held fan; travel fan,title overlap 29%; reverse overlap 8%; 6 keyword signals,B0F7XDM6N5,"Aecooly Slim Portable Fan, Thin Handheld Fan, USB Rechargeable Mini Personal [24H Max Cooling Time], Battery Powered Small Foldable Pocket for Travel, Summer, Gifts for Women, Girls -Beige",Aecooly,8.49,20000.0,3446.0,4.8,1.0,CN,True,13.0,Personal Fans / 3303867011 / 1
B0GN5B7PXR,https://www.amazon.com/dp/B0GN5B7PXR,B0GY9679ZT,Dyson HushJet™ Mini Cool fan (Stone/Blush),B0BVZFQ4DF,https://www.amazon.com/dp/B0BVZFQ4DF,noise,25.5,5,fan; dyson fan; cooling fan; fans; bladeless fan,title overlap 14%; reverse overlap 4%; 5 keyword signals,B0GYFRDZDH,"LEVOIT Tower Fan for Bedroom, 90° Oscillating Standing Fan with 28dB Quiet for Sleep, 25ft/s Velocity, 12H Timer, 5 Speeds 4 Modes, Remoter, Bladeless Room Fan for Home, Office, Indoor, 36 inch, White",LEVOIT,54.96,30000.0,9404.0,4.6,3.0,,True,4.0,Household Tower Fans / 241127011 / 2
B0GN5B7PXR,https://www.amazon.com/dp/B0GN5B7PXR,B0GY9679ZT,Dyson HushJet™ Mini Cool fan (Stone/Blush),B0CR475VGQ,https://www.amazon.com/dp/B0CR475VGQ,noise,24.1,4,handheld fan; portable fan; mini fan; hand held fan,title overlap 29%; reverse overlap 10%; 4 keyword signals,B0CW9M3R62,"Gaiatop Portable Mini Fan, 3 Speed Handheld Fans with Power Display Flashlight, USB Rechargeable Battery, Lightweight Personal Cooling for Women Men Indoor Outdoor Travel Black",Gaiatop,8.99,9000.0,2948.0,4.8,1.0,CN,True,6.0,Personal Fans / 3303867011 / 15
B0GN5B7PXR,https://www.amazon.com/dp/B0GN5B7PXR,B0GY9679ZT,Dyson HushJet™ Mini Cool fan (Stone/Blush),B09MHFPW6H,https://www.amazon.com/dp/B09MHFPW6H,noise,23.8,4,handheld fan; mini fan; personal fan; hand held fan,title overlap 29%; reverse overlap 9%; 4 keyword signals,B0BGPWXLNQ,"Gaiatop Mini Portable Fan, Small and Powerful, Cute Design 3 Speed Personal Handheld fan and Desktop with Base, Lightweight USB Rechargeable for Travel Lash Makeup Girl Women Summer Gift Pink",Gaiatop,7.99,10000.0,18894.0,4.6,1.0,US,True,7.0,Personal Fans / 3303867011 / 4
B0GN5B7PXR,https://www.amazon.com/dp/B0GN5B7PXR,B0GY9679ZT,Dyson HushJet™ Mini Cool fan (Stone/Blush),B0DQDQVTT3,https://www.amazon.com/dp/B0DQDQVTT3,noise,23.7,3,fan; cooling fan; fans,title overlap 14%; reverse overlap 4%; 3 keyword signals,B0F1TJ1FRQ,"DREO Fan for Bedroom, 2026 Upgraded, 90ft Airflow, 20dB Quiet Fan, 90° Oscillating Standing Fan for Whole Room, DC Motor, 8+H Speeds, 3 Modes, 38-42‘‘ Adjustable Height, 8H Timer, 105° Manual Vertical",DREO,69.96,10000.0,3778.0,4.6,5.0,,True,3.0,Pedestal Fans / 3737621 / 1
B0GN5B7PXR,https://www.amazon.com/dp/B0GN5B7PXR,B0GY9679ZT,Dyson HushJet™ Mini Cool fan (Stone/Blush),B0GGTPW6Q9,https://www.amazon.com/dp/B0GGTPW6Q9,noise,21.2,2,shark fan; shark chill pill fan,title overlap 14%; reverse overlap 4%; 2 keyword signals,B0GWS8B498,"Shark ChillPill – The Only 3-in-1 Personal Cooling System with Fan, InstaChill Cooling Plate & Dry-Touch Mist – Portable, Handheld, Drops Skin Temp Up to 16°F, 10 Speeds, Carbon, FA022",Shark,149.99,2000.0,231.0,3.9,4.0,,True,7.0,Personal Fans / 3303867011 / 22
B0GN5B7PXR,https://www.amazon.com/dp/B0GN5B7PXR,B0GY9679ZT,Dyson HushJet™ Mini Cool fan (Stone/Blush),B0BKQDPP1Z,https://www.amazon.com/dp/B0BKQDPP1Z,noise,21.0,2,portable fan; stroller fan,title overlap 29%; reverse overlap 9%; 2 keyword signals,B0BXDL9RWL,"Gaiatop Mini Portable Stroller Fan, Battery Operated Small Clip on, Detachable 3 Speed Rechargeable, 360° Rotate Flexible Tripod Better Cooling for Car Seat Crib Treadmill Travel Black",Gaiatop,15.99,30000.0,18134.0,4.6,2.0,,True,6.0,Baby Stroller Cooling Fans / 8446255011 / 1
B0BXFSKDC4,https://www.amazon.com/dp/B0BXFSKDC4,B09WLX2SQY,Alexander Home The Original Greek Salt Mill 9 Inch Tall | European Salt Mill Grinder with Crank Handle | Manual Salt Grinder | Salt Refillable - Copper,B0BXFPPHPF,https://www.amazon.com/dp/B0BXFPPHPF,direct,95,1,copper salt and pepper grinder set,same parent ASIN,B09WLX2SQY,"Alexander Home Original Greek Pepper Mill, 8-Inch Copper – European Manual Pepper Grinder, Refillable, with Polishing Cloth",Alexander Home,84.5,50.0,502.0,4.3,4.0,US,True,12.0,Pepper Mills / 15850251 / 14
B0BXFSKDC4,https://www.amazon.com/dp/B0BXFSKDC4,B09WLX2SQY,Alexander Home The Original Greek Salt Mill 9 Inch Tall | European Salt Mill Grinder with Crank Handle | Manual Salt Grinder | Salt Refillable - Copper,B0C3DFYPB8,https://www.amazon.com/dp/B0C3DFYPB8,direct,61.7,1,copper salt and pepper grinder set,title overlap 53%; reverse overlap 80%; 1 keyword signals; shared product terms,B0FW495RV5,"Original Greek Pepper Mill, European Style Salt and Pepper Grinder, 9-Inch (Copper)",Makimoo,61.99,0.0,42.0,4.3,2.0,CN,True,2.0,Pepper Mills / 15850251 / 78
B0BXFSKDC4,https://www.amazon.com/dp/B0BXFSKDC4,B09WLX2SQY,Alexander Home The Original Greek Salt Mill 9 Inch Tall | European Salt Mill Grinder with Crank Handle | Manual Salt Grinder | Salt Refillable - Copper,B0FRZ7F4HP,https://www.amazon.com/dp/B0FRZ7F4HP,keyword,37.9,1,copper salt and pepper grinder set,title overlap 27%; reverse overlap 18%; 1 keyword signals; shared product terms,B0FRZ7F4HP,"Premium 8' Salt and Pepper Grinder 2PK. Large Peppermill - Refillable, Adjustable Coarse, Antique Stainless Steel Spice Shaker. Clear Acrylic aesthetic - Cute Copper Color Kitchen Gift for Mom",Kraftel,64.99,50.0,30.0,4.7,1.0,IN,True,0.0,Salt & Pepper Mill Sets / 15850261 / 141
B0BXFSKDC4,https://www.amazon.com/dp/B0BXFSKDC4,B09WLX2SQY,Alexander Home The Original Greek Salt Mill 9 Inch Tall | European Salt Mill Grinder with Crank Handle | Manual Salt Grinder | Salt Refillable - Copper,B082V134CK,https://www.amazon.com/dp/B082V134CK,keyword,34.6,2,sea salt grinder; salt grinder refillable,title overlap 33%; reverse overlap 29%; 2 keyword signals; shared product terms,B0CGS119PZ,Original Stainless Steel Salt or Pepper Grinder 1pk - Adjustable Ceramic Sea Salt Grinder or Pepper Mill - Tall Glass Spice Shaker - Spice Mill w/EBook,HOME EC,8.99,5000.0,42050.0,4.5,1.0,US,True,13.0,Salt Mills / 15850271 / 1
B0BXFSKDC4,https://www.amazon.com/dp/B0BXFSKDC4,B09WLX2SQY,Alexander Home The Original Greek Salt Mill 9 Inch Tall | European Salt Mill Grinder with Crank Handle | Manual Salt Grinder | Salt Refillable - Copper,B07S82DX3K,https://www.amazon.com/dp/B07S82DX3K,noise,31.5,3,sea salt grinder; salt grinder refillable; oxo salt grinder,title overlap 27%; reverse overlap 21%; 3 keyword signals; shared product terms,B0F6L9WH5W,"Ebaco Original Stainless Steel Salt or Pepper Grinder - Top Spice Mill with Ceramic Blades, Brushed Stainless Steel and Adjustable Coarseness By Pepper Grinder （Single Package）",Ebaco,6.98,6000.0,12427.0,4.4,1.0,CN,True,3.0,Pepper Mills / 15850251 / 2
B0BXFSKDC4,https://www.amazon.com/dp/B0BXFSKDC4,B09WLX2SQY,Alexander Home The Original Greek Salt Mill 9 Inch Tall | European Salt Mill Grinder with Crank Handle | Manual Salt Grinder | Salt Refillable - Copper,B0GFS74DQC,https://www.amazon.com/dp/B0GFS74DQC,noise,31.5,1,copper salt and pepper grinder set,title overlap 27%; reverse overlap 29%; 1 keyword signals; shared product terms,B0GWHHYKJ5,"R DRURLCD Copper Salt and Pepper Grinder Set of 2，Refillable Adjustable Coarseness Stainless Steel, Pepper Mills W/Funnel for Kitchen",R DRURLCD,19.97,0.0,2.0,5.0,1.0,CN,True,0.0,Salt & Pepper Mill Sets / 15850261 / 357
B0BXFSKDC4,https://www.amazon.com/dp/B0BXFSKDC4,B09WLX2SQY,Alexander Home The Original Greek Salt Mill 9 Inch Tall | European Salt Mill Grinder with Crank Handle | Manual Salt Grinder | Salt Refillable - Copper,B0GGXJQ2JP,https://www.amazon.com/dp/B0GGXJQ2JP,noise,30.6,1,salt grinder refillable,title overlap 33%; reverse overlap 28%; 1 keyword signals; shared product terms,B0GXV2CHSS,"Aelga Salt and Pepper Grinder Set with Wooden Tray - 4oz Glass Manual Pepper Mill with 5-Level Adjustable Coarseness, Refillable Salt Grinder with Wood Lid, Silicone Funnel",Aelga,0.0,0.0,0.0,0.0,1.0,,False,0.0,Salt & Pepper Mill Sets / 15850261 / 107
B0BXFSKDC4,https://www.amazon.com/dp/B0BXFSKDC4,B09WLX2SQY,Alexander Home The Original Greek Salt Mill 9 Inch Tall | European Salt Mill Grinder with Crank Handle | Manual Salt Grinder | Salt Refillable - Copper,B07SZHWNJ5,https://www.amazon.com/dp/B07SZHWNJ5,noise,30.5,1,salt grinder refillable,title overlap 33%; reverse overlap 22%; 1 keyword signals; shared product terms,B09R42N4XY,"Mincham Manual Salt or Pepper Grinder for Professional Chef, Best Spice Mill with Stainless Steel Cap, Ceramic Blades and Adjustable Coarseness, Refillable Glass Body with 6OZ Capacity",Mincham,5.99,1000.0,4552.0,4.4,1.0,CN,True,5.0,Pepper Mills / 15850251 / 7
B0BXFSKDC4,https://www.amazon.com/dp/B0BXFSKDC4,B09WLX2SQY,Alexander Home The Original Greek Salt Mill 9 Inch Tall | European Salt Mill Grinder with Crank Handle | Manual Salt Grinder | Salt Refillable - Copper,B000V89IDQ,https://www.amazon.com/dp/B000V89IDQ,noise,21.5,2,sea salt grinder; oxo salt grinder,title overlap 13%; reverse overlap 33%; 2 keyword signals,B0CR6HHZW4,"McCormick Sea Salt Grinder, 2.12 oz",McCormick,247.0,6000.0,7017.0,4.8,2.0,,True,6.0,Sea Salts / 16321901 / 15
B0BXFSKDC4,https://www.amazon.com/dp/B0BXFSKDC4,B09WLX2SQY,Alexander Home The Original Greek Salt Mill 9 Inch Tall | European Salt Mill Grinder with Crank Handle | Manual Salt Grinder | Salt Refillable - Copper,B0F7X5RX9D,https://www.amazon.com/dp/B0F7X5RX9D,noise,20.9,1,kitchenaid grain mill,title overlap 13%; reverse overlap 8%; 1 keyword signals,B0FVL5ZL3T,"Metal Grain Mill Attachment for KitchenAid Stand Mixer, Flour Mill Grinder for Kitchen Aid Accessories and Attachments, Fit for Grinding Non-Oily Dry Grain Corn, Coffee Bean, Buckwheat, Oats, Millet",InnoMoon,59.99,200.0,590.0,4.3,7.0,CN,True,1.0,Mixer Parts & Accessories / 3204225011 / 23
B0GF1C8T7G,https://www.amazon.com/dp/B0GF1C8T7G,B0DBVNH8JX,"BITPOTT Solar Pathway Lights Outdoor,Bright Solar Lights for Outside, Waterproof Auto On/Off Garden Lights Solar Powered Landscape Lights for Yard Walkway Driveway Lawn (Cool White, 12 Pack)",B0BV1KVY19,https://www.amazon.com/dp/B0BV1KVY19,direct,74.2,2,solar walkway lights; outdoor solar walkway lights,title overlap 80%; reverse overlap 76%; 2 keyword signals; shared product terms,B0DQZSX3PH,"BITPOTT Bright Solar Pathway Lights Outdoor, 8 Pack Solar Powered Garden Lights Waterproof IP65, Auto On/Off Outdoor Light for Lawn Patio Walkway Driveway Decor Landscape Lighting",BITPOTT,59.79,4000.0,4024.0,4.5,3.0,CN,True,10.0,Landscape Path Lights / 14193171 / 7
B0GF1C8T7G,https://www.amazon.com/dp/B0GF1C8T7G,B0DBVNH8JX,"BITPOTT Solar Pathway Lights Outdoor,Bright Solar Lights for Outside, Waterproof Auto On/Off Garden Lights Solar Powered Landscape Lights for Yard Walkway Driveway Lawn (Cool White, 12 Pack)",B0DR2GFLRS,https://www.amazon.com/dp/B0DR2GFLRS,direct,64.6,2,solar walkway lights; outdoor solar walkway lights,title overlap 70%; reverse overlap 78%; 2 keyword signals; shared product terms,B0FDWCGVXC,"DERAYSION 12 Pack Solar Lights Outdoor, Solar Pathway Lights Auto On/Off Waterproof Garden Landscape Lighting for Path, Yard, Walkway, Driveway Decor",DERAYSION,30.39,5000.0,1367.0,4.3,3.0,HK,True,3.0,Landscape Path Lights / 14193171 / 6
B0GF1C8T7G,https://www.amazon.com/dp/B0GF1C8T7G,B0DBVNH8JX,"BITPOTT Solar Pathway Lights Outdoor,Bright Solar Lights for Outside, Waterproof Auto On/Off Garden Lights Solar Powered Landscape Lights for Yard Walkway Driveway Lawn (Cool White, 12 Pack)",B0CS31W1T1,https://www.amazon.com/dp/B0CS31W1T1,direct,64.3,2,solar walkway lights; outdoor solar walkway lights,title overlap 70%; reverse overlap 70%; 2 keyword signals; shared product terms,B0GX6BLS2P,"Greluna Solar Lights Outdoor,12 Pack 3000K Waterproof Auto On/Off Solar Pathway Lights for Your Garden, Landscape, Path, Yard, Patio, Driveway,Walkway Decor",Greluna,36.99,8000.0,1969.0,4.3,4.0,HK,True,4.0,Landscape Path Lights / 14193171 / 9
B0GF1C8T7G,https://www.amazon.com/dp/B0GF1C8T7G,B0DBVNH8JX,"BITPOTT Solar Pathway Lights Outdoor,Bright Solar Lights for Outside, Waterproof Auto On/Off Garden Lights Solar Powered Landscape Lights for Yard Walkway Driveway Lawn (Cool White, 12 Pack)",B0G7XPBGC5,https://www.amazon.com/dp/B0G7XPBGC5,direct,62.9,1,cool white solar pathway lights,title overlap 70%; reverse overlap 70%; 1 keyword signals; shared product terms,B0GKZWW4P1,"Mancra Solar Pathway Lights Outdoor, 8 Pack Metal Glass Solar Lights Outdoor Waterproof Auto On/Off Landscape Path Lighting Garden Decor for Yard Walkway Driveway, Cool White",Mancra,39.99,500.0,3365.0,4.5,1.0,HK,True,3.0,Landscape Path Lights / 14193171 / 12
B0GF1C8T7G,https://www.amazon.com/dp/B0GF1C8T7G,B0DBVNH8JX,"BITPOTT Solar Pathway Lights Outdoor,Bright Solar Lights for Outside, Waterproof Auto On/Off Garden Lights Solar Powered Landscape Lights for Yard Walkway Driveway Lawn (Cool White, 12 Pack)",B0DS62RYPT,https://www.amazon.com/dp/B0DS62RYPT,direct,62.1,1,cool white solar pathway lights,title overlap 70%; reverse overlap 74%; 1 keyword signals; shared product terms,B0FMRQD952,"Eyrosa Solar Lights Outdoor, 12 Pack Waterproof Solar Landscape Lighting for Pathway Garden Yard Path Walkway Driveway Lawn Patio Outside Decor, Cool White",Eyrosa,31.99,1000.0,652.0,4.5,1.0,HK,True,2.0,Landscape Path Lights / 14193171 / 23
B0GF1C8T7G,https://www.amazon.com/dp/B0GF1C8T7G,B0DBVNH8JX,"BITPOTT Solar Pathway Lights Outdoor,Bright Solar Lights for Outside, Waterproof Auto On/Off Garden Lights Solar Powered Landscape Lights for Yard Walkway Driveway Lawn (Cool White, 12 Pack)",B09W1WL9T8,https://www.amazon.com/dp/B09W1WL9T8,keyword,56.7,3,solar walkway lights; outdoor solar walkway lights; cool white solar pathway lights,title overlap 60%; reverse overlap 60%; 3 keyword signals; shared product terms,B0DQYC4B3M,"Eyrosa Solar Outdoor Lights, 10 Pack Waterproof Stainless Steel Solar Stake Lights for Pathway Garden Yard Path Walkway Driveway Lawn Patio Outside Decor, Cool White",Eyrosa,19.98,5000.0,8141.0,4.5,3.0,HK,True,2.0,Landscape Path Lights / 14193171 / 4
B0GF1C8T7G,https://www.amazon.com/dp/B0GF1C8T7G,B0DBVNH8JX,"BITPOTT Solar Pathway Lights Outdoor,Bright Solar Lights for Outside, Waterproof Auto On/Off Garden Lights Solar Powered Landscape Lights for Yard Walkway Driveway Lawn (Cool White, 12 Pack)",B09KT3G54L,https://www.amazon.com/dp/B09KT3G54L,keyword,56.0,1,outdoor solar walkway lights,title overlap 60%; reverse overlap 60%; 1 keyword signals; shared product terms,B0DR9TZMTM,"Bright Solar Pathway Lights 6 Pack,Color Changing+Warm White LED Solar Lights Outdoor,IP67 Waterproof Solar Path Lights,Solar Powered Garden Lights for Walkway Yard Backyard Lawn Landscape Decor",Nupostai,37.99,200.0,8815.0,4.4,1.0,CN,True,3.0,Landscape Path Lights / 14193171 / 37
B0GF1C8T7G,https://www.amazon.com/dp/B0GF1C8T7G,B0DBVNH8JX,"BITPOTT Solar Pathway Lights Outdoor,Bright Solar Lights for Outside, Waterproof Auto On/Off Garden Lights Solar Powered Landscape Lights for Yard Walkway Driveway Lawn (Cool White, 12 Pack)",B0CWNQ5PYJ,https://www.amazon.com/dp/B0CWNQ5PYJ,keyword,55.8,2,solar walkway lights; cool white solar pathway lights,title overlap 60%; reverse overlap 67%; 2 keyword signals; shared product terms,B0DNCFLCWH,"SOLPEX Mini Solar Ground Lights, 10 Pack Solar Lights Outdoor Waterproof, Pathway Lights Solar Powered, Solar Garden Light, Landscape Lighting for Yard Driveway Walkway (Cool White)",SOLPEX,18.99,5000.0,1697.0,4.2,2.0,HK,True,4.0,Outdoor In-Ground Lights / 5486438011 / 2
B0GF1C8T7G,https://www.amazon.com/dp/B0GF1C8T7G,B0DBVNH8JX,"BITPOTT Solar Pathway Lights Outdoor,Bright Solar Lights for Outside, Waterproof Auto On/Off Garden Lights Solar Powered Landscape Lights for Yard Walkway Driveway Lawn (Cool White, 12 Pack)",B0DPHLW22V,https://www.amazon.com/dp/B0DPHLW22V,keyword,54.1,2,solar walkway lights; cool white solar pathway lights,title overlap 55%; reverse overlap 65%; 2 keyword signals; shared product terms,B0DZWR54Y3,"SOLPEX 10 Pack Solar Ground Lights Outdoor Waterproof, Solar Powered Pathway Lights, Landscape Lighting for Garden Walkway Driveway Backyard Decor (Cool White)",SOLPEX,23.99,5000.0,843.0,4.4,1.0,CN,True,4.0,Outdoor In-Ground Lights / 5486438011 / 3
B0GF1C8T7G,https://www.amazon.com/dp/B0GF1C8T7G,B0DBVNH8JX,"BITPOTT Solar Pathway Lights Outdoor,Bright Solar Lights for Outside, Waterproof Auto On/Off Garden Lights Solar Powered Landscape Lights for Yard Walkway Driveway Lawn (Cool White, 12 Pack)",B09W9H1V63,https://www.amazon.com/dp/B09W9H1V63,keyword,51.3,2,solar walkway lights; cool white solar pathway lights,title overlap 55%; reverse overlap 52%; 2 keyword signals; shared product terms,B0DNMSQ5GQ,DenicMic Solar Lights Outdoor 10 Pack Waterproof 6000K Cold White LED Stainless Steel Stake Outside Lights for Yard Pathway Garden Driveway Walkway Landscape Path Lighting,DenicMic,21.99,9000.0,8319.0,4.5,3.0,CN,True,7.0,Landscape Path Lights / 14193171 / 5
B0GJTR956T,https://www.amazon.com/dp/B0GJTR956T,B0GLJ572B8,BaubleBar Ultimate DIY Bracelet Kit | 1000+ Pcs | Great for a Gift or Party | Bracelet Jewelry Making Kit with Beads,B0F1MR8KQV,https://www.amazon.com/dp/B0F1MR8KQV,keyword,46.7,4,bracelet making kit; bracelet kit; bead bracelet making kit; beaded bracelet making kit,title overlap 50%; reverse overlap 30%; 4 keyword signals; shared product terms,B0G2BHLTLG,"Sunlode Bracelet Making Kit 5000pcs, Jewelry Making Kit for Beginner, DIY Arts and Crafts Gift Toys for Kids Ages 6-13 Preppy Clay Beads with Charms Friendship Bracelets",Sunlode,6.99,2000.0,554.0,4.7,1.0,CN,True,3.0,Beading Kits / 12896101 / 4
B0GJTR956T,https://www.amazon.com/dp/B0GJTR956T,B0GLJ572B8,BaubleBar Ultimate DIY Bracelet Kit | 1000+ Pcs | Great for a Gift or Party | Bracelet Jewelry Making Kit with Beads,B0CFFCCWSL,https://www.amazon.com/dp/B0CFFCCWSL,keyword,44.6,6,bracelet making kit; bracelet kit; beads for bracelets; bead kit; bead bracelet making kit; bracelet making,title overlap 33%; reverse overlap 17%; 6 keyword signals; shared product terms,B0GRVFYYTM,"5 Boxes Bracelet Making Kit Pony Beads, 96 Colors 6x9mm 3500Pcs Kandi Rave Beads for Bracelets Friendship Plastic Bead with 800Pcs Letter Bead Arts and Crafts for Kids Adults Keychain Jewelry Making",Sistenia,25.99,4000.0,1286.0,4.8,1.0,,True,2.0,Jewelry Making Kits / 12896171 / 2
B0GJTR956T,https://www.amazon.com/dp/B0GJTR956T,B0GLJ572B8,BaubleBar Ultimate DIY Bracelet Kit | 1000+ Pcs | Great for a Gift or Party | Bracelet Jewelry Making Kit with Beads,B0GKZLWYWP,https://www.amazon.com/dp/B0GKZLWYWP,keyword,43.3,4,friendship bracelet kit; bracelet kit; bracelet maker; jewelry making kit,title overlap 42%; reverse overlap 19%; 4 keyword signals; shared product terms,B0GWKYH4TX,Cunno 1250 Pcs 24 Sets First Day of School Gifts Bracelet Making Kit Adjustable Welcome Back to School Bracelet with Name Beads Letter Beaded Charm Bags Gifts Rewards Party Favor DIY Craft,Cunno,15.19,0.0,0.0,0.0,1.0,CN,True,2.0,Jewelry Making Kits / 12896171 / 1179
B0GJTR956T,https://www.amazon.com/dp/B0GJTR956T,B0GLJ572B8,BaubleBar Ultimate DIY Bracelet Kit | 1000+ Pcs | Great for a Gift or Party | Bracelet Jewelry Making Kit with Beads,B0BYJ6ZWN1,https://www.amazon.com/dp/B0BYJ6ZWN1,keyword,42.8,6,bracelet making kit; bracelet kit; bead bracelet making kit; jewelry making kit; bracelet making; beaded bracelet making kit,title overlap 33%; reverse overlap 21%; 6 keyword signals; shared product terms,B0D9P3YJ1W,"Pizooro Clay Beads 3 Boxes Bracelet Making Kit, 10500pcs Beads for Jewelry Making, Round Letter Beads with Charm and Elastic Strings, Friendship Bracelets Holiday Gifts for Girls Adults",Pizooro,17.97,2000.0,2102.0,4.7,1.0,,True,2.0,Beading Kits / 12896101 / 7
B0GJTR956T,https://www.amazon.com/dp/B0GJTR956T,B0GLJ572B8,BaubleBar Ultimate DIY Bracelet Kit | 1000+ Pcs | Great for a Gift or Party | Bracelet Jewelry Making Kit with Beads,B09KGKMNHJ,https://www.amazon.com/dp/B09KGKMNHJ,keyword,42.3,4,bracelet kit; bead kit; bead bracelet making kit; beaded bracelet making kit,title overlap 42%; reverse overlap 24%; 4 keyword signals; shared product terms,B0GPX7DKXS,"Dowsabel Bracelet Making Kit, Beads for Bracelets Making Pony, Kandi, Polymer Clay, Smile Face & Letter Beads for Jewelry Making, DIY Arts and Crafts Gifts Toys for Girls Age 6-12",Dowsabel,8.99,4000.0,4258.0,4.7,2.0,,True,4.0,Beading Kits / 12896101 / 2
B0GJTR956T,https://www.amazon.com/dp/B0GJTR956T,B0GLJ572B8,BaubleBar Ultimate DIY Bracelet Kit | 1000+ Pcs | Great for a Gift or Party | Bracelet Jewelry Making Kit with Beads,B0BZHX7HP9,https://www.amazon.com/dp/B0BZHX7HP9,keyword,40.3,2,bracelet making kit; beaded bracelet making kit,title overlap 42%; reverse overlap 23%; 2 keyword signals; shared product terms,B0F938PQ3C,"Sistenia 20,000 Pcs Clay Beads Bracelet Making Kit, 120 Colors 6 Boxes Polymer Beads Spacer Heishi Beads & Jewelry Kit with Pendant Charms Elastic Strings, Crafts Gift for Kids Adults",Sistenia,15.99,1000.0,2802.0,4.8,2.0,,True,2.0,Beading Kits / 12896101 / 16
B0GJTR956T,https://www.amazon.com/dp/B0GJTR956T,B0GLJ572B8,BaubleBar Ultimate DIY Bracelet Kit | 1000+ Pcs | Great for a Gift or Party | Bracelet Jewelry Making Kit with Beads,B09G2979JS,https://www.amazon.com/dp/B09G2979JS,keyword,39.6,9,bracelet making kit; friendship bracelet kit; bracelet kit; beads for bracelets; bead kit; bracelet maker; bead bracelet making kit; bracelet making,title overlap 33%; reverse overlap 19%; 9 keyword signals; shared product terms,B0DNSPYWJ4,"Gionlion 6000 Clay Beads Bracelet Making Kit, 24 Colors Flat Preppy Beads for Friendship Bracelets, Polymer Clay Bead with Charms for Jewelry Making, Crafts Gifts for Girls Ages 6-12",Gionlion,8.99,8000.0,18347.0,4.7,1.0,CN,True,7.0,Beads & Bead Assortments / 12896121 / 2
B0GJTR956T,https://www.amazon.com/dp/B0GJTR956T,B0GLJ572B8,BaubleBar Ultimate DIY Bracelet Kit | 1000+ Pcs | Great for a Gift or Party | Bracelet Jewelry Making Kit with Beads,B0F1MG6D6H,https://www.amazon.com/dp/B0F1MG6D6H,keyword,39.1,3,bracelet making kit; beads for bracelets; bead kit,title overlap 42%; reverse overlap 19%; 3 keyword signals; shared product terms,B0FGCH9PYQ,"Gionlion 1200 Pcs Polymer Clay Beads Bracelet Making Kit Easter Basket Stuffers, 25 Style Animal Fruit Flower Butterfly Bunny Pony Letter Beads Charms for Jewelry Making, DIY Art and Crafts Toys Gifts",Gionlion,7.99,2000.0,924.0,4.7,2.0,,True,5.0,Beads & Bead Assortments / 12896121 / 20
B0GJTR956T,https://www.amazon.com/dp/B0GJTR956T,B0GLJ572B8,BaubleBar Ultimate DIY Bracelet Kit | 1000+ Pcs | Great for a Gift or Party | Bracelet Jewelry Making Kit with Beads,B09X9DPDBQ,https://www.amazon.com/dp/B09X9DPDBQ,keyword,38.9,6,bracelet making kit; bracelet kit; bead kit; bracelet maker; bracelet making; beaded bracelet making kit,title overlap 33%; reverse overlap 21%; 6 keyword signals; shared product terms,B0DJFH62CQ,"Redtwo 5100 Clay Beads Bracelet Making Kit, Flat Preppy Beads for Friendship Jewelry Making,Polymer Heishi Beads with Charms Gifts for Teen Girls Crafts for Girls Ages 8-12",Redtwo,5.4,6000.0,18761.0,4.7,2.0,CN,True,8.0,Jewelry Making Kits / 12896171 / 1
B0GJTR956T,https://www.amazon.com/dp/B0GJTR956T,B0GLJ572B8,BaubleBar Ultimate DIY Bracelet Kit | 1000+ Pcs | Great for a Gift or Party | Bracelet Jewelry Making Kit with Beads,B0B4BX6SY2,https://www.amazon.com/dp/B0B4BX6SY2,keyword,38.4,7,bracelet making kit; bracelet kit; bracelet maker; bead bracelet making kit; jewelry making kit; bracelet making; beaded bracelet making kit,title overlap 25%; reverse overlap 14%; 7 keyword signals; shared product terms,B0C7G3WTRZ,"leitait Girls Toys Bracelet Making Kit -3400pcs Charm Jewelry Making Kit Supplies,Unicorn/Mermaid Crafts Birthday Christmas Gifts for Girls Ages 5 6 7 8 9 10 11 12 Years Old",leitait,19.99,6000.0,3716.0,4.7,1.0,CN,True,2.0,Kids’ Jewelry Making Kits / 2488224011 / 1
B0FQ4ZPD8Y,https://www.amazon.com/dp/B0FQ4ZPD8Y,B0G6YWRZYG,"ETENWOLF Mini Bike Pump,20s Fast Inflate Bicycle Pump with Guage,150PSI Portable Electric Bike Air Pump with Presta and Schrader Valve for Mountain Bike,Road Bike,Motorcycle,Car,Sport Ball",B0FP2B6ZKT,https://www.amazon.com/dp/B0FP2B6ZKT,direct,95,9,bike pump electric; electric bike pump portable; mini electric bike pump; presta valve bike pump; mini bike pump electric; road bike pump; electric bike tire pump; electric bicycle pump,same parent ASIN,B0G6YWRZYG,"ETENWOLF Mini Bike Pump,20s Fast Inflate Bicycle Pump with Guage,150PSI Portable Electric Bike Air Pump with Presta and Schrader Valve for Mountain Bike,Road Bike,Motorcycle,Car,Sport Ball",ETENWOLF,28.49,1000.0,141.0,4.6,1.0,CN,True,2.0,Bike Floor Pumps / 16062031 / 6
B0FQ4ZPD8Y,https://www.amazon.com/dp/B0FQ4ZPD8Y,B0G6YWRZYG,"ETENWOLF Mini Bike Pump,20s Fast Inflate Bicycle Pump with Guage,150PSI Portable Electric Bike Air Pump with Presta and Schrader Valve for Mountain Bike,Road Bike,Motorcycle,Car,Sport Ball",B0D8HPJGQX,https://www.amazon.com/dp/B0D8HPJGQX,direct,67.4,11,bike pump electric; electric bike pump; bike pump presta valve; electric bike pump portable; mini electric bike pump; presta valve bike pump; mini bike pump electric; road bike pump,title overlap 59%; reverse overlap 59%; 11 keyword signals; shared product terms,B0D8HPJGQX,"GPUTEK Mini Bike Tire Air Pump: Fast Inflate Portable Small Bicycle Electric Pump for Presta and Schrader Valves, 120 Psi High Pressure Pump with Digital Gauge for Road Bike, Mountain Bike, E-Bike",GPUTEK,38.99,3000.0,1884.0,4.2,1.0,CN,True,1.0,Frame-Mounted Pumps / 16062041 / 1
B0FQ4ZPD8Y,https://www.amazon.com/dp/B0FQ4ZPD8Y,B0G6YWRZYG,"ETENWOLF Mini Bike Pump,20s Fast Inflate Bicycle Pump with Guage,150PSI Portable Electric Bike Air Pump with Presta and Schrader Valve for Mountain Bike,Road Bike,Motorcycle,Car,Sport Ball",B0GJZ8ZR92,https://www.amazon.com/dp/B0GJZ8ZR92,direct,59.8,5,bike air pump; electric bike pump; electric bike pump portable; mini bike pump electric; electric bicycle pump,title overlap 45%; reverse overlap 45%; 5 keyword signals; shared product terms,B0GJZ8ZR92,"Peakspeak Mini Electric Bike Pump AS260PRO, 120PSI Portable Bicycle Pump with Gauge & Auto Stop, USB-C Rechargeable, Precision Inflation for Presta/Schrader Valves, Road Bike, MTB & Motorcycle",Peakspeak,34.99,200.0,65.0,4.8,1.0,CN,True,1.0,Bike Frame-Mounted Pumps / 16062041 / 15
B0FQ4ZPD8Y,https://www.amazon.com/dp/B0FQ4ZPD8Y,B0G6YWRZYG,"ETENWOLF Mini Bike Pump,20s Fast Inflate Bicycle Pump with Guage,150PSI Portable Electric Bike Air Pump with Presta and Schrader Valve for Mountain Bike,Road Bike,Motorcycle,Car,Sport Ball",B07B65GN6W,https://www.amazon.com/dp/B07B65GN6W,keyword,54.2,8,bike pump electric; electric bike pump; bike pump presta valve; electric bike pump portable; presta valve bike pump; road bike pump; electric bike tire pump; electric bicycle pump,title overlap 36%; reverse overlap 35%; 8 keyword signals; shared product terms,B0G6KQ9KXF,"CYCPLUS Electric Air Compressor Portable Bicycle Pump Car Tire Inflator, Max 150 PSI, Auto Shut-Off Air Pump with Presta and Schrader Valves for All Bicycles Motorcycles and Cars",CYCPLUS,33.29,1000.0,4810.0,4.3,1.0,CN,True,3.0,Wheel & Tire Air Compressors & Inflators / 155346011 / 24
B0FQ4ZPD8Y,https://www.amazon.com/dp/B0FQ4ZPD8Y,B0G6YWRZYG,"ETENWOLF Mini Bike Pump,20s Fast Inflate Bicycle Pump with Guage,150PSI Portable Electric Bike Air Pump with Presta and Schrader Valve for Mountain Bike,Road Bike,Motorcycle,Car,Sport Ball",B0F292DSXC,https://www.amazon.com/dp/B0F292DSXC,keyword,52.4,4,electric bike pump portable; mini electric bike pump; mini bike pump electric; electric bike pump portable mini,title overlap 41%; reverse overlap 47%; 4 keyword signals; shared product terms,B0F292DSXC,"Fanttik X10 Ace Mini Bike Pump with Gauge, 120PSI Electric Tiny Bike Pump with Presta and Schrader Valve, Auto Stop, Fast Inflation for Road Bike（4.23oz",Fanttik,49.99,1000.0,292.0,4.5,1.0,CN,True,1.0,Frame-Mounted Pumps / 16062041 / 5
B0FQ4ZPD8Y,https://www.amazon.com/dp/B0FQ4ZPD8Y,B0G6YWRZYG,"ETENWOLF Mini Bike Pump,20s Fast Inflate Bicycle Pump with Guage,150PSI Portable Electric Bike Air Pump with Presta and Schrader Valve for Mountain Bike,Road Bike,Motorcycle,Car,Sport Ball",B0BW4S2N77,https://www.amazon.com/dp/B0BW4S2N77,keyword,49.0,5,bike air pump; bike pump presta valve; bicycle tire pump; presta valve bike pump; road bike pump,title overlap 27%; reverse overlap 33%; 5 keyword signals; shared product terms,B0D3RZBSQY,"BV Bicycle Pump Durable Bike Floor Pump 17/24 inch Smart Valve Head, 160 psi, Automatically Reversible Presta and Schrader",BV,22.99,10000.0,30016.0,4.5,4.0,US,True,4.0,Bike Floor Pumps / 16062031 / 2
B0FQ4ZPD8Y,https://www.amazon.com/dp/B0FQ4ZPD8Y,B0G6YWRZYG,"ETENWOLF Mini Bike Pump,20s Fast Inflate Bicycle Pump with Guage,150PSI Portable Electric Bike Air Pump with Presta and Schrader Valve for Mountain Bike,Road Bike,Motorcycle,Car,Sport Ball",B0DDTBGF1G,https://www.amazon.com/dp/B0DDTBGF1G,keyword,48.9,10,bike air pump; bike pump electric; electric bike pump; electric ball pump; bicycle tire pump; electric bike pump portable; ball air pump; electric bike tire pump,title overlap 32%; reverse overlap 30%; 10 keyword signals; shared product terms,B0F2MB94YG,"Powools Tire Inflator Portable Air Compressor, 150 PSI Cordless Bike Pump, Air Pump for Auto, Motorcycle, Bicycle, Balls with Pressure Gauge, LED Light & Car Accessories, Black, Standard Capacity",Powools,19.99,7000.0,4768.0,4.2,1.0,CN,True,3.0,Wheel & Tire Air Compressors & Inflators / 155346011 / 4
B0FQ4ZPD8Y,https://www.amazon.com/dp/B0FQ4ZPD8Y,B0G6YWRZYG,"ETENWOLF Mini Bike Pump,20s Fast Inflate Bicycle Pump with Guage,150PSI Portable Electric Bike Air Pump with Presta and Schrader Valve for Mountain Bike,Road Bike,Motorcycle,Car,Sport Ball",B0DH21Y35K,https://www.amazon.com/dp/B0DH21Y35K,keyword,48.1,5,bike pump electric; electric bike pump portable; mini bike pump electric; electric bicycle pump; electric bike pump portable mini,title overlap 41%; reverse overlap 39%; 5 keyword signals; shared product terms,B0DH21Y35K,"CYCPLUS AS2 PRO Tiny Bicycle Pump with Gauge, Max 120 PSI Electric Mini Pump, Auto Stop, with Presta and Schrader Valve for E-Bike, MTB, and Road Bike (2025 Updated Version)",CYCPLUS,109.99,1000.0,1278.0,4.6,2.0,CN,True,1.0,Bike Pumps / 3403381 / 29
B0FQ4ZPD8Y,https://www.amazon.com/dp/B0FQ4ZPD8Y,B0G6YWRZYG,"ETENWOLF Mini Bike Pump,20s Fast Inflate Bicycle Pump with Guage,150PSI Portable Electric Bike Air Pump with Presta and Schrader Valve for Mountain Bike,Road Bike,Motorcycle,Car,Sport Ball",B0F53NMDBB,https://www.amazon.com/dp/B0F53NMDBB,keyword,47.7,6,electric bike pump; electric bike pump portable; mini electric bike pump; mini bike pump electric; electric bicycle pump; electric bike pump portable mini,title overlap 41%; reverse overlap 38%; 6 keyword signals; shared product terms,B0F53NMDBB,"CYCPLUS AS2 Ultra Tiny Bicycle Pump with Gauge, Max 120 PSI Electric Mini Pump, Auto Stop, with Presta and Schrader Valve for E-Bike, MTB, and Road Bike Magnesium Alloy Casing (90g)",CYCPLUS,113.99,1000.0,421.0,4.5,1.0,CN,True,1.0,Bike Pumps / 3403381 / 6
B0FQ4ZPD8Y,https://www.amazon.com/dp/B0FQ4ZPD8Y,B0G6YWRZYG,"ETENWOLF Mini Bike Pump,20s Fast Inflate Bicycle Pump with Guage,150PSI Portable Electric Bike Air Pump with Presta and Schrader Valve for Mountain Bike,Road Bike,Motorcycle,Car,Sport Ball",B0C62BLMJ4,https://www.amazon.com/dp/B0C62BLMJ4,keyword,47.2,5,bike air pump; bike pump presta valve; bicycle tire pump; presta valve bike pump; road bike pump,title overlap 36%; reverse overlap 38%; 5 keyword signals; shared product terms,B0FLWJXT1V,"Bike Pump Floor, Advanced Bike Tire Inflator, Bicycle Hand Air Pump with Dual Presta and Schrader Valves, Handheld Pump, Suitable for Road and Mountain Bikes, Baby Stroller, Balls",panaride,9.99,10000.0,2823.0,4.4,1.0,HK,True,2.0,Bike Floor Pumps / 16062031 / 1
B0FS1YH17C,https://www.amazon.com/dp/B0FS1YH17C,B0GT76P4NT,"Premium Beeswax Bread Bags for Sourdough - 2 Packs XL Reusable Organic Beeswax Linen Cotton Sourdough Bag, Homesteading Essentials Sourdough Bags with Zip to Keep Fresh Bread Bags for Homemade Bread",B0F3HKCFZS,https://www.amazon.com/dp/B0F3HKCFZS,direct,89.9,2,bees wax bread bag; lorine beeswax bread bag,title overlap 100%; reverse overlap 95%; 2 keyword signals; shared product terms,B0FDPWF94K,"Bread Bags for Homemade Bread - 2 Packs XL Reusable Organic Beeswax Linen Cotton Sourdough Bag, Homesteading Essentials Sourdough Bags with Sealing Zip to Keep Fresh",Oerdoh,25.99,1000.0,223.0,4.3,2.0,CN,True,1.0,Reusable Produce Bags / 21579239011 / 12
B0FS1YH17C,https://www.amazon.com/dp/B0FS1YH17C,B0GT76P4NT,"Premium Beeswax Bread Bags for Sourdough - 2 Packs XL Reusable Organic Beeswax Linen Cotton Sourdough Bag, Homesteading Essentials Sourdough Bags with Zip to Keep Fresh Bread Bags for Homemade Bread",B0GRV4C1SL,https://www.amazon.com/dp/B0GRV4C1SL,direct,86.2,5,beeswax bread bag; sourdough bread bags; beeswax bread bags for sourdough; beeswax bread bags; bread bags for homemade bread sourdough,title overlap 78%; reverse overlap 93%; 5 keyword signals; shared product terms,B0GRV4C1SL,"Beeswax Bread Bags, XL Reusable Linen Cotton Sourdough Bread Bag with Sealing Zip for Homemade Bread to Keep Fresh, 2 Pack",gulisot,28.96,0.0,15.0,5.0,1.0,,True,1.0,Reusable Produce Bags / 21579239011 / 146
B0FS1YH17C,https://www.amazon.com/dp/B0FS1YH17C,B0GT76P4NT,"Premium Beeswax Bread Bags for Sourdough - 2 Packs XL Reusable Organic Beeswax Linen Cotton Sourdough Bag, Homesteading Essentials Sourdough Bags with Zip to Keep Fresh Bread Bags for Homemade Bread",B0GL9LJCL7,https://www.amazon.com/dp/B0GL9LJCL7,direct,70.0,4,beeswax bread bag; bread bags; bread bags for homemade bread; beeswax bread bags for sourdough,title overlap 67%; reverse overlap 50%; 4 keyword signals; shared product terms,B0GL9LJCL7,"2 Pack Reusable Beeswax Bread Bags for Homemade Sourdough, XL 17'x13' Natural Cotton Beeswax Linen Food Storage Bags, Freezer Safe to Keep Loaves Fresh Longer, Ideal Gift for Bakers",AUXFM,29.99,50.0,2.0,4.5,1.0,CN,True,1.0,Reusable Produce Bags / 21579239011 / 418
B0FS1YH17C,https://www.amazon.com/dp/B0FS1YH17C,B0GT76P4NT,"Premium Beeswax Bread Bags for Sourdough - 2 Packs XL Reusable Organic Beeswax Linen Cotton Sourdough Bag, Homesteading Essentials Sourdough Bags with Zip to Keep Fresh Bread Bags for Homemade Bread",B0F3V3S7WG,https://www.amazon.com/dp/B0F3V3S7WG,direct,67.0,6,beeswax bread bag; bread bags; bread bag; beeswax bread bags for sourdough; bees wax bread bag; beeswax bread bags,title overlap 61%; reverse overlap 65%; 6 keyword signals; shared product terms,B0FH96SC1Z,"2 Pack Beeswax Bread Bags for Sourdough Homemade Bread, XL Cotton Lining Sourdough Reusable Natural Beeswax Bread Storage Bag, Keep Fresh and Upgraded Large Capacity Portable",Jasiboona,15.89,5000.0,734.0,4.4,1.0,CN,True,2.0,Reusable Produce Bags / 21579239011 / 3
B0FS1YH17C,https://www.amazon.com/dp/B0FS1YH17C,B0GT76P4NT,"Premium Beeswax Bread Bags for Sourdough - 2 Packs XL Reusable Organic Beeswax Linen Cotton Sourdough Bag, Homesteading Essentials Sourdough Bags with Zip to Keep Fresh Bread Bags for Homemade Bread",B0FB84KH2X,https://www.amazon.com/dp/B0FB84KH2X,direct,66.7,5,beeswax bread bag; bread bag; beeswax bread bags for sourdough; bees wax bread bag; beeswax bread bags,title overlap 61%; reverse overlap 52%; 5 keyword signals; shared product terms,B0FB3VYJV3,"2 PACK Beeswax Sourdough Bread Bags for Homemade Bread, Reusable Cotton Beeswax Bread Bag Portable Waxed Storage All Natural Bees Wax Linen Bag Keep Fresh,13’’×17’’, 02",PICcircuit,19.99,1000.0,81.0,4.7,1.0,CN,True,3.0,Reusable Produce Bags / 21579239011 / 6
B0FS1YH17C,https://www.amazon.com/dp/B0FS1YH17C,B0GT76P4NT,"Premium Beeswax Bread Bags for Sourdough - 2 Packs XL Reusable Organic Beeswax Linen Cotton Sourdough Bag, Homesteading Essentials Sourdough Bags with Zip to Keep Fresh Bread Bags for Homemade Bread",B0FHH693Z4,https://www.amazon.com/dp/B0FHH693Z4,direct,64.4,2,bees wax bread bag; lorine beeswax bread bag,title overlap 61%; reverse overlap 52%; 2 keyword signals; shared product terms,B0GLNLBLPP,"2 Pack Beeswax Bread Bags with Zipper, XL(13x17in) Sourdough Bread Storage for Homemade, Freezer Storage Bag to Keep Fresh, Cotton Beeswax Container, Baguette Bag with Liner Kitchen Baking (Off-White)",honiitaa,26.99,1000.0,199.0,4.4,1.0,CN,True,3.0,Food Storage / 9768326011 / 642
B0FS1YH17C,https://www.amazon.com/dp/B0FS1YH17C,B0GT76P4NT,"Premium Beeswax Bread Bags for Sourdough - 2 Packs XL Reusable Organic Beeswax Linen Cotton Sourdough Bag, Homesteading Essentials Sourdough Bags with Zip to Keep Fresh Bread Bags for Homemade Bread",B0F1CQLJS5,https://www.amazon.com/dp/B0F1CQLJS5,direct,59.0,10,beeswax bread bag; bread bags; bread bags for homemade bread; sourdough bread bags; bread bag; beeswax bread bags for sourdough; bees wax bread bag; beeswax bread bags,title overlap 50%; reverse overlap 47%; 10 keyword signals; shared product terms,B0GTZ5QP23,"2 Pack Beeswax Bread Bags for Sourdough,Reusable Organic Linen Beeswax Bread Bag for Homemade Sourdough 17 x 12.6 Inches Food Storage Cloth Bag – Freezer-Friendly & Freshness Preservation",AZLTC,16.89,9000.0,912.0,4.3,2.0,CN,True,4.0,Reusable Produce Bags / 21579239011 / 1
B0FS1YH17C,https://www.amazon.com/dp/B0FS1YH17C,B0GT76P4NT,"Premium Beeswax Bread Bags for Sourdough - 2 Packs XL Reusable Organic Beeswax Linen Cotton Sourdough Bag, Homesteading Essentials Sourdough Bags with Zip to Keep Fresh Bread Bags for Homemade Bread",B0G2S1B7GR,https://www.amazon.com/dp/B0G2S1B7GR,keyword,42.2,3,bread bags for homemade bread; sourdough bread bags; bread bags for homemade bread sourdough,title overlap 33%; reverse overlap 27%; 3 keyword signals; shared product terms,B0G2S1B7GR,Beautiful Bread Bags for Homemade Bread - Clear Window Bags Keep Your Sourdough Loaves Fresh for Days & are Great for Gifting Homemade Bread - Perfectly Sized Bakery Paper Packaging for Baked Goods,KIBAGA,14.39,3000.0,125.0,4.8,1.0,DE,True,1.0,Disposable Food Storage Bags / 16284874011 / 60
B0FS1YH17C,https://www.amazon.com/dp/B0FS1YH17C,B0GT76P4NT,"Premium Beeswax Bread Bags for Sourdough - 2 Packs XL Reusable Organic Beeswax Linen Cotton Sourdough Bag, Homesteading Essentials Sourdough Bags with Zip to Keep Fresh Bread Bags for Homemade Bread",B0FXMF5CHN,https://www.amazon.com/dp/B0FXMF5CHN,keyword,41.9,5,bread bags; bread bags for homemade bread; sourdough bread bags; bread bag; bread bags for homemade bread sourdough,title overlap 22%; reverse overlap 27%; 5 keyword signals; shared product terms,B0FY68JC5G,"100 Pcs Bread Bags for Homemade Bread with Clear Window & 120 Stickers, Sourdough Bread Bags for Storage of Bread,Cookies & Snacks, Large Bakery Paper Bags",Tripho,15.99,7000.0,202.0,4.8,1.0,HK,True,1.0,Take Out Bags / 5016476011 / 1
B0FS1YH17C,https://www.amazon.com/dp/B0FS1YH17C,B0GT76P4NT,"Premium Beeswax Bread Bags for Sourdough - 2 Packs XL Reusable Organic Beeswax Linen Cotton Sourdough Bag, Homesteading Essentials Sourdough Bags with Zip to Keep Fresh Bread Bags for Homemade Bread",B00GK3QTCE,https://www.amazon.com/dp/B00GK3QTCE,keyword,38.9,4,beeswax bread bag; beeswax bread bags for sourdough; bees wax bread bag; beeswax bread bags,title overlap 22%; reverse overlap 25%; 4 keyword signals; shared product terms,B0FXYJ9ZBX,Bee’s Wrap Beeswax Wraps for Bread - Beeswax Bread Wrap for Sourdough & Bread Storage - Plastic Free Made in USA Reusable Natural Food Wrap - Honeycomb,Bee’s Wrap,14.78,2000.0,3145.0,4.6,7.0,US,True,11.0,Household Plastic Wrap / 16284873011 / 4
B0FMZSRP6R,https://www.amazon.com/dp/B0FMZSRP6R,B0GW1C9QHK,"Silver Toilet Brush and Holder Set Stainless Steel – Square Design Toilet Bowl Brush and Holder, Rust, Corrosion & Scratch Resistant with Splash Protection, for Efficient Cleaning and Neat Storage",B0D6GKXRHF,https://www.amazon.com/dp/B0D6GKXRHF,direct,95,3,stainless steel toilet brush; toilet brush stainless steel; chrome toilet brush,same parent ASIN,B0GW1C9QHK,"Stylish Stainless Steel Toilet Brush and Holder Set - Silver Toilet Bowl Brush and Holder with Splash Cover, Sturdy Bristles, Corrosion & Scratch Resistant - Elegant Design, Effective Deep Cleaning",Novsix,26.99,300.0,930.0,4.6,2.0,US,True,20.0,Toilet Brushes & Holders / 85975011 / 33
B0FMZSRP6R,https://www.amazon.com/dp/B0FMZSRP6R,B0GW1C9QHK,"Silver Toilet Brush and Holder Set Stainless Steel – Square Design Toilet Bowl Brush and Holder, Rust, Corrosion & Scratch Resistant with Splash Protection, for Efficient Cleaning and Neat Storage",B08257N9H4,https://www.amazon.com/dp/B08257N9H4,direct,58.3,3,stainless steel toilet brush; toilet brush stainless steel; chrome toilet brush,title overlap 37%; reverse overlap 64%; 3 keyword signals; shared product terms,B0DRT4PWXF,"Toilet Brush and Holder, 2 Pack Toilet Brush Stainless Steel, Toilet Bowl Brush for Bathroom Toilet-Ergonomic, Elegant,Durable (Silver)",Wsedor,29.99,700.0,2328.0,4.5,1.0,CN,True,3.0,Toilet Brushes & Holders / 85975011 / 40
B0FMZSRP6R,https://www.amazon.com/dp/B0FMZSRP6R,B0GW1C9QHK,"Silver Toilet Brush and Holder Set Stainless Steel – Square Design Toilet Bowl Brush and Holder, Rust, Corrosion & Scratch Resistant with Splash Protection, for Efficient Cleaning and Neat Storage",B00BZP66HK,https://www.amazon.com/dp/B00BZP66HK,keyword,49.7,3,oxo toilet brush; simple human toilet brush; simple human toilet bowl brush,title overlap 21%; reverse overlap 67%; 3 keyword signals; shared product terms,B0GHVKNY7W,"simplehuman Toilet Brush with Caddy, Stainless Steel, White",simplehuman,34.99,800.0,5297.0,4.4,2.0,,True,0.0,Toilet Brushes & Holders / 85975011 / 35
B0FMZSRP6R,https://www.amazon.com/dp/B0FMZSRP6R,B0GW1C9QHK,"Silver Toilet Brush and Holder Set Stainless Steel – Square Design Toilet Bowl Brush and Holder, Rust, Corrosion & Scratch Resistant with Splash Protection, for Efficient Cleaning and Neat Storage",B0861MCFNS,https://www.amazon.com/dp/B0861MCFNS,keyword,48.1,3,stainless steel toilet brush; toilet brush stainless steel; chrome toilet brush,title overlap 32%; reverse overlap 55%; 3 keyword signals; shared product terms,B0DRTJ9YN4,"Toilet Brush and Holder, Toilet Brush 304 Stainless Steel, Toilet Bowl Brush for Bathroom Toilet-Ergonomic, Elegant,Durable",Wsedor,17.99,600.0,1741.0,4.5,2.0,CN,True,3.0,Toilet Brushes & Holders / 85975011 / 59
B0FMZSRP6R,https://www.amazon.com/dp/B0FMZSRP6R,B0GW1C9QHK,"Silver Toilet Brush and Holder Set Stainless Steel – Square Design Toilet Bowl Brush and Holder, Rust, Corrosion & Scratch Resistant with Splash Protection, for Efficient Cleaning and Neat Storage",B08TM4WH2Q,https://www.amazon.com/dp/B08TM4WH2Q,keyword,47.5,5,oxo toilet brush and holder; toilet brush; toilet bowl brush and holder; simple human toilet bowl brush; heavy duty toilet brush,title overlap 26%; reverse overlap 38%; 5 keyword signals; shared product terms,B0C4PLZ5TL,"MR.SIGA Toilet Bowl Brush and Holder, Premium Quality, with Solid Handle and Durable Bristles for Bathroom Cleaning, White, 1 Pack",MR.SIGA,19.99,9000.0,17887.0,4.5,2.0,CN,True,3.0,Toilet Brushes & Holders / 85975011 / 3
B0FMZSRP6R,https://www.amazon.com/dp/B0FMZSRP6R,B0GW1C9QHK,"Silver Toilet Brush and Holder Set Stainless Steel – Square Design Toilet Bowl Brush and Holder, Rust, Corrosion & Scratch Resistant with Splash Protection, for Efficient Cleaning and Neat Storage",B001L57EKM,https://www.amazon.com/dp/B001L57EKM,keyword,46.6,3,stainless steel toilet brush; toilet brush stainless steel; chrome toilet brush,title overlap 26%; reverse overlap 71%; 3 keyword signals; shared product terms,B0BKG513CL,Bath Bliss Stainless Steel Toilet Brush Holder,Bath Bliss,12.89,200.0,411.0,4.0,1.0,,True,0.0,Toilet Brushes & Holders / 85975011 / 188
B0FMZSRP6R,https://www.amazon.com/dp/B0FMZSRP6R,B0GW1C9QHK,"Silver Toilet Brush and Holder Set Stainless Steel – Square Design Toilet Bowl Brush and Holder, Rust, Corrosion & Scratch Resistant with Splash Protection, for Efficient Cleaning and Neat Storage",B0B12B63CM,https://www.amazon.com/dp/B0B12B63CM,keyword,45.1,6,bathroom brush set; toilet brush; toilet bowl brush and holder; silver bathroom accessories set; heavy duty toilet brush; toilet brush holder only,title overlap 37%; reverse overlap 35%; 6 keyword signals; shared product terms,B0FM3W9D9X,"AONEZ Compact Toilet Brush & Holder, Stainless Steel Handle, Space Saving for Storage, Deep Cleaning, Drip-Proof, Easy to Assemble, Nylon Bristles, White & Grey",AONEZ,6.99,9000.0,10307.0,4.3,1.0,CN,True,9.0,Toilet Brushes & Holders / 85975011 / 2
B0FMZSRP6R,https://www.amazon.com/dp/B0FMZSRP6R,B0GW1C9QHK,"Silver Toilet Brush and Holder Set Stainless Steel – Square Design Toilet Bowl Brush and Holder, Rust, Corrosion & Scratch Resistant with Splash Protection, for Efficient Cleaning and Neat Storage",B0B8C9VTNJ,https://www.amazon.com/dp/B0B8C9VTNJ,keyword,41.4,8,oxo toilet brush and holder; dalmatian toilet brush holder; bathroom brush set; toilet brush; toilet bowl brush and holder; simple human toilet bowl brush; heavy duty toilet brush; toilet brush holder only,title overlap 26%; reverse overlap 23%; 8 keyword signals; shared product terms,B0C788QKG6,HAMITOR Toilet Bowl Brush Holder Set: Bathroom Deep Cleaning Toilet Cleaner Scrubber Under Rim with Curved Bristle for Dead Corner Clean - Hidden Rv Toilet Decorative Accessories with Caddy- White,HAMITOR,13.99,10000.0,12570.0,4.6,1.0,CN,True,6.0,Toilet Brushes & Holders / 85975011 / 4
B0FMZSRP6R,https://www.amazon.com/dp/B0FMZSRP6R,B0GW1C9QHK,"Silver Toilet Brush and Holder Set Stainless Steel – Square Design Toilet Bowl Brush and Holder, Rust, Corrosion & Scratch Resistant with Splash Protection, for Efficient Cleaning and Neat Storage",B0CGTZPQFS,https://www.amazon.com/dp/B0CGTZPQFS,keyword,40.6,5,black plunger and toilet brush combo; bathroom brush set; plunger and brush set cute; toilet brush; toilet bowl brush and holder,title overlap 21%; reverse overlap 31%; 5 keyword signals; shared product terms,B0FCXZ9RK7,"FORASTO 2 in 1 Toilet Plunger and Brush Set，Extended Handle Plunger，Toilet Bowl Brush Plunger Set, Bathroom Cleaning Tools ，Toilet Brush Plunger Combo，Cleaning Brush，Bathroom Cleaning Supplies",FORASTO,13.99,10000.0,6395.0,4.4,7.0,CN,True,12.0,Bathroom Accessory Sets / 3731911 / 1
B0FMZSRP6R,https://www.amazon.com/dp/B0FMZSRP6R,B0GW1C9QHK,"Silver Toilet Brush and Holder Set Stainless Steel – Square Design Toilet Bowl Brush and Holder, Rust, Corrosion & Scratch Resistant with Splash Protection, for Efficient Cleaning and Neat Storage",B0999BC41F,https://www.amazon.com/dp/B0999BC41F,keyword,40.1,3,bathroom brush set; toilet brush; toilet bowl brush and holder,title overlap 26%; reverse overlap 31%; 3 keyword signals; shared product terms,B09PZV54SP,"Toilet Brush and Holder 2 Pack, Toilet Bowl Brush with Extra Long Handle, Toilet Scrubber and Covered Holder, Toilet Brushes for Bathroom-Space Saving, Covered Brush, Durable, Deep Cleaning(Black)",uptronic,15.99,4000.0,4297.0,4.5,2.0,CN,True,4.0,Toilet Brushes & Holders / 85975011 / 7
