source_asin,candidate_listing_url,source_parent_asin,product_name,keyword,search_volume,rank,position,show_share,raw_score
B0GN5B7PXR,https://www.amazon.com/dp/B0GN5B7PXR,B0GY9679ZT,Dyson HushJet™ Mini Cool fan (Stone/Blush),fan,1025666.0,367.0,,8.47,637293.0
B0GN5B7PXR,https://www.amazon.com/dp/B0GN5B7PXR,B0GY9679ZT,Dyson HushJet™ Mini Cool fan (Stone/Blush),dyson,196583.0,2797.0,第1页，第24/48位,5.17,153609.0
B0GN5B7PXR,https://www.amazon.com/dp/B0GN5B7PXR,B0GY9679ZT,Dyson HushJet™ Mini Cool fan (Stone/Blush),car accessories,785815.0,245.0,,4.95,1356877.0
B0GN5B7PXR,https://www.amazon.com/dp/B0GN5B7PXR,B0GY9679ZT,Dyson HushJet™ Mini Cool fan (Stone/Blush),gifts for women,582321.0,399.0,,4.92,585973.0
B0GN5B7PXR,https://www.amazon.com/dp/B0GN5B7PXR,B0GY9679ZT,Dyson HushJet™ Mini Cool fan (Stone/Blush),box fan,186349.0,5660.0,,4.72,106296.0
B0GN5B7PXR,https://www.amazon.com/dp/B0GN5B7PXR,B0GY9679ZT,Dyson HushJet™ Mini Cool fan (Stone/Blush),dyson airwrap,220351.0,2021.0,,4.71,273969.0
B0GN5B7PXR,https://www.amazon.com/dp/B0GN5B7PXR,B0GY9679ZT,Dyson HushJet™ Mini Cool fan (Stone/Blush),handheld fan,203519.0,3197.0,第2页，第15/48位,4.56,113464.0
B0GN5B7PXR,https://www.amazon.com/dp/B0GN5B7PXR,B0GY9679ZT,Dyson HushJet™ Mini Cool fan (Stone/Blush),portable fan,579835.0,742.0,第3页，第29/48位,3.85,295738.0
B0GN5B7PXR,https://www.amazon.com/dp/B0GN5B7PXR,B0GY9679ZT,Dyson HushJet™ Mini Cool fan (Stone/Blush),dyson fan,100805.0,15642.0,第1页，第3/50位,3.22,50926.0
B0GN5B7PXR,https://www.amazon.com/dp/B0GN5B7PXR,B0GY9679ZT,Dyson HushJet™ Mini Cool fan (Stone/Blush),mini fan,169457.0,5246.0,第2页，第26/48位,3.12,84337.0
B0GN5B7PXR,https://www.amazon.com/dp/B0GN5B7PXR,B0GY9679ZT,Dyson HushJet™ Mini Cool fan (Stone/Blush),shark fan,90275.0,16883.0,第1页，第29/48位,2.37,46484.0
B0GN5B7PXR,https://www.amazon.com/dp/B0GN5B7PXR,B0GY9679ZT,Dyson HushJet™ Mini Cool fan (Stone/Blush),cooling fan,114420.0,16822.0,第3页，第3/48位,2.26,39903.0
B0GN5B7PXR,https://www.amazon.com/dp/B0GN5B7PXR,B0GY9679ZT,Dyson HushJet™ Mini Cool fan (Stone/Blush),personal fan,135534.0,8314.0,第2页，第22/48位,2.19,43539.0
B0GN5B7PXR,https://www.amazon.com/dp/B0GN5B7PXR,B0GY9679ZT,Dyson HushJet™ Mini Cool fan (Stone/Blush),hand held fan,140931.0,6340.0,,1.97,59878.0
B0GN5B7PXR,https://www.amazon.com/dp/B0GN5B7PXR,B0GY9679ZT,Dyson HushJet™ Mini Cool fan (Stone/Blush),desk fan,277426.0,2717.0,第3页，第33/48位,1.95,136480.0
B0GN5B7PXR,https://www.amazon.com/dp/B0GN5B7PXR,B0GY9679ZT,Dyson HushJet™ Mini Cool fan (Stone/Blush),travel fan,98617.0,11942.0,第2页，第41/51位,1.83,45061.0
B0GN5B7PXR,https://www.amazon.com/dp/B0GN5B7PXR,B0GY9679ZT,Dyson HushJet™ Mini Cool fan (Stone/Blush),stroller fan,285748.0,2371.0,,1.81,191569.0
B0GN5B7PXR,https://www.amazon.com/dp/B0GN5B7PXR,B0GY9679ZT,Dyson HushJet™ Mini Cool fan (Stone/Blush),fans,186532.0,6892.0,,1.75,100818.0
B0GN5B7PXR,https://www.amazon.com/dp/B0GN5B7PXR,B0GY9679ZT,Dyson HushJet™ Mini Cool fan (Stone/Blush),shark chill pill fan,59466.0,64509.0,第1页，第18/48位,1.72,-1.0
B0GN5B7PXR,https://www.amazon.com/dp/B0GN5B7PXR,B0GY9679ZT,Dyson HushJet™ Mini Cool fan (Stone/Blush),bladeless fan,81872.0,26488.0,第2页，第15/48位,1.68,13687.0
B0BXFSKDC4,https://www.amazon.com/dp/B0BXFSKDC4,B09WLX2SQY,Alexander Home The Original Greek Salt Mill 9 Inch Tall | European Salt Mill Grinder with Crank Handle | Manual Salt Grinder | Salt Refillable - Copper,sea salt grinder,19291.0,133885.0,第1页，第34/48位,65.89,9211.0
B0BXFSKDC4,https://www.amazon.com/dp/B0BXFSKDC4,B09WLX2SQY,Alexander Home The Original Greek Salt Mill 9 Inch Tall | European Salt Mill Grinder with Crank Handle | Manual Salt Grinder | Salt Refillable - Copper,salt grinder refillable,25515.0,91390.0,第3页，第39/48位,20.57,13259.0
B0BXFSKDC4,https://www.amazon.com/dp/B0BXFSKDC4,B09WLX2SQY,Alexander Home The Original Greek Salt Mill 9 Inch Tall | European Salt Mill Grinder with Crank Handle | Manual Salt Grinder | Salt Refillable - Copper,copper kitchen,479.0,785798.0,第1页，第2/48位,6.41,2915.0
B0BXFSKDC4,https://www.amazon.com/dp/B0BXFSKDC4,B09WLX2SQY,Alexander Home The Original Greek Salt Mill 9 Inch Tall | European Salt Mill Grinder with Crank Handle | Manual Salt Grinder | Salt Refillable - Copper,copper salt and pepper grinder set,442.0,708221.0,第1页，第21/48位,5.77,1903.0
B0BXFSKDC4,https://www.amazon.com/dp/B0BXFSKDC4,B09WLX2SQY,Alexander Home The Original Greek Salt Mill 9 Inch Tall | European Salt Mill Grinder with Crank Handle | Manual Salt Grinder | Salt Refillable - Copper,oxo salt grinder,681.0,641656.0,第2页，第30/48位,1.35,-1.0
B0BXFSKDC4,https://www.amazon.com/dp/B0BXFSKDC4,B09WLX2SQY,Alexander Home The Original Greek Salt Mill 9 Inch Tall | European Salt Mill Grinder with Crank Handle | Manual Salt Grinder | Salt Refillable - Copper,kitchenaid grain mill,777.0,592995.0,第3页，第14/48位,-1.0,3244.0
B0GF1C8T7G,https://www.amazon.com/dp/B0GF1C8T7G,B0DBVNH8JX,"BITPOTT Solar Pathway Lights Outdoor,Bright Solar Lights for Outside, Waterproof Auto On/Off Garden Lights Solar Powered Landscape Lights for Yard Walkway Driveway Lawn (Cool White, 12 Pack)",solar walkway lights,19547.0,139441.0,,84.99,-1.0
B0GF1C8T7G,https://www.amazon.com/dp/B0GF1C8T7G,B0DBVNH8JX,"BITPOTT Solar Pathway Lights Outdoor,Bright Solar Lights for Outside, Waterproof Auto On/Off Garden Lights Solar Powered Landscape Lights for Yard Walkway Driveway Lawn (Cool White, 12 Pack)",walkway,2518.0,458687.0,第3页，第31/48位,12.55,1225.0
B0GF1C8T7G,https://www.amazon.com/dp/B0GF1C8T7G,B0DBVNH8JX,"BITPOTT Solar Pathway Lights Outdoor,Bright Solar Lights for Outside, Waterproof Auto On/Off Garden Lights Solar Powered Landscape Lights for Yard Walkway Driveway Lawn (Cool White, 12 Pack)",outdoor solar walkway lights,241.0,1544162.0,,2.47,-1.0
B0GF1C8T7G,https://www.amazon.com/dp/B0GF1C8T7G,B0DBVNH8JX,"BITPOTT Solar Pathway Lights Outdoor,Bright Solar Lights for Outside, Waterproof Auto On/Off Garden Lights Solar Powered Landscape Lights for Yard Walkway Driveway Lawn (Cool White, 12 Pack)",cool white solar pathway lights,27.0,1705177.0,第2页，第30/48位,-1.0,-1.0
B0GF1C8T7G,https://www.amazon.com/dp/B0GF1C8T7G,B0DBVNH8JX,"BITPOTT Solar Pathway Lights Outdoor,Bright Solar Lights for Outside, Waterproof Auto On/Off Garden Lights Solar Powered Landscape Lights for Yard Walkway Driveway Lawn (Cool White, 12 Pack)",high quality landscape lights,30.0,1483854.0,第3页，第24/48位,-1.0,-1.0
B0GJTR956T,https://www.amazon.com/dp/B0GJTR956T,B0GLJ572B8,BaubleBar Ultimate DIY Bracelet Kit | 1000+ Pcs | Great for a Gift or Party | Bracelet Jewelry Making Kit with Beads,bracelet making kit,231451.0,2273.0,第2页，第6/48位,28.27,-1.0
B0GJTR956T,https://www.amazon.com/dp/B0GJTR956T,B0GLJ572B8,BaubleBar Ultimate DIY Bracelet Kit | 1000+ Pcs | Great for a Gift or Party | Bracelet Jewelry Making Kit with Beads,baublebar,61054.0,24083.0,第1页，第1/48位,11.76,37937.0
B0GJTR956T,https://www.amazon.com/dp/B0GJTR956T,B0GLJ572B8,BaubleBar Ultimate DIY Bracelet Kit | 1000+ Pcs | Great for a Gift or Party | Bracelet Jewelry Making Kit with Beads,friendship bracelet kit,90885.0,15600.0,,8.62,-1.0
B0GJTR956T,https://www.amazon.com/dp/B0GJTR956T,B0GLJ572B8,BaubleBar Ultimate DIY Bracelet Kit | 1000+ Pcs | Great for a Gift or Party | Bracelet Jewelry Making Kit with Beads,sticky rolls bracelet,59925.0,39006.0,第2页，第18/48位,6.49,30129.0
B0GJTR956T,https://www.amazon.com/dp/B0GJTR956T,B0GLJ572B8,BaubleBar Ultimate DIY Bracelet Kit | 1000+ Pcs | Great for a Gift or Party | Bracelet Jewelry Making Kit with Beads,bracelet kit,62975.0,37822.0,第2页，第48/52位,5.58,-1.0
B0GJTR956T,https://www.amazon.com/dp/B0GJTR956T,B0GLJ572B8,BaubleBar Ultimate DIY Bracelet Kit | 1000+ Pcs | Great for a Gift or Party | Bracelet Jewelry Making Kit with Beads,beads for bracelets,99335.0,10979.0,,3.78,-1.0
B0GJTR956T,https://www.amazon.com/dp/B0GJTR956T,B0GLJ572B8,BaubleBar Ultimate DIY Bracelet Kit | 1000+ Pcs | Great for a Gift or Party | Bracelet Jewelry Making Kit with Beads,custom bracelets,27699.0,73142.0,第2页，第42/52位,3.1,8219.0
B0GJTR956T,https://www.amazon.com/dp/B0GJTR956T,B0GLJ572B8,BaubleBar Ultimate DIY Bracelet Kit | 1000+ Pcs | Great for a Gift or Party | Bracelet Jewelry Making Kit with Beads,bracelet charms,79403.0,20999.0,,3.03,35863.0
B0GJTR956T,https://www.amazon.com/dp/B0GJTR956T,B0GLJ572B8,BaubleBar Ultimate DIY Bracelet Kit | 1000+ Pcs | Great for a Gift or Party | Bracelet Jewelry Making Kit with Beads,bead kit,27768.0,71171.0,第2页，第48/48位,2.48,-1.0
B0GJTR956T,https://www.amazon.com/dp/B0GJTR956T,B0GLJ572B8,BaubleBar Ultimate DIY Bracelet Kit | 1000+ Pcs | Great for a Gift or Party | Bracelet Jewelry Making Kit with Beads,bauble bar,12227.0,159591.0,第1页，第2/48位,2.34,2891.0
B0GJTR956T,https://www.amazon.com/dp/B0GJTR956T,B0GLJ572B8,BaubleBar Ultimate DIY Bracelet Kit | 1000+ Pcs | Great for a Gift or Party | Bracelet Jewelry Making Kit with Beads,bracelet maker,20922.0,124216.0,,2.13,-1.0
B0GJTR956T,https://www.amazon.com/dp/B0GJTR956T,B0GLJ572B8,BaubleBar Ultimate DIY Bracelet Kit | 1000+ Pcs | Great for a Gift or Party | Bracelet Jewelry Making Kit with Beads,cool maker bracelet maker,16091.0,209825.0,第2页，第7/50位,2.0,-1.0
B0GJTR956T,https://www.amazon.com/dp/B0GJTR956T,B0GLJ572B8,BaubleBar Ultimate DIY Bracelet Kit | 1000+ Pcs | Great for a Gift or Party | Bracelet Jewelry Making Kit with Beads,bead bracelet making kit,18528.0,144835.0,第2页，第22/52位,1.97,-1.0
B0GJTR956T,https://www.amazon.com/dp/B0GJTR956T,B0GLJ572B8,BaubleBar Ultimate DIY Bracelet Kit | 1000+ Pcs | Great for a Gift or Party | Bracelet Jewelry Making Kit with Beads,jewelry making kit,70994.0,28180.0,,1.74,-1.0
B0GJTR956T,https://www.amazon.com/dp/B0GJTR956T,B0GLJ572B8,BaubleBar Ultimate DIY Bracelet Kit | 1000+ Pcs | Great for a Gift or Party | Bracelet Jewelry Making Kit with Beads,ooly,21055.0,118500.0,,1.73,28502.0
B0GJTR956T,https://www.amazon.com/dp/B0GJTR956T,B0GLJ572B8,BaubleBar Ultimate DIY Bracelet Kit | 1000+ Pcs | Great for a Gift or Party | Bracelet Jewelry Making Kit with Beads,custom jewelry,12480.0,180511.0,第2页，第24/48位,1.25,1269.0
B0GJTR956T,https://www.amazon.com/dp/B0GJTR956T,B0GLJ572B8,BaubleBar Ultimate DIY Bracelet Kit | 1000+ Pcs | Great for a Gift or Party | Bracelet Jewelry Making Kit with Beads,rubberband bracelet making kit,15414.0,162519.0,第2页，第46/48位,1.18,9168.0
B0GJTR956T,https://www.amazon.com/dp/B0GJTR956T,B0GLJ572B8,BaubleBar Ultimate DIY Bracelet Kit | 1000+ Pcs | Great for a Gift or Party | Bracelet Jewelry Making Kit with Beads,bracelet making,16089.0,142145.0,第2页，第31/50位,1.16,-1.0
B0GJTR956T,https://www.amazon.com/dp/B0GJTR956T,B0GLJ572B8,BaubleBar Ultimate DIY Bracelet Kit | 1000+ Pcs | Great for a Gift or Party | Bracelet Jewelry Making Kit with Beads,charm bracelet kit,25630.0,75677.0,,0.98,-1.0
B0GJTR956T,https://www.amazon.com/dp/B0GJTR956T,B0GLJ572B8,BaubleBar Ultimate DIY Bracelet Kit | 1000+ Pcs | Great for a Gift or Party | Bracelet Jewelry Making Kit with Beads,beaded bracelet making kit,10245.0,239519.0,第3页，第14/48位,0.96,-1.0
B0FQ4ZPD8Y,https://www.amazon.com/dp/B0FQ4ZPD8Y,B0G6YWRZYG,"ETENWOLF Mini Bike Pump,20s Fast Inflate Bicycle Pump with Guage,150PSI Portable Electric Bike Air Pump with Presta and Schrader Valve for Mountain Bike,Road Bike,Motorcycle,Car,Sport Ball",bike air pump,27964.0,81156.0,第2页，第19/48位,16.0,11292.0
B0FQ4ZPD8Y,https://www.amazon.com/dp/B0FQ4ZPD8Y,B0G6YWRZYG,"ETENWOLF Mini Bike Pump,20s Fast Inflate Bicycle Pump with Guage,150PSI Portable Electric Bike Air Pump with Presta and Schrader Valve for Mountain Bike,Road Bike,Motorcycle,Car,Sport Ball",bike pump electric,17739.0,158802.0,第1页，第6/16位,13.87,5357.0
B0FQ4ZPD8Y,https://www.amazon.com/dp/B0FQ4ZPD8Y,B0G6YWRZYG,"ETENWOLF Mini Bike Pump,20s Fast Inflate Bicycle Pump with Guage,150PSI Portable Electric Bike Air Pump with Presta and Schrader Valve for Mountain Bike,Road Bike,Motorcycle,Car,Sport Ball",electric bike pump,22840.0,109069.0,第3页，第7/18位,13.68,7669.0
B0FQ4ZPD8Y,https://www.amazon.com/dp/B0FQ4ZPD8Y,B0G6YWRZYG,"ETENWOLF Mini Bike Pump,20s Fast Inflate Bicycle Pump with Guage,150PSI Portable Electric Bike Air Pump with Presta and Schrader Valve for Mountain Bike,Road Bike,Motorcycle,Car,Sport Ball",ball pump for sports balls,50583.0,47601.0,第3页，第3/48位,12.39,16352.0
B0FQ4ZPD8Y,https://www.amazon.com/dp/B0FQ4ZPD8Y,B0G6YWRZYG,"ETENWOLF Mini Bike Pump,20s Fast Inflate Bicycle Pump with Guage,150PSI Portable Electric Bike Air Pump with Presta and Schrader Valve for Mountain Bike,Road Bike,Motorcycle,Car,Sport Ball",etenwolf tire inflator,8986.0,193818.0,第1页，第10/16位,9.21,5332.0
B0FQ4ZPD8Y,https://www.amazon.com/dp/B0FQ4ZPD8Y,B0G6YWRZYG,"ETENWOLF Mini Bike Pump,20s Fast Inflate Bicycle Pump with Guage,150PSI Portable Electric Bike Air Pump with Presta and Schrader Valve for Mountain Bike,Road Bike,Motorcycle,Car,Sport Ball",electric ball pump,23739.0,97782.0,第3页，第5/48位,6.74,8668.0
B0FQ4ZPD8Y,https://www.amazon.com/dp/B0FQ4ZPD8Y,B0G6YWRZYG,"ETENWOLF Mini Bike Pump,20s Fast Inflate Bicycle Pump with Guage,150PSI Portable Electric Bike Air Pump with Presta and Schrader Valve for Mountain Bike,Road Bike,Motorcycle,Car,Sport Ball",electric mini bike,25471.0,89270.0,第3页，第46/50位,5.21,6999.0
B0FQ4ZPD8Y,https://www.amazon.com/dp/B0FQ4ZPD8Y,B0G6YWRZYG,"ETENWOLF Mini Bike Pump,20s Fast Inflate Bicycle Pump with Guage,150PSI Portable Electric Bike Air Pump with Presta and Schrader Valve for Mountain Bike,Road Bike,Motorcycle,Car,Sport Ball",bike pump presta valve,5498.0,352251.0,第1页，第20/50位,4.64,2453.0
B0FQ4ZPD8Y,https://www.amazon.com/dp/B0FQ4ZPD8Y,B0G6YWRZYG,"ETENWOLF Mini Bike Pump,20s Fast Inflate Bicycle Pump with Guage,150PSI Portable Electric Bike Air Pump with Presta and Schrader Valve for Mountain Bike,Road Bike,Motorcycle,Car,Sport Ball",bicycle tire pump,20952.0,131559.0,第2页，第14/48位,4.4,6409.0
B0FQ4ZPD8Y,https://www.amazon.com/dp/B0FQ4ZPD8Y,B0G6YWRZYG,"ETENWOLF Mini Bike Pump,20s Fast Inflate Bicycle Pump with Guage,150PSI Portable Electric Bike Air Pump with Presta and Schrader Valve for Mountain Bike,Road Bike,Motorcycle,Car,Sport Ball",electric bike pump portable,3050.0,468744.0,第2页，第4/16位,2.2,1783.0
B0FQ4ZPD8Y,https://www.amazon.com/dp/B0FQ4ZPD8Y,B0G6YWRZYG,"ETENWOLF Mini Bike Pump,20s Fast Inflate Bicycle Pump with Guage,150PSI Portable Electric Bike Air Pump with Presta and Schrader Valve for Mountain Bike,Road Bike,Motorcycle,Car,Sport Ball",presta to schrader valve adapter,11043.0,232903.0,第3页，第23/48位,2.19,2786.0
B0FQ4ZPD8Y,https://www.amazon.com/dp/B0FQ4ZPD8Y,B0G6YWRZYG,"ETENWOLF Mini Bike Pump,20s Fast Inflate Bicycle Pump with Guage,150PSI Portable Electric Bike Air Pump with Presta and Schrader Valve for Mountain Bike,Road Bike,Motorcycle,Car,Sport Ball",etenwolf,6378.0,299999.0,第1页，第15/48位,2.04,1928.0
B0FQ4ZPD8Y,https://www.amazon.com/dp/B0FQ4ZPD8Y,B0G6YWRZYG,"ETENWOLF Mini Bike Pump,20s Fast Inflate Bicycle Pump with Guage,150PSI Portable Electric Bike Air Pump with Presta and Schrader Valve for Mountain Bike,Road Bike,Motorcycle,Car,Sport Ball",mini electric bike pump,1624.0,430059.0,第1页，第20/48位,1.47,1595.0
B0FQ4ZPD8Y,https://www.amazon.com/dp/B0FQ4ZPD8Y,B0G6YWRZYG,"ETENWOLF Mini Bike Pump,20s Fast Inflate Bicycle Pump with Guage,150PSI Portable Electric Bike Air Pump with Presta and Schrader Valve for Mountain Bike,Road Bike,Motorcycle,Car,Sport Ball",ball air pump,10524.0,262749.0,第3页，第11/48位,0.77,3553.0
B0FQ4ZPD8Y,https://www.amazon.com/dp/B0FQ4ZPD8Y,B0G6YWRZYG,"ETENWOLF Mini Bike Pump,20s Fast Inflate Bicycle Pump with Guage,150PSI Portable Electric Bike Air Pump with Presta and Schrader Valve for Mountain Bike,Road Bike,Motorcycle,Car,Sport Ball",presta valve bike pump,2023.0,517131.0,第1页，第23/50位,0.65,-1.0
B0FQ4ZPD8Y,https://www.amazon.com/dp/B0FQ4ZPD8Y,B0G6YWRZYG,"ETENWOLF Mini Bike Pump,20s Fast Inflate Bicycle Pump with Guage,150PSI Portable Electric Bike Air Pump with Presta and Schrader Valve for Mountain Bike,Road Bike,Motorcycle,Car,Sport Ball",mini bike pump electric,516.0,815446.0,第1页，第7/50位,0.62,1031.0
B0FQ4ZPD8Y,https://www.amazon.com/dp/B0FQ4ZPD8Y,B0G6YWRZYG,"ETENWOLF Mini Bike Pump,20s Fast Inflate Bicycle Pump with Guage,150PSI Portable Electric Bike Air Pump with Presta and Schrader Valve for Mountain Bike,Road Bike,Motorcycle,Car,Sport Ball",road bike pump,1376.0,557217.0,第1页，第28/48位,0.46,-1.0
B0FQ4ZPD8Y,https://www.amazon.com/dp/B0FQ4ZPD8Y,B0G6YWRZYG,"ETENWOLF Mini Bike Pump,20s Fast Inflate Bicycle Pump with Guage,150PSI Portable Electric Bike Air Pump with Presta and Schrader Valve for Mountain Bike,Road Bike,Motorcycle,Car,Sport Ball",electric bike tire pump,655.0,645340.0,第1页，第12/19位,0.45,1275.0
B0FQ4ZPD8Y,https://www.amazon.com/dp/B0FQ4ZPD8Y,B0G6YWRZYG,"ETENWOLF Mini Bike Pump,20s Fast Inflate Bicycle Pump with Guage,150PSI Portable Electric Bike Air Pump with Presta and Schrader Valve for Mountain Bike,Road Bike,Motorcycle,Car,Sport Ball",electric bicycle pump,486.0,769511.0,第1页，第12/16位,0.44,975.0
B0FQ4ZPD8Y,https://www.amazon.com/dp/B0FQ4ZPD8Y,B0G6YWRZYG,"ETENWOLF Mini Bike Pump,20s Fast Inflate Bicycle Pump with Guage,150PSI Portable Electric Bike Air Pump with Presta and Schrader Valve for Mountain Bike,Road Bike,Motorcycle,Car,Sport Ball",electric bike pump portable mini,393.0,1096254.0,第1页，第24/50位,0.42,646.0
B0FS1YH17C,https://www.amazon.com/dp/B0FS1YH17C,B0GT76P4NT,"Premium Beeswax Bread Bags for Sourdough - 2 Packs XL Reusable Organic Beeswax Linen Cotton Sourdough Bag, Homesteading Essentials Sourdough Bags with Zip to Keep Fresh Bread Bags for Homemade Bread",bread box,311382.0,1695.0,,16.12,504607.0
B0FS1YH17C,https://www.amazon.com/dp/B0FS1YH17C,B0GT76P4NT,"Premium Beeswax Bread Bags for Sourdough - 2 Packs XL Reusable Organic Beeswax Linen Cotton Sourdough Bag, Homesteading Essentials Sourdough Bags with Zip to Keep Fresh Bread Bags for Homemade Bread",beeswax bread bag,159527.0,5889.0,第1页，第7/48位,8.68,139209.0
B0FS1YH17C,https://www.amazon.com/dp/B0FS1YH17C,B0GT76P4NT,"Premium Beeswax Bread Bags for Sourdough - 2 Packs XL Reusable Organic Beeswax Linen Cotton Sourdough Bag, Homesteading Essentials Sourdough Bags with Zip to Keep Fresh Bread Bags for Homemade Bread",bread bags,167100.0,4818.0,第3页，第31/48位,7.11,173032.0
B0FS1YH17C,https://www.amazon.com/dp/B0FS1YH17C,B0GT76P4NT,"Premium Beeswax Bread Bags for Sourdough - 2 Packs XL Reusable Organic Beeswax Linen Cotton Sourdough Bag, Homesteading Essentials Sourdough Bags with Zip to Keep Fresh Bread Bags for Homemade Bread",bread bags for homemade bread,104025.0,10572.0,第1页，第29/50位,5.41,112091.0
B0FS1YH17C,https://www.amazon.com/dp/B0FS1YH17C,B0GT76P4NT,"Premium Beeswax Bread Bags for Sourdough - 2 Packs XL Reusable Organic Beeswax Linen Cotton Sourdough Bag, Homesteading Essentials Sourdough Bags with Zip to Keep Fresh Bread Bags for Homemade Bread",sourdough bread bags,98580.0,11969.0,第1页，第28/48位,5.07,95756.0
B0FS1YH17C,https://www.amazon.com/dp/B0FS1YH17C,B0GT76P4NT,"Premium Beeswax Bread Bags for Sourdough - 2 Packs XL Reusable Organic Beeswax Linen Cotton Sourdough Bag, Homesteading Essentials Sourdough Bags with Zip to Keep Fresh Bread Bags for Homemade Bread",beeswax,162942.0,4142.0,第3页，第16/48位,4.15,108039.0
B0FS1YH17C,https://www.amazon.com/dp/B0FS1YH17C,B0GT76P4NT,"Premium Beeswax Bread Bags for Sourdough - 2 Packs XL Reusable Organic Beeswax Linen Cotton Sourdough Bag, Homesteading Essentials Sourdough Bags with Zip to Keep Fresh Bread Bags for Homemade Bread",bread bag,75942.0,25282.0,第1页，第23/48位,4.0,41988.0
B0FS1YH17C,https://www.amazon.com/dp/B0FS1YH17C,B0GT76P4NT,"Premium Beeswax Bread Bags for Sourdough - 2 Packs XL Reusable Organic Beeswax Linen Cotton Sourdough Bag, Homesteading Essentials Sourdough Bags with Zip to Keep Fresh Bread Bags for Homemade Bread",beeswax bread bags for sourdough,61887.0,35650.0,第1页，第13/48位,3.37,37196.0
B0FS1YH17C,https://www.amazon.com/dp/B0FS1YH17C,B0GT76P4NT,"Premium Beeswax Bread Bags for Sourdough - 2 Packs XL Reusable Organic Beeswax Linen Cotton Sourdough Bag, Homesteading Essentials Sourdough Bags with Zip to Keep Fresh Bread Bags for Homemade Bread",bag,214471.0,2343.0,,2.89,638689.0
B0FS1YH17C,https://www.amazon.com/dp/B0FS1YH17C,B0GT76P4NT,"Premium Beeswax Bread Bags for Sourdough - 2 Packs XL Reusable Organic Beeswax Linen Cotton Sourdough Bag, Homesteading Essentials Sourdough Bags with Zip to Keep Fresh Bread Bags for Homemade Bread",plastic bags,146701.0,6584.0,,1.98,85260.0
B0FS1YH17C,https://www.amazon.com/dp/B0FS1YH17C,B0GT76P4NT,"Premium Beeswax Bread Bags for Sourdough - 2 Packs XL Reusable Organic Beeswax Linen Cotton Sourdough Bag, Homesteading Essentials Sourdough Bags with Zip to Keep Fresh Bread Bags for Homemade Bread",beeswax wraps for food,47672.0,54635.0,第2页，第17/48位,1.98,24909.0
B0FS1YH17C,https://www.amazon.com/dp/B0FS1YH17C,B0GT76P4NT,"Premium Beeswax Bread Bags for Sourdough - 2 Packs XL Reusable Organic Beeswax Linen Cotton Sourdough Bag, Homesteading Essentials Sourdough Bags with Zip to Keep Fresh Bread Bags for Homemade Bread",organic bread,72701.0,26800.0,第3页，第26/48位,1.59,39778.0
B0FS1YH17C,https://www.amazon.com/dp/B0FS1YH17C,B0GT76P4NT,"Premium Beeswax Bread Bags for Sourdough - 2 Packs XL Reusable Organic Beeswax Linen Cotton Sourdough Bag, Homesteading Essentials Sourdough Bags with Zip to Keep Fresh Bread Bags for Homemade Bread",bees wax bread bag,26986.0,84433.0,第1页，第6/48位,1.55,14338.0
B0FS1YH17C,https://www.amazon.com/dp/B0FS1YH17C,B0GT76P4NT,"Premium Beeswax Bread Bags for Sourdough - 2 Packs XL Reusable Organic Beeswax Linen Cotton Sourdough Bag, Homesteading Essentials Sourdough Bags with Zip to Keep Fresh Bread Bags for Homemade Bread",beeswax bread bags,25746.0,98360.0,第1页，第8/48位,1.45,14647.0
B0FS1YH17C,https://www.amazon.com/dp/B0FS1YH17C,B0GT76P4NT,"Premium Beeswax Bread Bags for Sourdough - 2 Packs XL Reusable Organic Beeswax Linen Cotton Sourdough Bag, Homesteading Essentials Sourdough Bags with Zip to Keep Fresh Bread Bags for Homemade Bread",sourdough kit,64957.0,32828.0,第3页，第9/48位,1.38,42916.0
B0FS1YH17C,https://www.amazon.com/dp/B0FS1YH17C,B0GT76P4NT,"Premium Beeswax Bread Bags for Sourdough - 2 Packs XL Reusable Organic Beeswax Linen Cotton Sourdough Bag, Homesteading Essentials Sourdough Bags with Zip to Keep Fresh Bread Bags for Homemade Bread",bee bread,25799.0,140306.0,第1页，第2/48位,1.34,9442.0
B0FS1YH17C,https://www.amazon.com/dp/B0FS1YH17C,B0GT76P4NT,"Premium Beeswax Bread Bags for Sourdough - 2 Packs XL Reusable Organic Beeswax Linen Cotton Sourdough Bag, Homesteading Essentials Sourdough Bags with Zip to Keep Fresh Bread Bags for Homemade Bread",bees wax,36497.0,49443.0,第3页，第27/50位,1.26,16564.0
B0FS1YH17C,https://www.amazon.com/dp/B0FS1YH17C,B0GT76P4NT,"Premium Beeswax Bread Bags for Sourdough - 2 Packs XL Reusable Organic Beeswax Linen Cotton Sourdough Bag, Homesteading Essentials Sourdough Bags with Zip to Keep Fresh Bread Bags for Homemade Bread",lorine beeswax bread bag,23314.0,102793.0,第1页，第10/48位,1.17,11193.0
B0FS1YH17C,https://www.amazon.com/dp/B0FS1YH17C,B0GT76P4NT,"Premium Beeswax Bread Bags for Sourdough - 2 Packs XL Reusable Organic Beeswax Linen Cotton Sourdough Bag, Homesteading Essentials Sourdough Bags with Zip to Keep Fresh Bread Bags for Homemade Bread",bread bags for homemade bread sourdough,22993.0,99843.0,第1页，第50/53位,1.16,12513.0
B0FS1YH17C,https://www.amazon.com/dp/B0FS1YH17C,B0GT76P4NT,"Premium Beeswax Bread Bags for Sourdough - 2 Packs XL Reusable Organic Beeswax Linen Cotton Sourdough Bag, Homesteading Essentials Sourdough Bags with Zip to Keep Fresh Bread Bags for Homemade Bread",bags,165735.0,4332.0,,1.12,306386.0
B0FMZSRP6R,https://www.amazon.com/dp/B0FMZSRP6R,B0GW1C9QHK,"Silver Toilet Brush and Holder Set Stainless Steel – Square Design Toilet Bowl Brush and Holder, Rust, Corrosion & Scratch Resistant with Splash Protection, for Efficient Cleaning and Neat Storage",oxo toilet brush and holder,19503.0,137411.0,第3页，第28/48位,51.68,6637.0
B0FMZSRP6R,https://www.amazon.com/dp/B0FMZSRP6R,B0GW1C9QHK,"Silver Toilet Brush and Holder Set Stainless Steel – Square Design Toilet Bowl Brush and Holder, Rust, Corrosion & Scratch Resistant with Splash Protection, for Efficient Cleaning and Neat Storage",oxo toilet brush,13934.0,199734.0,第2页，第1/48位,32.12,5584.0
B0FMZSRP6R,https://www.amazon.com/dp/B0FMZSRP6R,B0GW1C9QHK,"Silver Toilet Brush and Holder Set Stainless Steel – Square Design Toilet Bowl Brush and Holder, Rust, Corrosion & Scratch Resistant with Splash Protection, for Efficient Cleaning and Neat Storage",simple human toilet brush,669.0,660128.0,,3.88,-1.0
B0FMZSRP6R,https://www.amazon.com/dp/B0FMZSRP6R,B0GW1C9QHK,"Silver Toilet Brush and Holder Set Stainless Steel – Square Design Toilet Bowl Brush and Holder, Rust, Corrosion & Scratch Resistant with Splash Protection, for Efficient Cleaning and Neat Storage",black plunger and toilet brush combo,714.0,759934.0,,3.87,1994.0
B0FMZSRP6R,https://www.amazon.com/dp/B0FMZSRP6R,B0GW1C9QHK,"Silver Toilet Brush and Holder Set Stainless Steel – Square Design Toilet Bowl Brush and Holder, Rust, Corrosion & Scratch Resistant with Splash Protection, for Efficient Cleaning and Neat Storage",dalmatian toilet brush holder,530.0,951605.0,,3.15,-1.0
B0FMZSRP6R,https://www.amazon.com/dp/B0FMZSRP6R,B0GW1C9QHK,"Silver Toilet Brush and Holder Set Stainless Steel – Square Design Toilet Bowl Brush and Holder, Rust, Corrosion & Scratch Resistant with Splash Protection, for Efficient Cleaning and Neat Storage",stainless steel toilet brush,699.0,549125.0,第1页，第39/50位,2.08,1929.0
B0FMZSRP6R,https://www.amazon.com/dp/B0FMZSRP6R,B0GW1C9QHK,"Silver Toilet Brush and Holder Set Stainless Steel – Square Design Toilet Bowl Brush and Holder, Rust, Corrosion & Scratch Resistant with Splash Protection, for Efficient Cleaning and Neat Storage",bathroom brush set,605.0,606045.0,,1.6,-1.0
B0FMZSRP6R,https://www.amazon.com/dp/B0FMZSRP6R,B0GW1C9QHK,"Silver Toilet Brush and Holder Set Stainless Steel – Square Design Toilet Bowl Brush and Holder, Rust, Corrosion & Scratch Resistant with Splash Protection, for Efficient Cleaning and Neat Storage",toilet brush oxo,174.0,1694870.0,第2页，第8/48位,0.37,-1.0
B0FMZSRP6R,https://www.amazon.com/dp/B0FMZSRP6R,B0GW1C9QHK,"Silver Toilet Brush and Holder Set Stainless Steel – Square Design Toilet Bowl Brush and Holder, Rust, Corrosion & Scratch Resistant with Splash Protection, for Efficient Cleaning and Neat Storage",plunger and brush set cute,129.0,1613346.0,,0.32,-1.0
B0FMZSRP6R,https://www.amazon.com/dp/B0FMZSRP6R,B0GW1C9QHK,"Silver Toilet Brush and Holder Set Stainless Steel – Square Design Toilet Bowl Brush and Holder, Rust, Corrosion & Scratch Resistant with Splash Protection, for Efficient Cleaning and Neat Storage",gold toilet bowl brush and holder,14.0,1887544.0,,0.04,-1.0
B0FMZSRP6R,https://www.amazon.com/dp/B0FMZSRP6R,B0GW1C9QHK,"Silver Toilet Brush and Holder Set Stainless Steel – Square Design Toilet Bowl Brush and Holder, Rust, Corrosion & Scratch Resistant with Splash Protection, for Efficient Cleaning and Neat Storage",toilet brush,300897.0,1596.0,,-1.0,385023.0
B0FMZSRP6R,https://www.amazon.com/dp/B0FMZSRP6R,B0GW1C9QHK,"Silver Toilet Brush and Holder Set Stainless Steel – Square Design Toilet Bowl Brush and Holder, Rust, Corrosion & Scratch Resistant with Splash Protection, for Efficient Cleaning and Neat Storage",toilet bowl brush and holder,177688.0,3443.0,,-1.0,193084.0
B0FMZSRP6R,https://www.amazon.com/dp/B0FMZSRP6R,B0GW1C9QHK,"Silver Toilet Brush and Holder Set Stainless Steel – Square Design Toilet Bowl Brush and Holder, Rust, Corrosion & Scratch Resistant with Splash Protection, for Efficient Cleaning and Neat Storage",silver bathroom accessories set,5242.0,399192.0,,-1.0,2433.0
B0FMZSRP6R,https://www.amazon.com/dp/B0FMZSRP6R,B0GW1C9QHK,"Silver Toilet Brush and Holder Set Stainless Steel – Square Design Toilet Bowl Brush and Holder, Rust, Corrosion & Scratch Resistant with Splash Protection, for Efficient Cleaning and Neat Storage",silver toilet paper holder,4296.0,422877.0,,-1.0,-1.0
B0FMZSRP6R,https://www.amazon.com/dp/B0FMZSRP6R,B0GW1C9QHK,"Silver Toilet Brush and Holder Set Stainless Steel – Square Design Toilet Bowl Brush and Holder, Rust, Corrosion & Scratch Resistant with Splash Protection, for Efficient Cleaning and Neat Storage",simple human toilet bowl brush,15.0,1859676.0,第2页，第32/48位,-1.0,-1.0
B0FMZSRP6R,https://www.amazon.com/dp/B0FMZSRP6R,B0GW1C9QHK,"Silver Toilet Brush and Holder Set Stainless Steel – Square Design Toilet Bowl Brush and Holder, Rust, Corrosion & Scratch Resistant with Splash Protection, for Efficient Cleaning and Neat Storage",brushed nickel trash can for bathroom,215.0,1222574.0,,-1.0,-1.0
B0FMZSRP6R,https://www.amazon.com/dp/B0FMZSRP6R,B0GW1C9QHK,"Silver Toilet Brush and Holder Set Stainless Steel – Square Design Toilet Bowl Brush and Holder, Rust, Corrosion & Scratch Resistant with Splash Protection, for Efficient Cleaning and Neat Storage",toilet brush stainless steel,192.0,1519965.0,第2页，第1/48位,-1.0,-1.0
B0FMZSRP6R,https://www.amazon.com/dp/B0FMZSRP6R,B0GW1C9QHK,"Silver Toilet Brush and Holder Set Stainless Steel – Square Design Toilet Bowl Brush and Holder, Rust, Corrosion & Scratch Resistant with Splash Protection, for Efficient Cleaning and Neat Storage",chrome toilet brush,139.0,1287994.0,第2页，第7/48位,-1.0,-1.0
B0FMZSRP6R,https://www.amazon.com/dp/B0FMZSRP6R,B0GW1C9QHK,"Silver Toilet Brush and Holder Set Stainless Steel – Square Design Toilet Bowl Brush and Holder, Rust, Corrosion & Scratch Resistant with Splash Protection, for Efficient Cleaning and Neat Storage",heavy duty toilet brush,480.0,770515.0,,-1.0,-1.0
B0FMZSRP6R,https://www.amazon.com/dp/B0FMZSRP6R,B0GW1C9QHK,"Silver Toilet Brush and Holder Set Stainless Steel – Square Design Toilet Bowl Brush and Holder, Rust, Corrosion & Scratch Resistant with Splash Protection, for Efficient Cleaning and Neat Storage",toilet brush holder only,347.0,1073587.0,第3页，第3/48位,-1.0,-1.0
