source_asin,source,listing_url,product_type,relevance_score,competitor_type,product_form,material,material_evidence,detail_material,detail_evidence,pack_count,closure,style,use_case,feature_tags,asin,parent_asin,title,brand,price,monthly_sales,reviews,rating,seller_address,is_fba,variation_count,bsr_category,main_image_url,image_file,visual_product_form,visual_material_signal,visual_pack_count,visual_closure,visual_style,visual_notes
B0FS1YH17C,seed,https://www.amazon.com/dp/B0FS1YH17C,FOOD STORAGE BAG,100,seed,beeswax bread bag,beeswax,title:beeswax; detail:beeswax,beeswax,title:beeswax; detail:beeswax,2,zipper,farmhouse/natural,sourdough,reusable; organic; keeps fresh; extra large,B0FS1YH17C,B0GT76P4NT,"Premium Beeswax Bread Bags for Sourdough - 2 Packs XL Reusable Organic Beeswax Linen Cotton Sourdough Bag, Homesteading Essentials Sourdough Bags with Zip to Keep Fresh Bread Bags for Homemade Bread",WiNDANCE,24.9,900.0,197.0,4.4,US,True,3.0,Reusable Produce Bags / 21579239011 / 12,https://m.media-amazon.com/images/I/61lkCChsuGL.jpg,research/B0FS1YH17C/images/01_B0FS1YH17C.jpg,beeswax bread bag,fabric/waxed-looking,2,zipper,illustrated natural,two pouches; bee/floral graphics
B0FS1YH17C,keyword,https://www.amazon.com/dp/B0F3HKCFZS,FOOD STORAGE CONTAINER,93.3,direct,beeswax bread bag,beeswax,title:beeswax; detail:beeswax,beeswax,title:beeswax; detail:beeswax,2,zipper,farmhouse/natural,sourdough,reusable; organic; keeps fresh; extra large,B0F3HKCFZS,B0FDPWF94K,"Bread Bags for Homemade Bread - 2 Packs XL Reusable Organic Beeswax Linen Cotton Sourdough Bag, Homesteading Essentials Sourdough Bags with Sealing Zip to Keep Fresh",Oerdoh,22.09,1000.0,248.0,4.2,CN,True,1.0,Reusable Produce Bags / 21579239011 / 9,https://m.media-amazon.com/images/I/71jkciwD4JL.jpg,research/B0FS1YH17C/images/02_B0F3HKCFZS.jpg,beeswax bread bag,fabric/waxed-looking,1,zipper,natural/minimal,one pouch plus retail box
B0FS1YH17C,keyword,https://www.amazon.com/dp/B0FHWFDZ39,FOOD STORAGE BAG,87.2,direct,beeswax bread bag,beeswax,title:beeswax; detail:beeswax; detail:waxed,beeswax,title:beeswax; detail:beeswax; detail:waxed,2,none stated,farmhouse/natural,sourdough,reusable; organic; keeps fresh; extra large,B0FHWFDZ39,B0FPVPZZ41,"Beeswax Sourdough Bread Bags for Homemade Bread, 2 Packs XL Reusable Organic Beeswax Linen Cotton Sourdough Bag, Keep Loaves Fresh Longer, Homesteading Essentials",Holismo,18.9,900.0,328.0,4.6,CN,True,3.0,Reusable Produce Bags / 21579239011 / 5,https://m.media-amazon.com/images/I/71REXA1mA1L.jpg,research/B0FS1YH17C/images/03_B0FHWFDZ39.jpg,,,,,,
B0FS1YH17C,keyword,https://www.amazon.com/dp/B0FB84KH2X,FOOD STORAGE BAG,68.0,direct,beeswax bread bag,beeswax,title:beeswax; detail:beeswax; title:waxed,beeswax,title:beeswax; detail:beeswax; title:waxed,2,none stated,farmhouse/natural,sourdough,reusable; keeps fresh,B0FB84KH2X,B0FB3VYJV3,"2 PACK Beeswax Sourdough Bread Bags for Homemade Bread, Reusable Cotton Beeswax Bread Bag Portable Waxed Storage All Natural Bees Wax Linen Bag Keep Fresh,13’’×17’’, 02",PICcircuit,19.99,1000.0,100.0,4.6,CN,True,3.0,Reusable Produce Bags / 21579239011 / 6,https://m.media-amazon.com/images/I/81CEqh5NNQL.jpg,research/B0FS1YH17C/images/04_B0FB84KH2X.jpg,beeswax bread bag,fabric/waxed-looking,1 visible,rod/drawstring,patterned,single patterned hanging bag visible
B0FS1YH17C,keyword,https://www.amazon.com/dp/B0FHH693Z4,FOOD STORAGE BAG,64.4,direct,beeswax bread bag,beeswax,title:beeswax; detail:beeswax,beeswax,title:beeswax; detail:beeswax,2,zipper,unknown,sourdough,keeps fresh; freezer; extra large,B0FHH693Z4,B0GLNLBLPP,"2 Pack Beeswax Bread Bags with Zipper, XL(13x17in) Sourdough Bread Storage for Homemade, Freezer Storage Bag to Keep Fresh, Cotton Beeswax Container, Baguette Bag with Liner Kitchen Baking (Off-White)",honiitaa,23.99,800.0,222.0,4.4,CN,True,4.0,Food Storage / 9768326011 / 563,https://m.media-amazon.com/images/I/71HlDpQUT+L.jpg,research/B0FS1YH17C/images/05_B0FHH693Z4.jpg,beeswax bread bag,fabric/waxed-looking,2,zipper/clip,natural line art,two bags with bread line art
B0FS1YH17C,keyword,https://www.amazon.com/dp/B0F3V3S7WG,FOOD STORAGE BAG,64.3,direct,beeswax bread bag,beeswax,title:beeswax; detail:beeswax,beeswax,title:beeswax; detail:beeswax,2,none stated,farmhouse/natural,sourdough,reusable; keeps fresh; extra large,B0F3V3S7WG,B0FH96SC1Z,"2 Pack Beeswax Bread Bags for Sourdough Homemade Bread, XL Cotton Lining Sourdough Reusable Natural Beeswax Bread Storage Bag, Keep Fresh and Upgraded Large Capacity Portable-17 x 12.6 Inches",Jasiboona,12.99,2000.0,847.0,4.4,CN,True,2.0,Reusable Produce Bags / 21579239011 / 2,https://m.media-amazon.com/images/I/81nNh3ulIvL._AC_SL1500_.jpg,research/B0FS1YH17C/images/06_B0F3V3S7WG.jpg,beeswax bread bag,fabric/waxed-looking,1 visible,zipper,orange illustrated,one bag plus packaging box
B0FS1YH17C,keyword,https://www.amazon.com/dp/B0DF4XW71Q,FOOD STORAGE BAG,61.7,direct,beeswax bread bag,beeswax,title:beeswax; detail:beeswax; title:waxed,beeswax,title:beeswax; detail:beeswax; title:waxed,2,none stated,farmhouse/natural,sourdough,reusable; keeps fresh; freezer; extra large; eco,B0DF4XW71Q,B0DKT87YSQ,"2 Pack Beeswax Bread Bags for Homemade, Reusable Bread Bag for Sourdough, XL-Reusable Waxed Linen Food Storage Bag to Keep Sourdough Fresh, Freezer-Safe, Eco-Friendly (Orange&Grey)",LDJRCP,16.04,1000.0,677.0,4.3,CN,True,5.0,Containers / 21551234011 / 20,https://m.media-amazon.com/images/I/71R9vJhw3VL.jpg,research/B0FS1YH17C/images/07_B0DF4XW71Q.jpg,beeswax bread bag,fabric/waxed-looking,2,zipper/clip,solid color printed,gray and orange pair
B0FS1YH17C,keyword,https://www.amazon.com/dp/B0GBX8GD6Q,FOOD STORAGE BAG,60.8,direct,beeswax bread bag,beeswax,title:beeswax; detail:beeswax; title:waxed,beeswax,title:beeswax; detail:beeswax; title:waxed,2,none stated,farmhouse/natural,sourdough,reusable; organic; extra large,B0GBX8GD6Q,B0H1CXZSVW,"2 Pack Beeswax Bread Bags for Sourdough Homemade Bread, XL Reusable Bread Storage Bag, Organic Waxed Line and Linen Fabric Bread Bag for Home Bakers, Picnics Work or Gift-Giving",LDJRCP,23.74,500.0,301.0,4.4,CN,True,6.0,Individual Household Food Containers / 21551234011 / 54,https://m.media-amazon.com/images/I/71z+6qndEJL.jpg,research/B0FS1YH17C/images/08_B0GBX8GD6Q.jpg,beeswax bread bag,fabric/waxed-looking,2,zipper/roll top,illustrated bread,two upright pouches with bread graphics
B0FS1YH17C,keyword,https://www.amazon.com/dp/B0GXFSW65C,FOOD STORAGE BAG,60.7,direct,beeswax bread bag,beeswax,title:beeswax; detail:beeswax,beeswax,title:beeswax; detail:beeswax,2,zipper,farmhouse/natural,sourdough,reusable; organic; keeps fresh; extra large,B0GXFSW65C,B0GXFWT3VP,"Bread Bag, Beeswax Infused Cotton Bread Bag for Homemade Sourdough, Organic Beeswax Linen, Large Capacity, Keep Fresh, Environmentally Friendly and Reusable, L-Shaped Zipper (2pcs)",ORVIX BEESWAX,33.99,50.0,3.0,5.0,CN,True,2.0,Take Out Bags / 5016476011 / 226,https://m.media-amazon.com/images/I/51nW+X1rXkL._AC_SL1500_.jpg,research/B0FS1YH17C/images/09_B0GXFSW65C.jpg,,,,,,
B0FS1YH17C,keyword,https://www.amazon.com/dp/B0GJ31CVMH,FOOD STORAGE BAG,60.0,direct,beeswax bread bag,beeswax,title:beeswax; detail:beeswax,beeswax,title:beeswax; detail:beeswax,2,none stated,patterned,sourdough,reusable; organic; keeps fresh; extra large,B0GJ31CVMH,B0GJ3DXKT3,"jomddems 2 Pack beeswax bread bag,sourdough bread bags for homemade bread,reusable Extra Large Organic Cotton Bread Storage Bag Keeps Fresh Longer (Bread print color)",Jomddems,21.99,50.0,25.0,4.5,CN,True,2.0,Reusable Produce Bags / 21579239011 / 299,https://m.media-amazon.com/images/I/81X-xQn7udL._AC_SL1500_.jpg,research/B0FS1YH17C/images/10_B0GJ31CVMH.jpg,,,,,,
B0FS1YH17C,keyword,https://www.amazon.com/dp/B0F1CQLJS5,FOOD STORAGE BAG,59.5,direct,beeswax bread bag,beeswax,title:beeswax; detail:beeswax; detail:waxed,beeswax,title:beeswax; detail:beeswax; detail:waxed,2,none stated,farmhouse/natural,sourdough,reusable; organic; keeps fresh; freezer,B0F1CQLJS5,B0GTZ5QP23,"2 Pack Beeswax Bread Bags for Sourdough,Reusable Organic Linen Beeswax Bread Bag for Homemade Sourdough 17 x 12.6 Inches Food Storage Cloth Bag – Freezer-Friendly & Freshness Preservation",AZLTC,15.89,7000.0,1050.0,4.2,CN,True,3.0,Reusable Produce Bags / 21579239011 / 1,https://m.media-amazon.com/images/I/81KB-OS8UmL.jpg,research/B0FS1YH17C/images/11_B0F1CQLJS5.jpg,beeswax bread bag,fabric/waxed-looking,2,drawstring,natural/minimal,two plain homemade bread bags
B0FS1YH17C,keyword,https://www.amazon.com/dp/B0FL29BSG5,FOOD STORAGE BAG,58.0,direct,beeswax bread bag,beeswax,title:beeswax; detail:beeswax; title:beewax,beeswax,title:beeswax; detail:beeswax; title:beewax,2,none stated,farmhouse/natural,sourdough,reusable; organic; keeps fresh,B0FL29BSG5,B0FRMP857W,"2 Pack Beeswax Bread Bag,17'×13'Reusable Organic Bread Bags for Homemade Bread Sourdough,Linen Outer Lining and Pure Cotton Beewax Inner Lining Moisture-proof &Fresh-Preserving With Buckle&Bowl Covers",CMACAIV 3D,18.89,300.0,223.0,4.4,CN,True,4.0,Reusable Produce Bags / 21579239011 / 34,https://m.media-amazon.com/images/I/81SA-fFDxRL.jpg,research/B0FS1YH17C/images/12_B0FL29BSG5.jpg,beeswax bread bag + bowl cover,fabric/waxed-looking,1 bag + cover,zipper,floral/giftable,bag with bowl cover accessory
B0FS1YH17C,keyword,https://www.amazon.com/dp/B0FJLJ62KL,FOOD STORAGE BAG,57.3,keyword,beeswax bread bag,beeswax,title:beeswax; detail:beeswax,beeswax,title:beeswax; detail:beeswax,2,none stated,farmhouse/natural,sourdough,reusable,B0FJLJ62KL,B0FJLMM97Z,"2-Pack Reusable Beeswax Bread Bags for Sourdough, Natural Linen Bag for Homemade Bread，Extend the insurance period(Coffee)",KEKUOU,24.99,100.0,21.0,4.3,CN,True,2.0,Reusable Produce Bags / 21579239011 / 107,https://m.media-amazon.com/images/I/812Sb2tS-XL.jpg,research/B0FS1YH17C/images/13_B0FJLJ62KL.jpg,,,,,,
B0FS1YH17C,keyword,https://www.amazon.com/dp/B0D83SD1ZP,FOOD STORAGE BAG,57.1,keyword,beeswax bread bag,beeswax,title:beeswax; detail:beeswax,beeswax,title:beeswax; detail:beeswax,2,none stated,unknown,sourdough,reusable; keeps fresh; extra large; eco,B0D83SD1ZP,B0D83SD1ZP,"Reusable Beeswax Bread Bags for Sourdough: XL Eco-Friendly Fresh Food Storage (13x17in, 2 Pack) | Moisture Lock, Sustainable Homemade Bread Preservation",SnailBread,27.19,600.0,354.0,4.4,CN,True,1.0,Reusable Produce Bags / 21579239011 / 22,https://m.media-amazon.com/images/I/71FLon04eEL.jpg,research/B0FS1YH17C/images/14_B0D83SD1ZP.jpg,beeswax bread bag,fabric/waxed-looking,2,drawstring,natural bee,standing pouch plus flat bag
B0FS1YH17C,keyword,https://www.amazon.com/dp/B0FL1GRFXZ,FOOD STORAGE BAG,55.1,keyword,beeswax bread bag,beeswax,title:beeswax; detail:beeswax; detail:beewax,beeswax,title:beeswax; detail:beeswax; detail:beewax,3,none stated,unknown,sourdough,reusable; organic; freezer; extra large; eco,B0FL1GRFXZ,B0FL1GRFXZ,"3 Pack Cotton Beeswax Bread Bags for Sourdough - 2XL Organic Reusable with Bees Wax Lining & Buckle Closure + 1 Beeswax Wrap, Wax Cloth Bread Bags & Freezer Safe, Eco-Friendly & Easy to Clean",ONIXCORE,22.99,100.0,69.0,4.6,US,True,1.0,Reusable Produce Bags / 21579239011 / 42,https://m.media-amazon.com/images/I/618Z55I6HtL.jpg,research/B0FS1YH17C/images/15_B0FL1GRFXZ.jpg,,,,,,
B0FS1YH17C,keyword,https://www.amazon.com/dp/B0FLXGT34C,FOOD STORAGE CONTAINER,54.0,keyword,beeswax bread bag,beeswax,title:beeswax; detail:beeswax; detail:waxed,beeswax,title:beeswax; detail:beeswax; detail:waxed,1,none stated,giftable,sourdough,reusable; keeps fresh; extra large,B0FLXGT34C,B0FLXGT34C,"Beeswax Bread Bags for Sourdough and Homemade Bread — 2 XL Reusable Cotton Bread Bags + Beeswax Bowl Cover, Food-Safe Bread Storage Keeps Loaves Fresh, Zero Waste Bakery Gift Set",Akia Collection,29.99,400.0,60.0,4.6,US,True,1.0,Reusable Produce Bags / 21579239011 / 53,https://m.media-amazon.com/images/I/81CWT0ZTp9L.jpg,research/B0FS1YH17C/images/16_B0FLXGT34C.jpg,beeswax bread bag + bowl cover,fabric/waxed-looking,2 bags + cover,drawstring,sourdough gift set,two pouches plus bowl cover
B0FS1YH17C,keyword,https://www.amazon.com/dp/B0G78PPCVG,FOOD STORAGE BAG,52.8,keyword,beeswax bread bag,beeswax,title:beeswax; detail:beeswax,beeswax,title:beeswax; detail:beeswax,2,none stated,farmhouse/natural,sourdough,reusable; keeps fresh,B0G78PPCVG,B0GR37M9VG,Beeswax Bread Bags Natural Beeswax-Lined Cotton Storage Reusable Sourdough bread bags Bakery Essentials Freshness Keeper for Homemade (2 Pack),MiUWUU,18.85,0.0,37.0,4.6,CN,True,3.0,Reusable Produce Bags / 21579239011 / 226,https://m.media-amazon.com/images/I/719zcD+CSUL._AC_SL1500_.jpg,research/B0FS1YH17C/images/17_B0G78PPCVG.jpg,,,,,,
B0FS1YH17C,keyword,https://www.amazon.com/dp/B0FF31VY9Q,FOOD STORAGE BAG,52.3,keyword,beeswax bread bag,beeswax,title:beeswax; detail:beeswax; title:beewax,beeswax,title:beeswax; detail:beeswax; title:beewax,2,none stated,farmhouse/natural,sourdough,reusable; keeps fresh; freezer; extra large,B0FF31VY9Q,B0G5LHP763,"2 Pack Reusable Beeswax Bread Bags for Sourdough, 17inx13in Bread Bags for Homemade Bread, XL Natural Beewax Lined Bread Bag, Freezer Friendly Freshness Preservation for Food Storage",Nedsewor,12.28,1000.0,207.0,4.3,CN,True,2.0,Reusable Produce Bags / 21579239011 / 14,https://m.media-amazon.com/images/I/71pS+9HLmhL.jpg,research/B0FS1YH17C/images/18_B0FF31VY9Q.jpg,,,,,,
B0FS1YH17C,keyword,https://www.amazon.com/dp/B0GVJCMTGB,FOOD STORAGE BAG,50.9,keyword,beeswax bread bag,beeswax,title:beeswax; detail:beeswax,beeswax,title:beeswax; detail:beeswax,2,none stated,patterned,sourdough,reusable; keeps fresh; extra large,B0GVJCMTGB,B0GVJCMTGB,"Reusable Beeswax Bread Bags for Homemade Bread,2-Pack (17“x13“) Extra Large Sourdough Storage,Heavy-Duty Cotton Artisan Loaf Keeper to Preserve Crust and Freshness(Artisan Print & Classic Graphic)",FASINTRAM,21.99,50.0,5.0,5.0,CN,True,1.0,Reusable Produce Bags / 21579239011 / 82,https://m.media-amazon.com/images/I/71pEBpZPKqL.jpg,research/B0FS1YH17C/images/19_B0GVJCMTGB.jpg,,,,,,
B0FS1YH17C,keyword,https://www.amazon.com/dp/B0H1195WL7,,49.3,keyword,beeswax bread bag,cotton,title:cotton; detail:cotton,cotton,title:cotton; detail:cotton,2,zipper,unknown,sourdough,reusable,B0H1195WL7,B0H11JGRL1,"Beeswax Bread Bags, 2pack Eazywell Goods Premium 100% Cotton Reusable Bread Storage Bag Beeswax with Zipper, 13 * 17inches Wax Bag for Sourdough Homemade Bread (2pcs)",EAZYWELL,35.99,0.0,1.0,5.0,CN,False,2.0,Take Out Bags / 5016476011 / 905,https://m.media-amazon.com/images/I/41ZZleTB+qL._AC_.jpg,research/B0FS1YH17C/images/20_B0H1195WL7.jpg,,,,,,
B0FS1YH17C,keyword,https://www.amazon.com/dp/B0GDFK7NQT,FOOD STORAGE BAG,46.3,keyword,linen/cotton bread bag,beeswax,title:beeswax; detail:beeswax,beeswax,title:beeswax; detail:beeswax,2,zipper,unknown,sourdough,reusable; keeps fresh; extra large,B0GDFK7NQT,B0GDFC2YH8,"Lorine Beeswax Lining Bread Bags, Reusable Bread Bags for Homemade & Sourdough Bread, Large capacity 13 * 17‘‘, Moisture Lock with Zip for Bread Freshness with Sealing (2 PCS)",Lorine,36.99,400.0,76.0,4.1,CN,True,2.0,Reusable Produce Bags / 21579239011 / 42,https://m.media-amazon.com/images/I/61jNokW0wAL.jpg,research/B0FS1YH17C/images/21_B0GDFK7NQT.jpg,beeswax bread bag,coated fabric/waxed-looking,2,zipper,minimal,two plain zip pouches
B0FS1YH17C,keyword,https://www.amazon.com/dp/B09N3M4BDJ,FOOD STORAGE BAG,46.0,keyword,linen/cotton bread bag,plastic,detail:plastic; detail:poly; detail:opp,plastic,detail:plastic; detail:poly; detail:opp,2,zipper,unknown,sourdough,reusable; freezer; extra large,B09N3M4BDJ,B09N3M4BDJ,GRIN BY GRIN- Bread Bags 2 Pack Reusable Zipper Bags for Homemade Bread Sourdough Extra Large Freezer Storage,GRIN BY GRIN,23.99,1000.0,1967.0,4.4,KR,True,1.0,Food Storage / 9768326011 / 449,https://m.media-amazon.com/images/I/81c7LuiqLfL.jpg,research/B0FS1YH17C/images/22_B09N3M4BDJ.jpg,,,,,,
B0FS1YH17C,keyword,https://www.amazon.com/dp/B0H28TCB56,FOOD STORAGE BAG,44.5,keyword,beeswax bread bag,beeswax,title:beeswax; detail:beeswax,beeswax,title:beeswax; detail:beeswax,1,zipper,farmhouse/natural,sourdough,extra large; eco,B0H28TCB56,B0H28TCB56,"lorine Beeswax Bread Bags for Homemade Bread & Sourdough –17“×13.6“ 2PC XL Eco-Friendly, Natural Food-Safe Storage Bag to Sourdough Bags with Sealing Zip to Keep",LORINE,0.0,0.0,0.0,0.0,,False,1.0,,https://m.media-amazon.com/images/I/,,,,,,,
B0FS1YH17C,keyword,https://www.amazon.com/dp/B0F8BDJSF9,FOOD STORAGE CONTAINER,43.3,keyword,linen/cotton bread bag,linen,title:linen; detail:linen,linen,title:linen; detail:linen,1,none stated,farmhouse/natural,sourdough,reusable; keeps fresh,B0F8BDJSF9,B0F8BDJSF9,"KIBAGA Beautiful Linen Bread Bag Set and Proofing Cover For Homemade Sourdough Bread - Keeps Your Loaf Fresh for Days - Reusable and Easy to Clean Storage Bag, The Perfect Baking Accessories",KIBAGA,9.99,600.0,181.0,4.5,DE,True,1.0,Bread Proofing Baskets / 16188240011 / 33,https://m.media-amazon.com/images/I/81nCzqNw1aL.jpg,research/B0FS1YH17C/images/24_B0F8BDJSF9.jpg,,,,,,
B0FS1YH17C,keyword,https://www.amazon.com/dp/B0BQ5KN672,FOOD STORAGE BAG,42.5,keyword,disposable bakery bread bag,paper,title:paper; detail:paper; detail:kraft,paper,title:paper; detail:paper; detail:kraft,100,none stated,clear/minimal,sourdough,extra large,B0BQ5KN672,B0H1LZNGFS,100 Pack Large Paper Bread Bags for Homemade Bread Sourdough Bags 14' x 8.3' x 3.5' with Tin Tie Tab Lock Clear Front Window Bakery Bag Packaging Cookie Bag with Label Seal Stickers,NOONEAST,21.99,1000.0,597.0,4.6,CN,True,4.0,Bakery Take Out Containers / 5016466011 / 14,https://m.media-amazon.com/images/I/710oIzE0sVL._AC_SL1500_.jpg,research/B0FS1YH17C/images/25_B0BQ5KN672.jpg,,,,,,
B0FS1YH17C,keyword,https://www.amazon.com/dp/B0G2S1B7GR,FOOD STORAGE BAG,41.5,keyword,disposable bakery bread bag,paper,title:paper; detail:paper; detail:kraft,paper,title:paper; detail:paper; detail:kraft,1,none stated,clear/minimal,sourdough,keeps fresh,B0G2S1B7GR,B0G2S1B7GR,Beautiful Bread Bags for Homemade Bread - Clear Window Bags Keep Your Sourdough Loaves Fresh for Days & are Great for Gifting Homemade Bread - Perfectly Sized Bakery Paper Packaging for Baked Goods,KIBAGA,11.69,2000.0,162.0,4.7,DE,True,1.0,Disposable Food Storage Bags / 16284874011 / 81,https://m.media-amazon.com/images/I/71CbxeHGENL._AC_SL1500_.jpg,research/B0FS1YH17C/images/26_B0G2S1B7GR.jpg,disposable bakery bread bag,paper with clear window,many,fold/seal,clear window,paper bread bags with stickers
B0FS1YH17C,keyword,https://www.amazon.com/dp/B0FXMF5CHN,FOOD STORAGE BAG,40.8,keyword,disposable bakery bread bag,paper,title:paper; detail:paper,paper,title:paper; detail:paper,100,none stated,clear/minimal,sourdough,extra large,B0FXMF5CHN,B0FY68JC5G,"Tripho 100 Pcs Bread Bags for Homemade Bread with Clear Window & 120 Stickers, Sourdough Bread Bags for Storage of Bread,Cookies & Snacks, Large Bakery Paper Bags",Tripho,12.99,5000.0,278.0,4.8,HK,True,1.0,Take Out Bags / 5016476011 / 1,https://m.media-amazon.com/images/I/81uFYxVm5cL._AC_SL1500_.jpg,research/B0FS1YH17C/images/27_B0FXMF5CHN.jpg,disposable bakery bread bag,kraft paper,100,fold/seal,kraft/minimal,100 pack kraft bags
B0FS1YH17C,keyword,https://www.amazon.com/dp/B0FHCW8ZGN,FOOD STORAGE CONTAINER,40.7,keyword,disposable bakery bread bag,paper,title:paper; detail:paper; detail:kraft,paper,title:paper; detail:paper; detail:kraft,120,none stated,clear/minimal,sourdough,extra large,B0FHCW8ZGN,B0G58CKPFD,"Moretoes 120 Pack Large Paper Bread Bags for Homemade Bread, 13.7x8.3x3.5 Inches, Sourdough Bread Bags with Tin Tie Tab and Clear Front Window, Includes 144 Label Seal Stickers (Brown)",Moretoes,21.99,1000.0,163.0,4.7,CN,True,3.0,Bakery Take Out Containers / 5016466011 / 16,https://m.media-amazon.com/images/I/81sgChMRFuL._AC_SL1500_.jpg,research/B0FS1YH17C/images/28_B0FHCW8ZGN.jpg,disposable bakery bread bag,paper with clear window,many,fold/seal,clear window,window bags and stickers
B0FS1YH17C,keyword,https://www.amazon.com/dp/B0DYF8MC26,FOOD STORAGE BAG,40.4,keyword,bread storage adjacent,plastic,title:plastic,beeswax,detail:beeswax,2,unknown,unknown,sourdough,keeps fresh; eco,B0DYF8MC26,B0DYF8MC26,"2 Packs Safe Double-Layer Fresh-Keeping Bread Storage Container for Homemade Bread and Sourdough,Eco-Friendly Plastic-free Food Storage | Moisture Lock Technology",LYkotama,20.99,50.0,17.0,4.8,CN,True,1.0,Reusable Produce Bags / 21579239011 / 171,https://m.media-amazon.com/images/I/81up3CQ2SuL.jpg,research/B0FS1YH17C/images/29_B0DYF8MC26.jpg,,,,,,
B0FS1YH17C,keyword,https://www.amazon.com/dp/B0G6F1ZQ1N,FOOD WRAP,39.9,keyword,beeswax bread bag,beeswax,title:beeswax; detail:beeswax,beeswax,title:beeswax; detail:beeswax,9,none stated,unknown,sourdough,reusable; organic; eco,B0G6F1ZQ1N,B0G6DJ7GWZ,"Beeswax Wraps for Food – 9 Pack Reusable Beeswax Bread Bag & Sandwich Wrap, Organic & Eco-Friendly & Sustainable Bees Paper, Perfect Alternative to Aluminum Foil Sourdough Storage & Plastic Wrap",AZLTC,9.99,50.0,41.0,4.4,CN,True,6.0,Household Plastic Wrap / 16284873011 / 30,https://m.media-amazon.com/images/I/81HpFXekgpL._AC_SL1500_.jpg,research/B0FS1YH17C/images/30_B0G6F1ZQ1N.jpg,beeswax wrap set,wrap sheets,9,wrap,patterned,multiple patterned wraps
B0FS1YH17C,keyword,https://www.amazon.com/dp/B00GK3QTCE,FOOD WRAP,37.9,keyword,beeswax wrap,beeswax,title:beeswax; detail:beeswax,beeswax,title:beeswax; detail:beeswax,1,none stated,farmhouse/natural,sourdough,reusable,B00GK3QTCE,B0FXYJ9ZBX,Bee‘s Wrap Beeswax Wraps for Bread - Beeswax Bread Wrap for Sourdough & Bread Storage - Plastic Free Made in USA Reusable Natural Food Wrap - Honeycomb,Bee‘s Wrap,14.78,1000.0,3186.0,4.6,US,True,11.0,Plastic Wrap / 16284873011 / 5,https://m.media-amazon.com/images/I/81P-+G0DpTL.jpg,research/B0FS1YH17C/images/31_B00GK3QTCE.jpg,beeswax wrap,wrap sheet,1,wrap,honeycomb/natural,flat wrap and wrapped bread
B0FS1YH17C,keyword,https://www.amazon.com/dp/B08CR1G8CS,FOOD STORAGE BAG,37.8,keyword,linen/cotton bread bag,plastic,detail:plastic,plastic,detail:plastic,1,none stated,clear/minimal,homemade bread,reusable,B08CR1G8CS,B0DJJ9JQTL,"Bread Bags with Ties, Reusable,100 Clear Bags and 100 Ties, Bread Bags For Homemade Bread And Bakery Loaf Adjustable Reusable(100)",Mantah,12.97,1000.0,6044.0,4.7,US,True,3.0,Bakery Take Out Containers / 5016466011 / 27,https://m.media-amazon.com/images/I/81Fb+glhQ+L._AC_SL1500_.jpg,research/B0FS1YH17C/images/32_B08CR1G8CS.jpg,,,,,,
B0FS1YH17C,keyword,https://www.amazon.com/dp/B08Q7WJC3G,FOOD STORAGE BAG,37.3,keyword,linen/cotton bread bag,plastic,title:plastic; detail:plastic; detail:poly; detail:polyethylene,paper,detail:paper,100,none stated,clear/minimal,homemade bread,reusable,B08Q7WJC3G,B0C6Y8DZ8H,Reusable Plastic Bread Bags for Homemade Bread - 100 Pack Clear Bag with Ties For An Airtight Moisture-free Preservation and Storage - Loaf Home Bakers Bakery Owners,FUNSTITUTION,12.99,800.0,4853.0,4.7,CA,True,3.0,Disposable Food Storage Bags / 16284874011 / 84,https://m.media-amazon.com/images/I/71uv6TxBZtL._AC_SL1500_.jpg,research/B0FS1YH17C/images/33_B08Q7WJC3G.jpg,,,,,,
B0FS1YH17C,keyword,https://www.amazon.com/dp/B0FWKHP3CM,FOOD STORAGE BAG,36.9,keyword,beeswax bread bag,beeswax,title:beeswax; detail:beeswax,beeswax,title:beeswax; detail:beeswax,2,zipper,unknown,sourdough,reusable,B0FWKHP3CM,B0GFMP1R3B,"2-Pack Reusable Beeswax Bread Bags for Sourdough & HomemadeBread with Zipper, 16.5 x 13 inch bread bags for Food Storage",Lemoobolsa,9.99,100.0,74.0,4.4,CN,True,3.0,Reusable Produce Bags / 21579239011 / 60,https://m.media-amazon.com/images/I/71Rx77jHctL.jpg,research/B0FS1YH17C/images/34_B0FWKHP3CM.jpg,,,,,,
B0FS1YH17C,keyword,https://www.amazon.com/dp/B0CW1ZBP6P,FOOD STORAGE BAG,36.4,keyword,disposable bakery bread bag,paper,title:paper; detail:paper; detail:kraft,paper,title:paper; detail:paper; detail:kraft,50,none stated,unknown,sourdough,extra large,B0CW1ZBP6P,B0FNBXXF3F,"50 Pcs Bread Bags for Homemade Bread, Sourdough Paper With Window, 50% Thicker 13.7x8.2x3.7in A Large Bakery Bags Used for Storage Cookies & Snacks, 60 Cute Sealing Stickers With Ties",AZLTC,7.89,10000.0,4098.0,4.6,CN,True,4.0,Bakery Take Out Containers / 5016466011 / 1,https://m.media-amazon.com/images/I/81X9TNVn6+L._AC_SL1500_.jpg,research/B0FS1YH17C/images/35_B0CW1ZBP6P.jpg,disposable bakery bread bag,paper with clear window,many,fold/seal,clear window,stack of window bakery bags
B0FS1YH17C,keyword,https://www.amazon.com/dp/B0DPJSTLH5,BASKET,34.7,keyword,banneton/proofing,linen,title:linen; detail:linen,linen,title:linen; detail:linen,1,unknown,farmhouse/natural,sourdough,,B0DPJSTLH5,B0GJ5LDJRN,"Sourdough Proofing Basket Gift Set, 9“ Round and 10“ Oval Banneton Bread Baking Supplies, Sourdough Baskets with Bread Lame, Danish Whish, Bowl Scraper, Sourdough Scraper, and Linen Liner",EWFEN,19.99,5000.0,1297.0,4.6,CN,True,2.0,Bread Proofing Baskets / 16188240011 / 3,https://m.media-amazon.com/images/I/81QoolujD3L.jpg,research/B0FS1YH17C/images/36_B0DPJSTLH5.jpg,banneton/proofing kit,cane basket/cloth,kit,none,gift/kit,proofing basket kit with tools
B0FS1YH17C,keyword,https://www.amazon.com/dp/B08BWVXP6Y,FOOD WRAP,34.7,keyword,beeswax wrap,beeswax,title:beeswax; detail:beeswax,beeswax,title:beeswax; detail:beeswax,1,none stated,farmhouse/natural,unknown,reusable,B08BWVXP6Y,B0G2Z8HW1K,Bee’s Wrap Beeswax Wraps for Food - Cut to Size 14x52' Beeswax Wrap Roll - Plastic Free Made in USA Reusable Natural Food Wrap - Honeycomb,Bee’s Wrap,23.0,1000.0,2289.0,4.6,US,True,12.0,,https://m.media-amazon.com/images/I/71XA5Gk84+L._AC_SL1500_.jpg,research/B0FS1YH17C/images/37_B08BWVXP6Y.jpg,beeswax wrap,wrap sheet,1,wrap,honeycomb/natural,flat beeswax wrap
B0FS1YH17C,keyword,https://www.amazon.com/dp/B0FQV6G5JB,BASKET,34.0,keyword,banneton/proofing,paper,detail:paper; detail:kraft,paper,detail:paper; detail:kraft,1,unknown,giftable,sourdough,,B0FQV6G5JB,B0FQV6G5JB,"Sourdough Starter Kit, Sourdough Bread Baking Supplies, Round & Oval Banneton Bread Proofing Basket, Bread Sling, Starter Jar, Dough Whisk, Scrapers, Stencils & Bag, Complete Sourdough Kit Gifts",Umite Chef,27.99,3000.0,323.0,4.6,CN,True,1.0,Bread Proofing Baskets / 16188240011 / 17,https://m.media-amazon.com/images/I/91OSQDVVmaL.jpg,,banneton/proofing kit,cane basket/cloth,kit,none,gift/kit,proofing basket kit with tools
B0FS1YH17C,keyword,https://www.amazon.com/dp/B0F4DF3X7F,BASKET,33.5,keyword,banneton/proofing,unknown,,unknown,,38,unknown,unknown,sourdough,,B0F4DF3X7F,B0GRVY2M1P,"38Pcs Sourdough Bread Baking Supplies, 10’’ Round & Oval Banneton Bread Proofing Baskets with 24 oz Sourdough Starter Jar Kit, Digital Scale, Bags & Bread Making Tools Kit for Artisan Baking",Aliggbent,18.48,50.0,65.0,4.4,CN,True,3.0,Bread Proofing Baskets / 16188240011 / 2,https://m.media-amazon.com/images/I/81uMuqj+UuL._AC_SL1500_.jpg,research/B0FS1YH17C/images/39_B0F4DF3X7F.jpg,,,,,,
B0FS1YH17C,keyword,https://www.amazon.com/dp/B0B8F6KDHN,FOOD WRAP,33.0,keyword,beeswax wrap,beeswax,title:beeswax; detail:beeswax,beeswax,title:beeswax; detail:beeswax,9,none stated,unknown,sandwich loaf,reusable; organic; extra large; eco,B0B8F6KDHN,B0C1JYVK9H,"Reusable Beeswax Wrap - 9 Pack Beeswax Wraps for Food, Eco-Friendly Beeswax Food Wraps, Bread Sandwich Wrapper - Organic, Sustainable, Zero Waste, Reusable Plastic-Free Food Storage Wrap, 1XL, 3M, 5S",BYTTME,14.99,800.0,1479.0,4.5,CN,True,6.0,Household Plastic Wrap / 16284873011 / 11,https://m.media-amazon.com/images/I/816mbJg3aLL._AC_SL1500_.jpg,research/B0FS1YH17C/images/40_B0B8F6KDHN.jpg,,,,,,
B0FS1YH17C,keyword,https://www.amazon.com/dp/B09TZT6N9W,FOOD WRAP,31.9,noise,beeswax wrap,beeswax,title:beeswax; detail:beeswax,beeswax,title:beeswax; detail:beeswax,9,none stated,unknown,general kitchen storage,reusable; organic; extra large; eco,B09TZT6N9W,B0C9QQM6BX,"Akeeko Reusable Beeswax Food Wraps - Assorted 9 Packs, Eco-Friendly Reusable Wrap, Biodegradable, Zero Waste, Organic Cloth, Sustainable, Plastic-Free Food Storage, 1Large, 3Medium, 5Small Sizes",Akeeko,13.99,100.0,2584.0,4.5,CN,True,10.0,Plastic Wrap / 16284873011 / 25,https://m.media-amazon.com/images/I/91zaXab+thL.jpg,,,,,,,
B0FS1YH17C,keyword,https://www.amazon.com/dp/B0CJTQZRKX,FOOD WRAP,31.1,noise,beeswax wrap,beeswax,title:beeswax; detail:beeswax,beeswax,title:beeswax; detail:beeswax,1,none stated,unknown,unknown,reusable; extra large,B0CJTQZRKX,B0GHSWR65J,XXL Reusable Beeswax Wraps For Food - 14 x 55 in Roll | Cut to Size Bees Wax Wraps Reusable | Extra Large Beeswax Paper Sheet | Cute Bees Wax Roll for Food Wraps,Kalolo Malosi,16.96,400.0,286.0,4.8,US,True,2.0,Household Plastic Wrap / 16284873011 / 23,https://m.media-amazon.com/images/I/81Q2S+7XjvL._AC_SL1500_.jpg,,,,,,,
B0FS1YH17C,keyword,https://www.amazon.com/dp/B0DPXKXV31,BREAD,30.5,noise,unknown,unknown,,unknown,,1,unknown,unknown,sourdough,organic,B0DPXKXV31,B0DPXKXV31,"365 by Whole Foods Market Organic Sourdough Bread, 24 OZ",365 by Whole Foods Market,4.99,30000.0,689.0,4.4,,False,1.0,Sourdough Sandwich Bread / 18776908011 / 3,https://m.media-amazon.com/images/I/51r2y1EvMgL.jpg,,,,,,,
B0FS1YH17C,keyword,https://www.amazon.com/dp/B0F3P1TCHG,FOOD STORAGE BAG,30.2,noise,disposable bakery bread bag,paper,title:paper; detail:paper; detail:kraft,paper,title:paper; detail:paper; detail:kraft,30,unknown,unknown,homemade bread,,B0F3P1TCHG,B0GZPL5XQ9,"30 pack bread paper bags with window, including 30 homemade bread storage label seal stickers (13.7x8.3x3.5 inches)",Fulgivate,4.49,3000.0,680.0,4.6,CN,True,3.0,Disposable Food Storage Bags / 16284874011 / 61,https://m.media-amazon.com/images/I/61hYrNCpcKL._AC_SL1024_.jpg,,,,,,,
B0FS1YH17C,keyword,https://www.amazon.com/dp/B0D52XS7LJ,FOOD STORAGE BAG,30.1,noise,linen/cotton bread bag,plastic,title:plastic; detail:plastic,plastic,title:plastic; detail:plastic,72,none stated,clear/minimal,homemade bread,reusable,B0D52XS7LJ,B0D52XS7LJ,"Bread Bags with Ties, 72 Pack Clear Bread Bags for Homemade Bread and 100 Ties, Adjustable Reusable Plastic Bread Bags, Bread Loaf Bags for Home Bakers and Bakery Owners",Reastar,7.99,700.0,794.0,4.6,CN,True,0.0,Food Storage / 9768326011 / 515,https://m.media-amazon.com/images/I/71UsmwjbleL._AC_SL1500_.jpg,,,,,,,
B0FS1YH17C,keyword,https://www.amazon.com/dp/B0D3GTF8MS,FOOD STORAGE BAG,29.5,noise,linen/cotton bread bag,plastic,title:plastic; detail:poly; detail:polyethylene,plastic,title:plastic; detail:poly; detail:polyethylene,70,none stated,clear/minimal,homemade bread,reusable,B0D3GTF8MS,B0GZTDCZ62,"vivinin 70 Pack Bread Bags & 100 Pack Ties, 8' x 4' x 18' Clear Bread Bags for Homemade Bread, Reusable Plastic Bread Storage Bags for Bakers, Bakery Owners",vivinin,6.99,1000.0,1005.0,4.7,HK,True,2.0,Food Storage / 9768326011 / 267,https://m.media-amazon.com/images/I/612FhBY69zL._AC_SL1500_.jpg,,,,,,,
B0FS1YH17C,keyword,https://www.amazon.com/dp/B09WRHLCFG,FOOD WRAP,28.7,noise,beeswax wrap,beeswax,title:beeswax; detail:beeswax; detail:beewax,beeswax,title:beeswax; detail:beeswax; detail:beewax,9,none stated,patterned,general kitchen storage,reusable; organic; eco,B09WRHLCFG,B0BWCQH5WZ,"Reusable Beeswax Wrap - 9 Pack Eco-Friendly Beeswax Wraps For Food, Organic, Sustainable, Biodegradable, Zero Waste, Plastic-Free Food Storage, 1L Strawberry, 3M Orange, 5S Lemon Patterns",PICcircuit,13.99,900.0,1664.0,4.5,CN,True,4.0,Household Plastic Wrap / 16284873011 / 13,https://m.media-amazon.com/images/I/81-cLbynG7L._AC_SL1500_.jpg,,,,,,,
B0FS1YH17C,keyword,https://www.amazon.com/dp/B0BK2DP1QY,BREAD,28.4,noise,linen/cotton bread bag,plastic,title:plastic; detail:plastic,plastic,title:plastic; detail:plastic,100,none stated,clear/minimal,sourdough,keeps fresh,B0BK2DP1QY,B0BSHXSCGK,"Bread Bags (100 Count) - Clear Plastic Bread Bags with Twist Ties for Sandwich, Loaf, Sourdough, Pastries, Muffins, and Baked Goods with Date Tab for Tracking Freshness, BPA Free",Tafura,13.29,700.0,987.0,4.8,US,True,2.0,Disposable Food Storage Bags / 16284874011 / 163,https://m.media-amazon.com/images/I/81uxv79k5TL._SL1500_.jpg,,,,,,,
B0FS1YH17C,keyword,https://www.amazon.com/dp/B0FMY84W4Y,FOOD WRAP,27.8,noise,beeswax wrap,beeswax,title:beeswax; detail:beeswax; detail:beewax,beeswax,title:beeswax; detail:beeswax; detail:beewax,1,none stated,unknown,sandwich loaf,reusable; organic; eco,B0FMY84W4Y,B0FMY84W4Y,"Beeswax Wraps for Food Roll(13x39inch), Organic Beeswax Wrap Beeswax Food Wraps Reusable Food Wrap Sustainable Beeswax Paper Beeswax Sandwich Wrap Beeswax Storage Beeswax Cloth Beeswax Food Wrappers",PICcircuit,9.99,400.0,93.0,4.4,CN,True,1.0,Household Plastic Wrap / 16284873011 / 28,https://m.media-amazon.com/images/I/711Of08zXZL._AC_SL1500_.jpg,,,,,,,
B0FS1YH17C,keyword,https://www.amazon.com/dp/B0CP8VT4DR,FOOD STORAGE BAG,27.7,noise,disposable bakery bread bag,paper,title:paper; detail:paper; detail:kraft,paper,title:paper; detail:paper; detail:kraft,25,none stated,unknown,sourdough,extra large,B0CP8VT4DR,B0F2MLLF9F,"Paper Bread Bags 25PCS, Sourdough Bread Bags for Homemade Bread, Large Bakery Bags with Window Includes 25PCS Label Seal Stickers for Homemade Bread Storage(13.7x8.3x3.5 inch)",Hoewina,4.99,2000.0,1496.0,4.6,CN,True,3.0,Disposable Food Storage Bags / 16284874011 / 52,https://m.media-amazon.com/images/I/815DxoK9NSL._AC_SL1500_.jpg,,,,,,,
B0FS1YH17C,keyword,https://www.amazon.com/dp/B0FGND5XWN,FOOD STORAGE BAG,27.5,noise,disposable bakery bread bag,paper,title:paper; detail:paper; title:kraft; detail:kraft,paper,title:paper; detail:paper; title:kraft; detail:kraft,24,none stated,clear/minimal,sourdough,extra large,B0FGND5XWN,B0G57XXKZ9,"24 Pack Paper Bread Bags for Homemade Bread and Sourdough, 50% Thicker Large Kraft Loaf Bags with Clear Window for Bakery Packaging & Storage, Includes Sealing Stickers",betkou,4.99,800.0,227.0,4.5,CN,True,3.0,Disposable Food Storage Bags / 16284874011 / 119,https://m.media-amazon.com/images/I/81wzlPPYnSL._AC_SL1500_.jpg,,,,,,,
B0FS1YH17C,keyword,https://www.amazon.com/dp/B0D5945PYL,FOOD STORAGE BAG,26.0,noise,disposable bakery bread bag,paper,title:paper; detail:paper; detail:kraft,paper,title:paper; detail:paper; detail:kraft,25,none stated,giftable,sourdough,extra large,B0D5945PYL,B0G574W6WH,Bread Bags for Homemade Bread 25PCS Paper Sourdough Large Bakery Bags with Window for Baked Food Packaging Storage Gift Giving Includes 25PCS Label Seal Stickers 13.7x8.3x3.5in,WIKDAY,3.99,700.0,614.0,4.8,CN,True,12.0,Food Storage Bags / 16284874011 / 103,https://m.media-amazon.com/images/I/71EOYeGfJIL.jpg,,,,,,,
B0FS1YH17C,keyword,https://www.amazon.com/dp/B0GK6RYQZH,,25.4,noise,unknown,unknown,,unknown,,1,lid,unknown,sourdough,,B0GK6RYQZH,B0F1FBX3PV,"VORRINGARD Enameled Cast Iron Sourdough Bread Oven, Dutch Oven, Loaf Cast Iron Bread Pan for Homemade Bread Baking, Meatloaf Pan with Lid, 5QT, Dark Green",VORRINGARD,89.99,0.0,0.0,0.0,CN,True,23.0,,https://m.media-amazon.com/images/I/81M85LJ+V4L._AC_SL1500_.jpg,,,,,,,
B0FS1YH17C,keyword,https://www.amazon.com/dp/B0D4VDZ92Q,BASKET,25.3,noise,banneton/proofing,unknown,,unknown,,1,unknown,unknown,sourdough,,B0D4VDZ92Q,B0D4VDZ92Q,"Complete Sourdough Starter Kit, Sourdough Bread Baking Supplies, Banneton Bread Proofing Basket with Sourdough Starter Jar, 9inch Round Bread Proofing Basket, for Bread Baking",BANTBSKT,21.58,3000.0,1586.0,4.7,CN,True,1.0,Bread Proofing Baskets / 16188240011 / 5,https://m.media-amazon.com/images/I/81jUcIML-kL.jpg,,,,,,,
B0FS1YH17C,keyword,https://www.amazon.com/dp/B0F3QLYWLS,FOOD WRAP,24.3,noise,beeswax wrap,beeswax,title:beeswax; detail:beeswax,beeswax,title:beeswax; detail:beeswax,5,none stated,farmhouse/natural,unknown,reusable; extra large,B0F3QLYWLS,B0FQDWZDFK,Bee’s Wrap Beeswax Wraps for Food - Assorted 5 Pack of Beeswax Wraps - 2 Large & 3 Medium Wrap - Plastic Free Made in USA Reusable Natural Food Wrap - Honeycomb & Bees + Bears,Bee’s Wrap,24.99,500.0,12985.0,4.6,US,True,19.0,Household Plastic Wrap / 16284873011 / 17,https://m.media-amazon.com/images/I/81AFQ861VnL._AC_SL1500_.jpg,,,,,,,
B0FS1YH17C,keyword,https://www.amazon.com/dp/B0FPLTFQBW,BAKING MAT,24.1,noise,unknown,silicone,title:silicone; detail:silicone,paper,detail:paper,2,unknown,unknown,sourdough,reusable,B0FPLTFQBW,B0FVM8QB8C,"Silicone Bread Sling for Dutch Oven, 2-Pack Non-Stick Reusable Baking Mat with Heat-Resistant Handles, Easy Sourdough Transfer, Ideal for Home Baking, Oven Use, Kitchen Beginners",Koolstuffs,6.29,2000.0,249.0,4.7,CN,True,2.0,Baking Mats / 3736921 / 14,https://m.media-amazon.com/images/I/71m6NS9AijL._AC_SL1500_.jpg,,,,,,,
B0FS1YH17C,keyword,https://www.amazon.com/dp/B09CFYR6CT,BREAD,23.6,noise,unknown,unknown,,unknown,,1,unknown,unknown,general kitchen storage,organic; keeps fresh,B09CFYR6CT,B09CFYR6CT,"One Mighty Mill Whole Wheat Bread, 100% Organic, Fresh-Milled, Stone-Ground Flour - No Preservatives or Artificial Ingredients, Non-GMO, Kosher (16 Slices, 1 Pack)",One Mighty MIll,5.81,8000.0,390.0,4.6,,False,1.0,Whole Wheat Sandwich Bread / 18776912011 / 92,https://m.media-amazon.com/images/I/61pafQbBxWL.jpg,,,,,,,
B0FS1YH17C,keyword,https://www.amazon.com/dp/B0DVH4D9HB,BREAD,23.4,noise,unknown,unknown,,unknown,,1,unknown,unknown,unknown,,B0DVH4D9HB,B0DVH4D9HB,"Bimbo, White Bread Double Pack, 48 Ounce",Bimbo,24.99,0.0,2.0,5.0,US,False,1.0,Dinner Breads / 18776875011 / 63,https://m.media-amazon.com/images/I/81RZyaK5Z0L.jpg,,,,,,,
B0FS1YH17C,keyword,https://www.amazon.com/dp/B0FSX4Z2PY,BASKET,22.4,noise,banneton/proofing,silicone,detail:silicone,silicone,detail:silicone,1,unknown,giftable,sourdough,,B0FSX4Z2PY,B0GWQSMHW8,"Sourdough Starter Kit, Banneton Bread Proofing Basket Set with 24oz Starter Jar, Sourdough Bread Baking Supplies with 9’’ Round Banneton Baskets, Bread Making Baking Tools Gifts for Bakers",rorecay,28.99,1000.0,4623.0,4.6,CN,True,4.0,Bread Proofing Baskets / 16188240011 / 10,https://m.media-amazon.com/images/I/71BoF8inBqL._AC_SL1500_.jpg,,,,,,,
B0FS1YH17C,keyword,https://www.amazon.com/dp/B0D3D3339P,BASKET,22.3,noise,banneton/proofing,linen,detail:linen,linen,detail:linen,1,unknown,unknown,sourdough,,B0D3D3339P,B0GVNZKCKV,"Sourdough Starter Kit, Banneton Bread Proofing Baskets Set, Sourdough Bread Baking Supplies Making Tools with Dough Scraper, Whisk, Bread Lame, Recipe",BAVIFY,34.99,1000.0,1300.0,4.8,CN,True,5.0,Bread Proofing Baskets / 16188240011 / 7,https://m.media-amazon.com/images/I/71EzazE9uSL.jpg,,,,,,,
B0FS1YH17C,keyword,https://www.amazon.com/dp/B082VVW7HD,BREAD,21.5,noise,unknown,unknown,,unknown,,1,unknown,unknown,unknown,,B082VVW7HD,B082VVW7HD,"La Tour Bakehouse Japanese Style White Bread, 18 OZ",LA TOUR BAKEHOUSE,24.0,0.0,99.0,4.2,US,False,1.0,Frozen Bread / 6459133011 / 30,https://m.media-amazon.com/images/I/81CTTyjIxFL.jpg,,,,,,,
B0FS1YH17C,keyword,https://www.amazon.com/dp/B0CN95MYH5,FOOD STORAGE CONTAINER,21.3,noise,bread box,plastic,detail:plastic,plastic,detail:plastic,1,lid,unknown,homemade bread,eco,B0CN95MYH5,B0CYBQHZ9G,"Gifhomfix Bread Box Bread Boxes for Kitchen Counter Airtight, Time Recording Bread Storage Container with Lid, Bread Keeper for Homemade Bread, Toast, Bagel, Donut and Cookies, Grey",Gifhomfix,19.99,2000.0,3018.0,4.2,CN,True,7.0,Bread Boxes / 13880451 / 2,https://m.media-amazon.com/images/I/71xgjPaL1tL._AC_SL1500_.jpg,,,,,,,
B0FS1YH17C,keyword,https://www.amazon.com/dp/B0FTMVFHZ3,BASKET,21.2,noise,banneton/proofing,silicone,title:silicone; detail:silicone,linen,detail:linen,1,unknown,unknown,sourdough,,B0FTMVFHZ3,B0GWJD9Q3Z,"Superbaking Sourdough Starter Kit, 9' Splinter-Free Banneton Bread Proofing Basket Set with Non-Stick Silicone Dough Sling & Glass Starter Jar Kit, Sourdough Bread Baking Supplies, Sourdough Tools",Superbaking,36.97,2000.0,7187.0,4.7,RO,True,6.0,Bread Proofing Baskets / 16188240011 / 1,https://m.media-amazon.com/images/I/91vIB+MeeuL.jpg,,,,,,,
B0FS1YH17C,keyword,https://www.amazon.com/dp/B0FH6VLMKM,BASKET,20.7,noise,banneton/proofing,paper,detail:kraft,paper,detail:kraft,1,unknown,giftable,sourdough,,B0FH6VLMKM,B0FH6VLMKM,"Astercook Sourdough Starter Kit with Round & Oval Banneton Bread Proofing Basket, Bread Sling, Starter Jar, Dough Whisk, Scrapers, Stencils, Complete Sourdough Bread Baking Supplies, Mothers Day Gifts",Astercook,37.97,2000.0,484.0,4.7,CN,True,1.0,Bread Proofing Baskets / 16188240011 / 6,https://m.media-amazon.com/images/I/819myFEWYcL.jpg,,,,,,,
B0FS1YH17C,keyword,https://www.amazon.com/dp/B0DK8G5C3X,BASKET,20.7,noise,banneton/proofing,linen,detail:linen,linen,detail:linen,1,unknown,giftable,sourdough,,B0DK8G5C3X,B0FCFDZSMD,"Sourdough Bread Baking Supplies, Sourdough Starter Kit, Bread Proofing Basket, Bread Making Tools Kit, Sour Dough Kit Tools, Sourdough Proofing Basket, Sourdough Kit Gifts for Bakers Women Wife Mom",VEDALIO,33.29,1000.0,1109.0,4.7,CN,True,2.0,Bread Proofing Baskets / 16188240011 / 14,https://m.media-amazon.com/images/I/81FZndeRa7L.jpg,,,,,,,
B0FS1YH17C,keyword,https://www.amazon.com/dp/B0BL56DXNX,FOOD STORAGE CONTAINER,20.0,noise,bread box,plastic,detail:plastic,plastic,detail:plastic,1,unknown,unknown,sandwich loaf,keeps fresh,B0BL56DXNX,B0DYL9FJXL,Buddeez Bread Buddy Bread Box – Keeps Loaves Fresh - Holds 1 Loaf of Sandwich Size Bread,Buddeez,15.99,500.0,35698.0,4.6,US,True,3.0,Bread Boxes / 13880451 / 9,https://m.media-amazon.com/images/I/71AgQsuGoYL._AC_SL1500_.jpg,,,,,,,
B0FS1YH17C,keyword,https://www.amazon.com/dp/B0DKC1HCQQ,FOOD STORAGE CONTAINER,19.7,noise,bread box,wood/bamboo,title:wood; detail:wood; detail:bamboo,wood/bamboo,title:wood; detail:wood; detail:bamboo,1,unknown,unknown,general kitchen storage,extra large,B0DKC1HCQQ,B0FX9MQWP7,"Kitsure Bread Box - Wooden Bread Box for Kitchen Countertop, Large Capacity Kitchen Countertop Organizer, Stylish Bread Storage with Window, Multi-functional Container, Black, 1-Tier",Kitsure,22.99,2000.0,858.0,4.5,CN,True,5.0,Bread Boxes / 13880451 / 1,https://m.media-amazon.com/images/I/71kzRU0xbDL._AC_SL1500_.jpg,,,,,,,
B0FS1YH17C,keyword,https://www.amazon.com/dp/B095DF7RK1,BREAD,19.4,noise,unknown,unknown,,unknown,,1,unknown,unknown,unknown,,B095DF7RK1,B0BCGWNJC3,"Carbonaut White Low Carb Keto Bread, 19 OZ",CARBONAUT,20.0,2000.0,2312.0,4.2,US,True,2.0,Frozen Bread / 6459133011 / 6,https://m.media-amazon.com/images/I/71nfr5wXzLL.jpg,,,,,,,
B0FS1YH17C,keyword,https://www.amazon.com/dp/B0DZWR9SN4,FOOD STORAGE CONTAINER,17.9,noise,bread box,wood/bamboo,title:wood; detail:wood; detail:bamboo,wood/bamboo,title:wood; detail:wood; detail:bamboo,1,lid,unknown,unknown,,B0DZWR9SN4,B0DZWR9SN4,"Amazon Basics Carbon Steel Bread Box with Acacia Wood Lid, Lid Doubles as Cutting Board, 11.9 x 7.1 x 5.2 in",Amazon Basics,19.99,700.0,105.0,4.4,,True,1.0,Bread Boxes / 13880451 / 16,https://m.media-amazon.com/images/I/71mFXIuuUTL._AC_SL1500_.jpg,,,,,,,
B0FS1YH17C,keyword,https://www.amazon.com/dp/B0C3VFDJ3P,FOOD STORAGE CONTAINER,17.7,noise,bread box,plastic,title:plastic; detail:plastic,plastic,title:plastic; detail:plastic,2,lid,unknown,sandwich loaf,,B0C3VFDJ3P,B0C3VJYQMY,"Tiawudi 2 Pack Bread Box, Plastic Bread Container, Bread Storage for Kitchen Counter, Bread Keeper with Airtight Lid, Tall Bread Saver, Sandwich Bread Holder, 5.6 Qt / 5.3L Each",Tiawudi,19.99,1000.0,1592.0,4.6,CN,True,1.0,Bread Boxes / 13880451 / 7,https://m.media-amazon.com/images/I/71mvkV5SwUL._AC_SL1500_.jpg,,,,,,,
B0FS1YH17C,keyword,https://www.amazon.com/dp/B0FDK8NYQT,CLEANING AGENT,17.7,noise,unknown,beeswax,title:beeswax; detail:beeswax,beeswax,title:beeswax; detail:beeswax,1,unknown,unknown,unknown,,B0FDK8NYQT,B0FDJSCLB8,"Beeswax Wood Polish - Furniture Polish - Wood Cleaner - Wood Floor Polish - Applicable To Living Room, Kitchen and Wooden Furniture Floors. (1Pcs)",Generic,12.99,1000.0,42.0,2.8,CN,True,2.0,Wood Polish / 15342871 / 20,https://m.media-amazon.com/images/I/61H7YGbCkOL._AC_SL1200_.jpg,,,,,,,
B0FS1YH17C,keyword,https://www.amazon.com/dp/B0CNC19SDD,FOOD STORAGE CONTAINER,16.3,noise,bread box,wood/bamboo,title:bamboo; detail:bamboo,wood/bamboo,title:bamboo; detail:bamboo,1,unknown,farmhouse/natural,general kitchen storage,extra large,B0CNC19SDD,B0FRMCQ7V2,"HOOBRO Bamboo Bread Box, Kitchen Countertop Corner Bread Box, Large Capacity 2-Tier Bread Container, Bread Storage Container with Dual Rippled Acrylic Doors, for Kitchen Food Storage, Natural YL12MB01",HOOBRO,34.99,50.0,274.0,4.1,CN,True,3.0,Bread Boxes / 13880451 / 142,https://m.media-amazon.com/images/I/81w-dbrhMqL.jpg,,,,,,,
B0FS1YH17C,keyword,https://www.amazon.com/dp/B0D9JHSDCY,BREAD,16.1,noise,unknown,unknown,,unknown,,1,unknown,unknown,sandwich loaf,,B0D9JHSDCY,B0D9JHSDCY,"Classic White Sandwich Bread, Sliced, 20 oz (Pack of 2)",VEMAX Store,14.5,50.0,73.0,4.2,US,False,1.0,White / 18776910011 / 70,https://m.media-amazon.com/images/I/,,,,,,,
B0FS1YH17C,keyword,https://www.amazon.com/dp/B0CNCM9C7R,FOOD STORAGE CONTAINER,15.9,noise,bread box,wood/bamboo,title:wood; title:bamboo; detail:bamboo,wood/bamboo,title:wood; title:bamboo; detail:bamboo,1,roll top,farmhouse/natural,general kitchen storage,extra large,B0CNCM9C7R,B0FFTBTYVJ,"HOOBRO Bread Box, Bamboo Bread Box for Kitchen Countertop, 2 Tier Roll-Top Bread Bin, Food Storage Box, Large Capacity Keeper, Wooden Storage Cabinet, for Kitchen, Dining Room, Natural YL13MB01",HOOBRO,35.99,100.0,413.0,4.4,CN,True,3.0,Bread Boxes / 13880451 / 82,https://m.media-amazon.com/images/I/81IYciAKtSL._AC_SL1500_.jpg,,,,,,,
B0FS1YH17C,keyword,https://www.amazon.com/dp/B0DPXLPQJF,BREAD,15.0,noise,unknown,unknown,,unknown,,1,unknown,unknown,homemade bread,organic,B0DPXLPQJF,B0DPXLPQJF,"365 by Whole Foods Market Organic White Artisan Bread, 16 OZ",365 by Whole Foods Market,3.29,10000.0,632.0,4.4,,False,1.0,Breads / 18776870011 / 43,https://m.media-amazon.com/images/I/61LS3Bup2GL.jpg,,,,,,,
B0FS1YH17C,keyword,https://www.amazon.com/dp/B07NMNDT1W,HAIR REMOVAL AGENT,15.0,noise,unknown,beeswax,title:beeswax; detail:beeswax,beeswax,title:beeswax; detail:beeswax,1,unknown,farmhouse/natural,unknown,,B07NMNDT1W,B07YNBX5C4,"Howemon White Beeswax Pellets 2LB 100% Pure and Natural Triple Filtered for Skin, Face, Body and Hair Care DIY Creams, Lotions, Lip Balm and Soap Making Supplies",Howemon,15.99,2000.0,8058.0,4.6,CN,True,3.0,Candle Making Wax / 262602011 / 3,https://m.media-amazon.com/images/I/61PGIIvz6UL._AC_SL1500_.jpg,,,,,,,
B0FS1YH17C,keyword,https://www.amazon.com/dp/B0GCLLYJR8,COOKWARE SET,14.3,noise,banneton/proofing,metal,detail:metal; detail:aluminum,linen,detail:linen,1,unknown,unknown,sourdough,,B0GCLLYJR8,B0GZH28K2M,"EWFEN Sourdough Starter Kit with Enamel Cast Iron Pot, Complete Sourdough Bread Baking Supplies, Round & Oval Bread Proofing Basket with 34 Oz Starter Jar, Bread Making Tools Kit",EWFEN,69.99,300.0,186.0,4.6,CN,True,1.0,Bread Proofing Baskets / 16188240011 / 41,https://m.media-amazon.com/images/I/81VGK+O6GUL.jpg,,,,,,,
B0FS1YH17C,keyword,https://www.amazon.com/dp/B0D3VMF4BK,CANDLE,14.2,noise,unknown,beeswax,title:beeswax; detail:beeswax,beeswax,title:beeswax; detail:beeswax,1,unknown,farmhouse/natural,unknown,organic,B0D3VMF4BK,B0D4MTDQ2M,"FROKO White Natural Beeswax Pellets 1LB, Organic Beeswax, Beeswax for Candle Making, Body, Skin Care DIY, Lip Balm, Soap and Lotion Making Supplies",FROKO,8.09,2000.0,1397.0,4.5,CN,True,8.0,Wax / 262602011 / 2,https://m.media-amazon.com/images/I/81OKW17-RgL.jpg,,,,,,,
B0FS1YH17C,keyword,https://www.amazon.com/dp/B083QZVYSD,BREAD,13.6,noise,unknown,unknown,,unknown,,1,unknown,unknown,sourdough,,B083QZVYSD,B0FLTN5DZX,"The Rustik Oven Sourdough Bread, Bread Free From Artificial Colors and Flavors, 16 Oz Loaf",The Rustik Oven,4.99,10000.0,741.0,4.6,,False,1.0,Sourdough Sandwich Bread / 18776908011 / 6,https://m.media-amazon.com/images/I/81MCeZD9QzL._SL1500_.jpg,,,,,,,
B0FS1YH17C,keyword,https://www.amazon.com/dp/B0DPXNPLLY,BREAD,13.5,noise,unknown,unknown,,unknown,,1,unknown,unknown,unknown,organic,B0DPXNPLLY,B0DPXNPLLY,"365 by Whole Foods Market Organic Whole Wheat Bread, 20 OZ",365 by Whole Foods Market,4.19,10000.0,439.0,4.6,,False,1.0,Whole Wheat Sandwich Bread / 18776912011 / 6,https://m.media-amazon.com/images/I/51YVt8YUEtL.jpg,,,,,,,
B0FS1YH17C,keyword,https://www.amazon.com/dp/B0CGZPR3X9,FOOD STORAGE CONTAINER,13.2,noise,bread box,wood/bamboo,title:wood; detail:wood,wood/bamboo,title:wood; detail:wood,1,unknown,farmhouse/natural,general kitchen storage,extra large,B0CGZPR3X9,B0D1THJVV7,Sunhoo Bread Box for Kitchen Countertop Wooden Bread Storage Container Bin 2 Layer Breadbox Holder Large Capacity Keeper Vintage Farmhouse Food Organizer Pantry Shelf Acrylic Window (Brown),Sunhoo,47.49,1000.0,1912.0,4.6,CN,True,4.0,Bread Boxes / 13880451 / 5,https://m.media-amazon.com/images/I/81AnbhcEuvL._AC_SL1500_.jpg,,,,,,,
B0FS1YH17C,keyword,https://www.amazon.com/dp/B09C9NWH7F,CLEANING AGENT,12.7,noise,unknown,wood/bamboo,detail:wood,wood/bamboo,detail:wood,2,unknown,unknown,unknown,,B09C9NWH7F,B0CN4CSW64,The Original Bee’s Wax Old World Formula Furniture Polish - 2 Pack,The Original Bee‘s Wax,34.97,6000.0,9494.0,4.7,US,True,2.0,Wood Polish / 15342871 / 4,https://m.media-amazon.com/images/I/81zT9hQDcYL._AC_SL1500_.jpg,,,,,,,
B0FS1YH17C,keyword,https://www.amazon.com/dp/B0DPNJNFWX,FOOD STORAGE BAG,12.5,noise,unknown,plastic,detail:plastic,plastic,detail:plastic,100,unknown,unknown,general kitchen storage,,B0DPNJNFWX,B0DPNJNFWX,"Amazon Basics Twist Tie Storage Bags, Gallon Size, Great for Bread and Rolls, 100 Count",Amazon Basics,3.98,2000.0,166.0,4.6,,True,1.0,Disposable Food Storage Bags / 16284874011 / 64,https://m.media-amazon.com/images/I/61VIRkQ2piL._AC_SL1500_.jpg,,,,,,,
B0FS1YH17C,keyword,https://www.amazon.com/dp/B09M96XDX5,BREAD,12.1,noise,unknown,unknown,,unknown,,1,unknown,unknown,sourdough,,B09M96XDX5,B09M96XDX5,"Nature‘s Own Perfectly Crafted Sourdough Bread, Thick Sliced Non-GMO Sourdough Bread, 22 oz Loaf",Nature‘s Own,3.42,6000.0,1085.0,4.4,,True,1.0,Sourdough Sandwich Bread / 18776908011 / 4,https://m.media-amazon.com/images/I/81162X9GMvL._SL1500_.jpg,,,,,,,
B0FS1YH17C,keyword,https://www.amazon.com/dp/B07VWVWYF9,CANDLE,11.9,noise,unknown,beeswax,title:beeswax; detail:beeswax; detail:beewax,beeswax,title:beeswax; detail:beeswax; detail:beewax,1,unknown,farmhouse/natural,unknown,,B07VWVWYF9,B08TGV6PX9,"TooGet Pure Yellow Beeswax Blocks - 100% Natural Beeswax Bars, Triple Filtered - Premium Quality, Cosmetic Grade - 14 OZ",TooGet,9.99,400.0,2259.0,4.2,CN,True,0.0,Wax / 262602011 / 13,https://m.media-amazon.com/images/I/41dpyJFNRvL.jpg,,,,,,,
B0FS1YH17C,keyword,https://www.amazon.com/dp/B079JX8D2D,,11.5,noise,unknown,unknown,,unknown,,1,unknown,unknown,sourdough,,B079JX8D2D,B0BHSF2FBS,"BECKMANNS OLD WORLD BAKERY Sliced California Sourdough, 24 OZ",Beckmanns Old World Bakery,7.99,1000.0,1081.0,4.6,,False,0.0,,https://m.media-amazon.com/images/I/813538G0+zL._SL1500_.jpg,,,,,,,
B0FS1YH17C,keyword,https://www.amazon.com/dp/B0FC6Q1MPP,,11.0,noise,unknown,unknown,,unknown,,1,unknown,unknown,sourdough,,B0FC6Q1MPP,B0FC6Q1MPP,Whole Foods Market San Francisco Sourdough Boule,Whole Foods Market,5.99,8000.0,109.0,4.6,,False,0.0,,https://m.media-amazon.com/images/I/61mDovK23OL._SL1500_.jpg,,,,,,,
B0FS1YH17C,keyword,https://www.amazon.com/dp/B0CP61GH31,BREAD,10.7,noise,unknown,unknown,,unknown,,1,unknown,unknown,sourdough,,B0CP61GH31,B0CP61GH31,Whole Foods Market San Francisco Sourdough Boule,Whole Foods Market,5.49,10000.0,434.0,4.6,,False,1.0,Sourdough Sandwich Bread / 18776908011 / 14,https://m.media-amazon.com/images/I/81jTkyqEsDL._SL1500_.jpg,,,,,,,
B0FS1YH17C,keyword,https://www.amazon.com/dp/B01LWX2IO1,ART SUPPLIES,9.7,noise,unknown,beeswax,title:beeswax; detail:beeswax,beeswax,title:beeswax; detail:beeswax,1,unknown,unknown,unknown,,B01LWX2IO1,B0CVS9L1Z3,"Beesworks Yellow Beeswax Bars (6 oz) | 100% Pure, Cosmetic Grade, Triple-Filtered Beeswax for DIY Skin Care, Lip Balm, Lotion and Candle Making (1 oz Bars - Pack of 6)",BEESWORKS,6.99,1000.0,10680.0,4.6,US,True,4.0,Candle Making Wax / 262602011 / 5,https://m.media-amazon.com/images/I/61FlWGIpfPL._AC_SL1500_.jpg,,,,,,,
B0FS1YH17C,keyword,https://www.amazon.com/dp/B0DXB36698,FOOD SPATULA,9.4,noise,unknown,silicone,title:silicone; detail:silicone,silicone,title:silicone; detail:silicone,4,unknown,unknown,sourdough,,B0DXB36698,B0DBZ9HPPX,"4 Pcs Silicone Jar Spatula Set - Long Handle Sourdough Scraper, Skinny Spatula for Jars, Bottles, and Containers, Non-Stick Heat Resistant Cake Cream Spatulas",GZLT,6.28,4000.0,593.0,4.5,CN,True,3.0,Spatulas / 760380 / 8,https://m.media-amazon.com/images/I/51i6rjQHIkL._AC_SL1500_.jpg,,,,,,,
B0FS1YH17C,keyword,https://www.amazon.com/dp/B079Q16NWY,BREAD,8.4,noise,unknown,unknown,,unknown,,1,unknown,unknown,sandwich loaf,,B079Q16NWY,B079Q16NWY,"Nature‘s Own Perfectly Crafted White Bread, Thick Sliced Non-GMO Sandwich Bread, 22 oz Loaf",Nature‘s Own,3.86,10000.0,7272.0,4.7,,True,1.0,White Sandwich Bread / 18776910011 / 7,https://m.media-amazon.com/images/I/81jN6q8fc1L._SL1500_.jpg,,,,,,,
B0FS1YH17C,keyword,https://www.amazon.com/dp/B07WVCKT16,FOOD STORAGE CONTAINER,8.0,noise,bread box,metal,title:metal,unknown,,1,unknown,unknown,general kitchen storage,,B07WVCKT16,B0D7DYKTQH,"YAMAZAKI Home Tower Bread Box Keeper Holder Container, Metal Bread Holder Saver, Slim Space Saving Counter Storage - Horizontal - Steel",YAMAZAKI,158.0,0.0,1904.0,4.7,US,False,4.0,Bread Boxes / 13880451 / 152,https://m.media-amazon.com/images/I/71c-9L9PIXL._AC_SL1500_.jpg,,,,,,,
B0FS1YH17C,keyword,https://www.amazon.com/dp/B00HFEL0M6,BREAD,7.0,noise,unknown,unknown,,unknown,,1,unknown,unknown,sandwich loaf,,B00HFEL0M6,B0D1GMMPZ1,"Wonder Bread Classic White Sandwich Bread, Sliced White Bread, 20 Oz Loaf",WONDER,0.0,20000.0,27553.0,4.7,,False,1.0,White Sandwich Bread / 18776910011 / 3,https://m.media-amazon.com/images/I/61aGvr2wQtL.jpg,,,,,,,
B0FS1YH17C,keyword,https://www.amazon.com/dp/B082N5PF8D,BREAD,6.5,noise,unknown,plastic,detail:opp,plastic,detail:opp,1,unknown,unknown,unknown,,B082N5PF8D,B0D9LRQXSC,"365 by Whole Foods Market, Bread White Gluten-Free, 20 Ounce",365 by Whole Foods Market,0.0,4000.0,2913.0,4.3,,False,0.0,White / 18776910011 / 24,https://m.media-amazon.com/images/I/517X8xe0K0L.jpg,,,,,,,
