product_form,demand_type,theme,sentiment,mention_count,verified_count,avg_rating,user_profiles,use_scenes,example_asins,latest_review_date,evidence_excerpt
unknown,expected,ease_of_use,positive,8,5,4.75,older_adult; professional,storage; travel,B0DDPK4PBW; B0DDPV261N,20260109,"Wonderful for the remotes in the bedroom. I painted mine with flowers 🌺 to match the room. Easy to use acrylic paint or bedazzle. The sticky tape on the back is very strong, it’s not coming down by itself. Wish I had done this earlier"
caddy,expected,ease_of_use,positive,7,6,5.0,older_adult; professional,daily_home; storage,B0DDPQNDWR,20260420,"It was exactly what I needed, easy to use"
unknown,uncategorized,other,positive,7,6,4.86,family; older_adult,,B0DDPV261N; B0DRNP5ZJX,20260112,Super convient and really handy
caddy,uncategorized,other,positive,6,3,5.0,,,B0DDPQNDWR,20260430,👍
caddy,delight,other,positive,4,2,4.75,older_adult,,B0DDPQNDWR,20260416,"Housing the AC remote, TV remote, & a vape(keep losing it)"
unknown,expected,instructions_setup,positive,4,3,4.75,professional,,B0DDPK4PBW; B0DDPV261N,20251220,Easy to install and very functional.
unknown,delight,other,positive,4,4,5.0,,,B0DDPK4PBW; B0DDPV261N,20250627,Great
caddy,expected,instructions_setup,positive,3,3,5.0,older_adult; professional,storage,B0DDPQNDWR,20251224,"This is a great option for keeping remotes organized and easy to find. It was simple to install, doesn’t look cheap on the wall, and does exactly what it’s supposed to do.
Since installing it, we haven’t lost a remote once — which alone mak"
caddy,delight,performance,positive,3,2,5.0,older_adult; professional,travel,B0DDPQNDWR,20260227,Worked perfect in my rv
unknown,delight,material_quality,positive,3,0,5.0,family,,B0DDPK4PBW; B0DDPV261N,20260324,This item was perfect. The double sided tape actually does the job. Holds my 3 remotes with no issues. Thx
unknown,expected,size_fit,positive,3,1,4.67,older_adult,storage; travel,B0DDPV261N,20250911,"Good value for price.  Nice size. Three across fit all my remotes, my phone, and eye glass cleaning supplies and case.  Adhesive holds strong...do not plan on removing or adjusting placement. Once adhered, they‘re staying in place"
caddy,delight,ease_of_use,positive,2,0,5.0,,gift,B0DDPQNDWR,20260204,"I love it, super easy installation, and keeps the remotes high up from the little ones."
caddy,expected,material_quality,positive,2,2,5.0,,,B0DDPQNDWR,20250721,Extremely good product. Very good quality.
caddy,expected,performance,positive,2,2,5.0,older_adult; professional,daily_home; storage,B0DDPQNDWR,20251105,"Works great! Easy to setup, easy to install. Fits well into the space I had in mind for it. Now my remotes are in an easy access spot instead of getting lost in the blankets. Thanks!"
caddy,uncategorized,size_fit,negative,2,2,1.5,,,B0DDPQNDWR,20250819,The dividers that separate the sections for each remote are push in place but they fall out when remote is removed then the remotes no longer stand up. The dividers have slots but not enough tension to stay in place. Really bad design.
caddy,delight,size_fit,positive,2,0,5.0,,gift; storage,B0DDPQNDWR,20241021,"This was exactly what I needed to mount on the side of my nightstand. It will hold five normal size remotes, which you can see in the one photo but I’m really only holding four remotes. I love having one spot to put them all and I like that"
caddy,uncategorized,value_quantity,positive,2,0,5.0,,,B0DDPQNDWR,20260515,"I wanted to get the cheapest one, but I was not sure if it came with those separations and the holes on the bottom as I have seen in more expensive ones.
It does! Also it is very firm if you decide to stick it without nailing your forniture"
unknown,expected,cleaning_maintenance,positive,2,1,5.0,older_adult,storage; travel,B0DDPV261N,20250911,"Good value for price.  Nice size. Three across fit all my remotes, my phone, and eye glass cleaning supplies and case.  Adhesive holds strong...do not plan on removing or adjusting placement. Once adhered, they‘re staying in place"
unknown,expected,durability,positive,2,1,5.0,older_adult,storage; travel,B0DDPV261N,20250911,"Good value for price.  Nice size. Three across fit all my remotes, my phone, and eye glass cleaning supplies and case.  Adhesive holds strong...do not plan on removing or adjusting placement. Once adhered, they‘re staying in place"
unknown,uncategorized,durability,positive,2,0,5.0,older_adult,travel,B0DDPK4PBW; B0DDPV261N,20241209,I ordered this set of remote holders for my bedroom after moving into a new apartment where there are several remotes for the lights in addition to the television. I have one of these holders on the wall above the nightstand on each side of
unknown,delight,durability,positive,2,0,5.0,family,,B0DDPK4PBW; B0DDPV261N,20241021,Great set for $19. These caddies are well made and sturdy. Screws and anchors were included but I didn‘t use them.  They weren‘t the heavy duty quality but decent enough for the price and weight of these caddies. But I didn‘t use them becau
unknown,uncategorized,instructions_setup,positive,2,0,5.0,older_adult,travel,B0DDPK4PBW; B0DDPV261N,20241209,I ordered this set of remote holders for my bedroom after moving into a new apartment where there are several remotes for the lights in addition to the television. I have one of these holders on the wall above the nightstand on each side of
unknown,expected,material_quality,positive,2,0,4.5,older_adult,storage; travel,B0DDPV261N,20241201,This plastic remote holder comes with two divider slots that can be removed to just make one opening to hold your remotes.It comes with two screws to mount it into the wall and has two screw holes in the back part of the remote holder for e
unknown,uncategorized,other,negative,2,2,2.0,,,B0DDPV261N; B0DRNP5ZJX,20250829,Not good
unknown,expected,performance,positive,2,2,5.0,professional,,B0DDPK4PBW; B0DDPV261N,20250228,"Simple idea, put them on the back of the TV they work great just need a flat surface  for them"
unknown,uncategorized,size_fit,positive,2,0,5.0,older_adult,travel,B0DDPK4PBW; B0DDPV261N,20241209,I ordered this set of remote holders for my bedroom after moving into a new apartment where there are several remotes for the lights in addition to the television. I have one of these holders on the wall above the nightstand on each side of
unknown,delight,size_fit,positive,2,0,5.0,family,,B0DDPK4PBW; B0DDPV261N,20241021,Great set for $19. These caddies are well made and sturdy. Screws and anchors were included but I didn‘t use them.  They weren‘t the heavy duty quality but decent enough for the price and weight of these caddies. But I didn‘t use them becau
unknown,uncategorized,value_quantity,positive,2,0,5.0,older_adult,travel,B0DDPK4PBW; B0DDPV261N,20241209,I ordered this set of remote holders for my bedroom after moving into a new apartment where there are several remotes for the lights in addition to the television. I have one of these holders on the wall above the nightstand on each side of
unknown,delight,value_quantity,positive,2,0,5.0,family,,B0DDPK4PBW; B0DDPV261N,20241021,Great set for $19. These caddies are well made and sturdy. Screws and anchors were included but I didn‘t use them.  They weren‘t the heavy duty quality but decent enough for the price and weight of these caddies. But I didn‘t use them becau
caddy,expected,cleaning_maintenance,positive,1,1,5.0,,storage,B0DDPQNDWR,20251224,"This is a great option for keeping remotes organized and easy to find. It was simple to install, doesn’t look cheap on the wall, and does exactly what it’s supposed to do.
Since installing it, we haven’t lost a remote once — which alone mak"
caddy,basic,durability,negative,1,1,1.0,,,B0DDPQNDWR,20250706,Material is brittle. It breaks easily when installed.  I had to throw away the two I ordered because one came broken and the other broke easily when installing
caddy,delight,durability,positive,1,0,5.0,,storage,B0DDPQNDWR,20241021,"This was exactly what I needed to mount on the side of my nightstand. It will hold five normal size remotes, which you can see in the one photo but I’m really only holding four remotes. I love having one spot to put them all and I like that"
caddy,expected,ease_of_use,negative,1,0,3.0,older_adult,storage,B0DDPQNDWR,20260219,Easy to install and is durability is great. The sections don’t have much room for certain objects
caddy,expected,instructions_setup,negative,1,0,3.0,older_adult,storage,B0DDPQNDWR,20260219,Easy to install and is durability is great. The sections don’t have much room for certain objects
caddy,delight,instructions_setup,positive,1,0,5.0,,,B0DDPQNDWR,20260204,"I love it, super easy installation, and keeps the remotes high up from the little ones."
caddy,uncategorized,instructions_setup,positive,1,1,4.0,,,B0DDPQNDWR,20250917,"It just as you see. The dividers are removable and a little tricky to install, but I wraped it with some leather repair tape to make it look nice."
caddy,basic,instructions_setup,negative,1,1,1.0,,,B0DDPQNDWR,20250706,Material is brittle. It breaks easily when installed.  I had to throw away the two I ordered because one came broken and the other broke easily when installing
caddy,uncategorized,instructions_setup,negative,1,1,2.0,,,B0DDPQNDWR,20241122,ordered this thinking it would sit up and not installed on the wall.  It was too thin for what I needed it for.
caddy,uncategorized,material_quality,positive,1,0,5.0,,,B0DDPQNDWR,20260209,Made of good plastic and definitely will last.
caddy,basic,material_quality,negative,1,1,1.0,,,B0DDPQNDWR,20250706,Material is brittle. It breaks easily when installed.  I had to throw away the two I ordered because one came broken and the other broke easily when installing
caddy,delight,material_quality,positive,1,0,5.0,,storage,B0DDPQNDWR,20241021,"This was exactly what I needed to mount on the side of my nightstand. It will hold five normal size remotes, which you can see in the one photo but I’m really only holding four remotes. I love having one spot to put them all and I like that"
caddy,uncategorized,other,negative,1,0,1.0,,,B0DDPQNDWR,20251221,"As for me, the tape on the container was peeling off after two weeks, it kept falling off a smooth surface and the two dividers didn’t stay in place if remotes leaned up against it, it would come out the slot"
caddy,uncategorized,performance,positive,1,0,5.0,professional,,B0DDPQNDWR,20260227,I give it a 5
caddy,expected,size_fit,positive,1,1,5.0,professional,storage,B0DDPQNDWR,20251105,"Works great! Easy to setup, easy to install. Fits well into the space I had in mind for it. Now my remotes are in an easy access spot instead of getting lost in the blankets. Thanks!"
caddy,expected,value_quantity,positive,1,1,5.0,,storage,B0DDPQNDWR,20251224,"This is a great option for keeping remotes organized and easy to find. It was simple to install, doesn’t look cheap on the wall, and does exactly what it’s supposed to do.
Since installing it, we haven’t lost a remote once — which alone mak"
unknown,uncategorized,durability,negative,1,1,1.0,,,B0DDPV261N,20250818,It came warped and when installed the adhesive rip up the paint so now I’m kinda stuck with it.
unknown,uncategorized,instructions_setup,negative,1,1,1.0,,,B0DDPV261N,20250818,It came warped and when installed the adhesive rip up the paint so now I’m kinda stuck with it.
unknown,uncategorized,material_quality,negative,1,1,1.0,,,B0DDPV261N,20250818,It came warped and when installed the adhesive rip up the paint so now I’m kinda stuck with it.
unknown,delight,performance,positive,1,1,5.0,professional,,B0DRN9KQLR,20250505,Worked perfect for my remote and my cell phone in my bedroom. I attached two of them on my nightstand and now I can fin both items easily!
unknown,expected,value_quantity,positive,1,1,5.0,,travel,B0DDPV261N,20250911,"Good value for price.  Nice size. Three across fit all my remotes, my phone, and eye glass cleaning supplies and case.  Adhesive holds strong...do not plan on removing or adjusting placement. Once adhered, they‘re staying in place"
wall-mounted storage box,expected,ease_of_use,positive,1,1,5.0,older_adult,,B0DRN24XD6,20251009,Nice tape strength.  Holding up. Convient
wall-mounted storage box,uncategorized,other,positive,1,0,5.0,,,B0DRN24XD6,20250525,Been awesome to keep track of our remote!
