category_id,name,path,depth,is_leaf,selection_score,rotation_bucket,previous_last_scanned_at,previous_scan_count,products_examined,candidate_count,scan_completed_at,scan_status,scan_error,category_total_sales,category_median_reviews,category_top10_median_reviews,category_top_brand,category_top_brand_share,category_top10_sales_share,category_low_review_high_sales_count,category_new_listing_share_12m,category_cn_hk_seller_share,category_fba_share,category_price_median,category_health_score,category_health_flags,category_health_rank
553582,Tool Holsters,Tools & Home Improvement > Storage & Home Organization > Tool Organizers > Tool Holsters,3,True,48.0,never_scanned,,0,100,22,2026-09-02T22:38:06,success,,42975.0,246.0,856.0,WUBEN,0.1,0.454,5,0.152,0.48,0.98,14.34,76.6,,26
322568011,Tool Pouches,Tools & Home Improvement > Storage & Home Organization > Tool Organizers > Tool Pouches,3,True,48.0,never_scanned,,0,100,33,2026-09-02T22:38:06,success,,41014.0,282.0,1252.0,KLEIN TOOLS,0.2,0.407,1,0.152,0.44,0.94,19.99,62.2,,80
15709201,Tool Trays,Tools & Home Improvement > Storage & Home Organization > Tool Organizers > Tool Trays,3,True,48.0,never_scanned,,0,100,33,2026-09-02T22:38:06,success,,67333.0,270.0,922.0,SWANLAKE GARDEN TOOLS,0.2,0.581,7,0.255,0.71,1.0,19.99,83.3,,15
3563985011,Decorative Garden Stools,"Patio, Lawn & Garden > Outdoor Décor > Decorative Garden Stools",2,True,47.0,never_scanned,,0,100,2,2026-09-02T22:38:06,success,,3807.0,28.0,191.0,JONATHAN Y,0.3,0.614,1,0.202,0.17,0.46,81.62,64.6,price band outside target,73
14253971,Mop Handles,Home & Kitchen > Cleaning Supplies > Household Cleaning > Cleaning Tools > Mopping > Accessories > Mop Handles,6,True,41.0,never_scanned,,0,100,6,2026-09-02T22:38:06,success,,35351.0,102.0,242.0,Yuunaie,0.2,0.524,11,0.313,0.8,0.88,13.18,91.9,,3
695492011,Refill Sponges,Home & Kitchen > Cleaning Supplies > Household Cleaning > Cleaning Tools > Mopping > Accessories > Refill Sponges,6,True,41.0,never_scanned,,0,100,6,2026-09-02T22:38:06,success,,120426.0,126.0,2180.0,Swiffer,0.3,0.923,3,0.172,0.29,0.71,15.44,62.3,top10 review wall; sales concentration,79
695491011,Replacement Heads,Home & Kitchen > Cleaning Supplies > Household Cleaning > Cleaning Tools > Mopping > Accessories > Replacement Heads,6,True,41.0,never_scanned,,0,100,28,2026-09-02T22:38:06,success,,222042.0,602.0,5006.0,Tidy Monster,0.2,0.396,26,0.15,0.85,0.99,12.99,72.5,top10 review wall,40
23537025011,Replacement Mop Pads,Home & Kitchen > Cleaning Supplies > Household Cleaning > Cleaning Tools > Mopping > Accessories > Replacement Mop Pads,6,True,41.0,never_scanned,,0,100,29,2026-09-02T22:38:06,success,,553835.0,1264.0,6686.0,Swiffer,0.6,0.521,14,0.22,0.71,0.99,14.46,61.3,category review wall; top10 review wall; brand concentration,82
23537023011,Dust Mops,Home & Kitchen > Cleaning Supplies > Household Cleaning > Cleaning Tools > Mopping > Wet & Dry Mops > Dust Mops,6,True,41.0,never_scanned,,0,100,16,2026-09-02T22:38:06,success,,563668.0,1268.0,19782.0,Swiffer,1.0,0.683,11,0.303,0.69,0.99,19.77,57.9,category review wall; top10 review wall; brand concentration,87
23537024011,Sponge Mops,Home & Kitchen > Cleaning Supplies > Household Cleaning > Cleaning Tools > Mopping > Wet & Dry Mops > Sponge Mops,6,True,41.0,never_scanned,,0,100,3,2026-09-02T22:38:06,success,,43695.0,14.0,624.0,Yocada,0.3,0.881,2,0.566,0.66,0.73,14.49,71.9,sales concentration,42
23537022011,String Mops,Home & Kitchen > Cleaning Supplies > Household Cleaning > Cleaning Tools > Mopping > Wet & Dry Mops > String Mops,6,True,41.0,never_scanned,,0,100,4,2026-09-02T22:38:07,success,,29886.0,59.0,1513.0,O-Cedar,0.2,0.876,4,0.28,0.39,0.5,17.09,77.5,top10 review wall; sales concentration,25
14253831,Angle Brooms,Home & Kitchen > Cleaning Supplies > Household Cleaning > Cleaning Tools > Sweeping > Brooms > Angle Brooms,6,True,41.0,never_scanned,,0,100,11,2026-09-02T22:38:07,success,,75370.0,223.0,1506.0,O-Cedar,0.1,0.676,5,0.2,0.54,0.79,20.73,75.5,top10 review wall,28
14253841,Hand Brooms,Home & Kitchen > Cleaning Supplies > Household Cleaning > Cleaning Tools > Sweeping > Brooms > Hand Brooms,6,True,41.0,never_scanned,,0,100,10,2026-09-02T22:38:07,success,,119087.0,202.0,1596.0,zeawec,0.1,0.719,6,0.343,0.75,0.94,16.99,86.5,top10 review wall; sales concentration,10
14253851,Push Brooms,Home & Kitchen > Cleaning Supplies > Household Cleaning > Cleaning Tools > Sweeping > Brooms > Push Brooms,6,True,41.0,never_scanned,,0,100,4,2026-09-02T22:38:07,success,,108068.0,250.0,1770.0,AIR U+,0.1,0.552,16,0.384,0.7,0.9,19.98,89.7,top10 review wall,6
3278164011,Broom Handles,Home & Kitchen > Cleaning Supplies > Household Cleaning > Cleaning Tools > Sweeping > Parts & Accessories > Broom Handles,6,True,41.0,never_scanned,,0,100,1,2026-09-02T22:38:07,success,,4675.0,7.0,72.0,Rubbermaid Commercial Products,0.2,0.734,1,0.222,0.27,0.38,20.92,65.3,sales concentration,68
3278165011,Broom Heads,Home & Kitchen > Cleaning Supplies > Household Cleaning > Cleaning Tools > Sweeping > Parts & Accessories > Broom Heads,6,True,41.0,never_scanned,,0,100,1,2026-09-02T22:38:07,success,,4086.0,12.0,342.0,Harrison Greys,0.1,0.724,1,0.25,0.28,0.58,16.97,69.3,sales concentration,51
21588789011,Dustpans,Home & Kitchen > Cleaning Supplies > Household Cleaning > Cleaning Tools > Sweeping > Parts & Accessories > Dustpans,6,True,41.0,never_scanned,,0,100,22,2026-09-02T22:38:07,success,,225302.0,685.0,3923.0,MR.SIGA,0.2,0.651,11,0.19,0.73,0.96,16.99,67.9,top10 review wall,59
3420031,Stringing Machines & Tools,Sports & Outdoors > Sports > Team Sports > Tennis & Racquet Sports > Tennis > Accessories > Stringing Machines & Tools,6,True,41.0,never_scanned,,0,100,1,2026-09-02T22:38:07,success,,1088.0,2.0,36.0,GAMMA,0.2,0.543,0,0.31,0.59,0.6,15.24,73.4,,34
203313515011,Kitchen Brushes,Home & Kitchen > Cleaning Supplies > Household Cleaning > Cleaning Tools > Brushes > Kitchen Brushes,5,True,40.0,never_scanned,,0,100,6,2026-09-02T22:38:07,success,,266348.0,820.0,2036.0,OXO,0.2,0.406,31,0.271,0.82,0.98,8.99,75.5,top10 review wall; price band outside target,29
85975011,Toilet Brushes & Holders,Home & Kitchen > Cleaning Supplies > Household Cleaning > Cleaning Tools > Brushes > Toilet Brushes & Holders,5,True,40.0,never_scanned,,0,100,38,2026-09-02T22:38:07,success,,367851.0,860.0,6984.0,MR.SIGA,0.2,0.454,29,0.263,0.81,0.99,15.48,75.4,top10 review wall,30
2245498011,Feather Dusters,Home & Kitchen > Cleaning Supplies > Household Cleaning > Cleaning Tools > Dusting > Feather Dusters,5,True,40.0,never_scanned,,0,100,16,2026-09-02T22:38:07,success,,342259.0,1085.0,5546.0,Swiffer,0.5,0.453,22,0.23,0.74,0.97,14.12,65.3,category review wall; top10 review wall; brand concentration,69
2245509011,Buckets,Home & Kitchen > Cleaning Supplies > Household Cleaning > Cleaning Tools > Mopping > Buckets,5,True,40.0,never_scanned,,0,100,17,2026-09-02T22:38:07,success,,151219.0,484.0,5174.0,JOYMOOP,0.1,0.628,11,0.242,0.61,0.81,20.49,78.3,top10 review wall,23
23537016011,Mops & Bucket Sets,Home & Kitchen > Cleaning Supplies > Household Cleaning > Cleaning Tools > Mopping > Mops & Bucket Sets,5,True,40.0,never_scanned,,0,100,0,2026-09-02T22:38:07,success,,168698.0,66.0,682.0,O-Cedar,0.2,0.877,6,0.505,0.62,0.78,39.94,85.7,sales concentration,11
3735231,Andirons,"Home & Kitchen > Heating, Cooling & Air Quality > Parts & Accessories > Stove & Fireplace Accessories > Fireplace Tools > Andirons",5,True,40.0,never_scanned,,0,24,0,2026-09-02T22:38:07,success,,120.0,4.0,2.0,Zettfuly,0.2,0.417,0,0.083,0.042,0.375,58.47,58.4,,86
3735301,Bellows,"Home & Kitchen > Heating, Cooling & Air Quality > Parts & Accessories > Stove & Fireplace Accessories > Fireplace Tools > Bellows",5,True,40.0,never_scanned,,0,100,0,2026-09-02T22:38:07,success,,1791.0,12.0,368.0,Fubeasi,0.1,0.728,0,0.18,0.55,0.56,15.24,60.1,sales concentration,84
1243382011,Pokers,"Home & Kitchen > Heating, Cooling & Air Quality > Parts & Accessories > Stove & Fireplace Accessories > Fireplace Tools > Pokers",5,True,40.0,never_scanned,,0,100,0,2026-09-02T22:38:07,success,,5312.0,46.0,548.0,BsBsBest,0.2,0.879,1,0.1,0.31,0.53,13.46,52.7,sales concentration,95
1243384011,Shovels,"Home & Kitchen > Heating, Cooling & Air Quality > Parts & Accessories > Stove & Fireplace Accessories > Fireplace Tools > Shovels",5,True,40.0,never_scanned,,0,100,0,2026-09-02T22:38:07,success,,1939.0,7.0,40.0,Fire Beauty,0.1,0.744,0,0.33,0.6,0.51,12.79,69.8,sales concentration,49
1243385011,Tongs,"Home & Kitchen > Heating, Cooling & Air Quality > Parts & Accessories > Stove & Fireplace Accessories > Fireplace Tools > Tongs",5,True,40.0,never_scanned,,0,100,0,2026-09-02T22:38:07,success,,6516.0,50.0,1312.0,CKLT,0.3,0.738,0,0.152,0.31,0.55,19.99,53.7,sales concentration,94
1243386011,Tool Sets,"Home & Kitchen > Heating, Cooling & Air Quality > Parts & Accessories > Stove & Fireplace Accessories > Fireplace Tools > Tool Sets",5,True,40.0,never_scanned,,0,100,5,2026-09-02T22:38:07,success,,6057.0,157.0,1216.0,Pure Garden,0.1,0.586,0,0.23,0.58,0.86,39.99,64.9,,71
8147491011,Edible Printer Paper & Frosting Sheets,Home & Kitchen > Kitchen & Dining > Bakeware > Decorating Tools > Edible Printer Ink & Paper > Edible Printer Paper & Frosting Sheets,5,True,40.0,never_scanned,,0,100,0,2026-09-02T22:38:08,success,,20903.0,34.0,486.0,paper2eat,0.2,0.595,5,0.394,0.33,0.55,16.99,88.1,,8
16188240011,Bread Proofing Baskets,Home & Kitchen > Kitchen & Dining > Kitchen Utensils & Gadgets > Baking Tools & Accessories > Baking & Pastry Utensils > Bread Proofing Baskets,5,True,40.0,never_scanned,,0,100,38,2026-09-02T22:38:08,success,,108252.0,244.0,2178.0,DOYOLLA,0.2,0.45,21,0.357,0.66,0.98,22.1,90.9,top10 review wall,4
678523011,Cake Testers,Home & Kitchen > Kitchen & Dining > Kitchen Utensils & Gadgets > Baking Tools & Accessories > Baking & Pastry Utensils > Cake Testers,5,True,40.0,never_scanned,,0,97,0,2026-09-02T22:38:08,success,,13778.0,2.0,420.0,KacNacPro,0.2,0.871,0,0.588,0.68,0.773,6.49,62.4,sales concentration; price band outside target,78
678524011,Dough Blenders,Home & Kitchen > Kitchen & Dining > Kitchen Utensils & Gadgets > Baking Tools & Accessories > Baking & Pastry Utensils > Dough Blenders,5,True,40.0,never_scanned,,0,100,1,2026-09-02T22:38:08,success,,24565.0,58.0,1333.0,Spring Chef,0.3,0.812,0,0.18,0.49,0.84,8.99,51.8,sales concentration; price band outside target,96
678525011,Pastry Brushes,Home & Kitchen > Kitchen & Dining > Kitchen Utensils & Gadgets > Baking Tools & Accessories > Baking & Pastry Utensils > Pastry Brushes,5,True,40.0,never_scanned,,0,100,3,2026-09-02T22:38:08,success,,51247.0,108.0,2744.0,HOTEC,0.1,0.655,7,0.25,0.61,0.97,7.18,81.8,top10 review wall; price band outside target,16
3109475011,Bottle Openers,Home & Kitchen > Kitchen & Dining > Kitchen Utensils & Gadgets > Bar & Wine Tools > Corkscrews & Openers > Bottle Openers,5,True,40.0,never_scanned,,0,100,7,2026-09-02T22:38:08,success,,79365.0,611.0,4074.0,HUMANFUN,0.1,0.374,12,0.194,0.72,0.97,8.96,74.9,top10 review wall; price band outside target,31
13825981,Screwpull Levers,Home & Kitchen > Kitchen & Dining > Kitchen Utensils & Gadgets > Bar & Wine Tools > Corkscrews & Openers > Screwpull Levers,5,True,40.0,never_scanned,,0,47,5,2026-09-02T22:38:08,success,,6138.0,73.0,510.0,KEISSCO,0.2,0.907,0,0.085,0.319,0.638,23.95,47.6,sales concentration,100
13826001,Waiter Corkscrews,Home & Kitchen > Kitchen & Dining > Kitchen Utensils & Gadgets > Bar & Wine Tools > Corkscrews & Openers > Waiter Corkscrews,5,True,40.0,never_scanned,,0,100,13,2026-09-02T22:38:08,success,,38091.0,180.0,2488.0,Kit-Home,0.2,0.634,3,0.131,0.4,0.91,12.99,63.5,top10 review wall,76
13826011,Wing Corkscrews,Home & Kitchen > Kitchen & Dining > Kitchen Utensils & Gadgets > Bar & Wine Tools > Corkscrews & Openers > Wing Corkscrews,5,True,40.0,never_scanned,,0,100,1,2026-09-02T22:38:08,success,,32574.0,50.0,2180.0,Beneno,0.1,0.901,1,0.17,0.34,0.7,8.99,57.5,top10 review wall; sales concentration; price band outside target,88
21560397011,Ice Bucket Kits,Home & Kitchen > Kitchen & Dining > Kitchen Utensils & Gadgets > Bar & Wine Tools > Ice Buckets & Tongs > Ice Bucket Kits,5,True,40.0,never_scanned,,0,100,0,2026-09-02T22:38:08,success,,23956.0,18.0,354.0,Havawish,0.2,0.898,4,0.36,0.56,0.62,21.99,80.0,sales concentration,18
678496011,Ice Buckets,Home & Kitchen > Kitchen & Dining > Kitchen Utensils & Gadgets > Bar & Wine Tools > Ice Buckets & Tongs > Ice Buckets,5,True,40.0,never_scanned,,0,100,0,2026-09-02T22:38:08,success,,56259.0,166.0,312.0,OBTANIM,0.2,0.315,23,0.31,0.72,0.97,29.99,93.7,,2
678497011,Ice Tongs,Home & Kitchen > Kitchen & Dining > Kitchen Utensils & Gadgets > Bar & Wine Tools > Ice Buckets & Tongs > Ice Tongs,5,True,40.0,never_scanned,,0,100,0,2026-09-02T22:38:08,success,,18206.0,16.0,398.0,Mity rain,0.1,0.778,1,0.37,0.83,0.92,9.09,69.6,sales concentration; price band outside target,50
678498011,Wine Pourers,Home & Kitchen > Kitchen & Dining > Kitchen Utensils & Gadgets > Bar & Wine Tools > Wine Stoppers & Pourers > Wine Pourers,5,True,40.0,never_scanned,,0,100,0,2026-09-02T22:38:08,success,,55319.0,326.0,3571.0,Pafusen,0.2,0.463,6,0.11,0.64,0.99,14.99,73.1,top10 review wall,37
678499011,Wine Stoppers,Home & Kitchen > Kitchen & Dining > Kitchen Utensils & Gadgets > Bar & Wine Tools > Wine Stoppers & Pourers > Wine Stoppers,5,True,40.0,never_scanned,,0,100,8,2026-09-02T22:38:08,success,,75934.0,524.0,3655.0,Rabbit,0.1,0.453,7,0.07,0.69,0.96,9.99,65.9,top10 review wall; price band outside target,67
17384865011,Burners,Home & Kitchen > Kitchen & Dining > Kitchen Utensils & Gadgets > Cheese Tools > Fondue > Burners,5,True,40.0,never_scanned,,0,24,0,2026-09-02T22:38:08,success,,348.0,1.0,44.0,Swissmar,0.2,0.799,0,0.217,0.333,0.292,12.84,60.1,sales concentration,85
17384862011,Electric Fondue Pots,Home & Kitchen > Kitchen & Dining > Kitchen Utensils & Gadgets > Cheese Tools > Fondue > Electric Fondue Pots,5,True,40.0,never_scanned,,0,100,8,2026-09-02T22:38:08,success,,13067.0,65.0,1012.0,Nostalgia,0.3,0.761,0,0.31,0.55,0.75,34.55,65.2,sales concentration,70
17384863011,Forks,Home & Kitchen > Kitchen & Dining > Kitchen Utensils & Gadgets > Cheese Tools > Fondue > Forks,5,True,40.0,never_scanned,,0,100,0,2026-09-02T22:38:08,success,,2253.0,6.0,133.0,Sago Brothers,0.2,0.573,0,0.29,0.66,0.72,6.04,66.8,price band outside target,63
17384864011,Pots & Sets,Home & Kitchen > Kitchen & Dining > Kitchen Utensils & Gadgets > Cheese Tools > Fondue > Pots & Sets,5,True,40.0,never_scanned,,0,100,3,2026-09-02T22:38:08,success,,9837.0,39.0,856.0,Nostalgia,0.3,0.702,1,0.41,0.5,0.9,21.79,70.5,sales concentration,48
678502011,Corers,Home & Kitchen > Kitchen & Dining > Kitchen Utensils & Gadgets > Fruit & Vegetable Tools > Corers & Pitters > Corers,5,True,40.0,never_scanned,,0,100,18,2026-09-02T22:38:09,success,,95101.0,512.0,9546.0,Newness Focus on Stainless Steel,0.2,0.491,4,0.202,0.78,0.99,9.98,68.0,top10 review wall; price band outside target,57
678503011,Pitters,Home & Kitchen > Kitchen & Dining > Kitchen Utensils & Gadgets > Fruit & Vegetable Tools > Corers & Pitters > Pitters,5,True,40.0,never_scanned,,0,100,5,2026-09-02T22:38:09,success,,53255.0,112.0,675.0,OXO,0.2,0.603,3,0.433,0.73,0.95,9.7,77.8,price band outside target,24
21606414011,Grapefruit Knives,Home & Kitchen > Kitchen & Dining > Kitchen Utensils & Gadgets > Fruit & Vegetable Tools > Grapefruit Utensils > Grapefruit Knives,5,True,40.0,never_scanned,,0,100,0,2026-09-02T22:38:09,success,,3793.0,23.0,860.0,HOMQUEN,0.3,0.619,1,0.31,0.48,0.62,5.99,67.9,price band outside target,60
21606415011,Grapefruit Spoons,Home & Kitchen > Kitchen & Dining > Kitchen Utensils & Gadgets > Fruit & Vegetable Tools > Grapefruit Utensils > Grapefruit Spoons,5,True,40.0,never_scanned,,0,99,0,2026-09-02T22:38:09,success,,2489.0,4.0,87.0,ModaSin,0.1,0.807,1,0.112,0.384,0.333,4.32,49.7,sales concentration; price band outside target,98
678504011,Potato Mashers,Home & Kitchen > Kitchen & Dining > Kitchen Utensils & Gadgets > Fruit & Vegetable Tools > Potato Mashers & Ricers > Potato Mashers,5,True,40.0,never_scanned,,0,100,11,2026-09-02T22:38:09,success,,87409.0,296.0,1514.0,Shadowgallery,0.1,0.498,10,0.34,0.64,0.98,11.3,89.5,top10 review wall; price band outside target,7
678505011,Potato Ricers,Home & Kitchen > Kitchen & Dining > Kitchen Utensils & Gadgets > Fruit & Vegetable Tools > Potato Mashers & Ricers > Potato Ricers,5,True,40.0,never_scanned,,0,100,11,2026-09-02T22:38:09,success,,18662.0,66.0,1916.0,SPEENSUN,0.2,0.763,0,0.39,0.56,0.75,16.98,66.6,top10 review wall; sales concentration,65
678508011,Digital Scales,Home & Kitchen > Kitchen & Dining > Kitchen Utensils & Gadgets > Measuring Tools & Scales > Kitchen Scales > Digital Scales,5,True,40.0,never_scanned,,0,100,18,2026-09-02T22:38:09,success,,447909.0,1892.0,15272.0,Etekcity,0.1,0.654,13,0.212,0.66,1.0,19.49,64.8,category review wall; top10 review wall,72
678509011,Mechanical Scales,Home & Kitchen > Kitchen & Dining > Kitchen Utensils & Gadgets > Measuring Tools & Scales > Kitchen Scales > Mechanical Scales,5,True,40.0,never_scanned,,0,100,1,2026-09-02T22:38:09,success,,4539.0,14.0,183.0,TADA,0.4,0.672,0,0.182,0.46,0.59,44.75,57.1,brand concentration,89
17548248011,Electric Pasta Makers,Home & Kitchen > Kitchen & Dining > Kitchen Utensils & Gadgets > Pasta & Pizza Tools > Pasta Makers & Accessories > Electric Pasta Makers,5,True,40.0,never_scanned,,0,100,0,2026-09-02T22:38:09,success,,3646.0,12.0,224.0,Philips Kitchen Appliances,0.2,0.494,0,0.4,0.69,0.61,79.99,74.4,,32
17548249011,Manual Pasta Makers,Home & Kitchen > Kitchen & Dining > Kitchen Utensils & Gadgets > Pasta & Pizza Tools > Pasta Makers & Accessories > Manual Pasta Makers,5,True,40.0,never_scanned,,0,100,10,2026-09-02T22:38:09,success,,25966.0,156.0,3746.0,KitchenAid,0.1,0.491,1,0.25,0.61,0.98,20.98,72.3,top10 review wall,41
289760,Cheese Slicers,"Home & Kitchen > Kitchen & Dining > Kitchen Utensils & Gadgets > Peeling, Grating & Slicing Tools > Mandolines & Slicers > Cheese Slicers",5,True,40.0,never_scanned,,0,100,15,2026-09-02T22:38:09,success,,36928.0,196.0,3456.0,BOSKA,0.2,0.503,1,0.303,0.66,0.98,13.25,73.8,top10 review wall,33
17548242011,Egg Slicers,"Home & Kitchen > Kitchen & Dining > Kitchen Utensils & Gadgets > Peeling, Grating & Slicing Tools > Mandolines & Slicers > Egg Slicers",5,True,40.0,never_scanned,,0,100,9,2026-09-02T22:38:09,success,,55854.0,142.0,2456.0,REDSETS,0.1,0.568,3,0.355,0.77,0.87,9.99,79.8,top10 review wall; price band outside target,20
23616035011,Mandolines,"Home & Kitchen > Kitchen & Dining > Kitchen Utensils & Gadgets > Peeling, Grating & Slicing Tools > Mandolines & Slicers > Mandolines",5,True,40.0,never_scanned,,0,100,31,2026-09-02T22:38:09,success,,218972.0,1135.0,11705.0,fullstar,0.2,0.581,6,0.2,0.52,0.99,23.99,64.1,category review wall; top10 review wall,75
678514011,Choppers,Home & Kitchen > Kitchen & Dining > Kitchen Utensils & Gadgets > Seasoning & Spice Tools > Choppers & Mincers > Choppers,5,True,40.0,never_scanned,,0,100,12,2026-09-02T22:38:09,success,,127684.0,690.0,11046.0,OXO,0.2,0.619,4,0.121,0.68,0.95,16.99,56.1,top10 review wall,93
678515011,Mincers,Home & Kitchen > Kitchen & Dining > Kitchen Utensils & Gadgets > Seasoning & Spice Tools > Choppers & Mincers > Mincers,5,True,40.0,never_scanned,,0,42,0,2026-09-02T22:38:09,success,,404.0,0.0,0.0,Generic,0.3,0.604,0,0.452,0.5,0.119,9.6,68.4,price band outside target,54
678516011,Garlic Keepers,Home & Kitchen > Kitchen & Dining > Kitchen Utensils & Gadgets > Seasoning & Spice Tools > Garlic Tools > Garlic Keepers,5,True,40.0,never_scanned,,0,100,0,2026-09-02T22:38:09,success,,13215.0,54.0,789.0,Ortarco,0.1,0.579,0,0.424,0.65,0.97,18.99,72.9,,38
678517011,Garlic Peelers,Home & Kitchen > Kitchen & Dining > Kitchen Utensils & Gadgets > Seasoning & Spice Tools > Garlic Tools > Garlic Peelers,5,True,40.0,never_scanned,,0,100,1,2026-09-02T22:38:09,success,,12533.0,7.0,276.0,YOLCAR,0.2,0.853,1,0.54,0.58,0.63,5.24,64.6,sales concentration; price band outside target,74
678518011,Garlic Presses,Home & Kitchen > Kitchen & Dining > Kitchen Utensils & Gadgets > Seasoning & Spice Tools > Garlic Tools > Garlic Presses,5,True,40.0,never_scanned,,0,100,0,2026-09-02T22:38:09,success,,87289.0,300.0,10288.0,Zulay Kitchen,0.2,0.514,9,0.343,0.63,0.9,7.99,84.8,top10 review wall; price band outside target,13
678519011,Garlic Roasters,Home & Kitchen > Kitchen & Dining > Kitchen Utensils & Gadgets > Seasoning & Spice Tools > Garlic Tools > Garlic Roasters,5,True,40.0,never_scanned,,0,59,1,2026-09-02T22:38:09,success,,1316.0,9.0,77.0,AOKDEER,0.2,0.768,0,0.169,0.186,0.373,0.0,51.7,sales concentration,97
15850251,Pepper Mills,Home & Kitchen > Kitchen & Dining > Kitchen Utensils & Gadgets > Seasoning & Spice Tools > Salt & Pepper > Pepper Mills,5,True,40.0,never_scanned,,0,100,0,2026-09-02T22:38:10,success,,81360.0,397.0,2156.0,CIRCLE JOY,0.3,0.557,6,0.175,0.59,0.96,17.49,73.2,top10 review wall,36
15850291,Pepper Shakers,Home & Kitchen > Kitchen & Dining > Kitchen Utensils & Gadgets > Seasoning & Spice Tools > Salt & Pepper > Pepper Shakers,5,True,40.0,never_scanned,,0,100,0,2026-09-02T22:38:10,success,,36204.0,31.0,898.0,Brighter Barns,0.2,0.84,1,0.347,0.55,0.79,9.99,68.0,sales concentration; price band outside target,58
15850261,Salt & Pepper Mill Sets,Home & Kitchen > Kitchen & Dining > Kitchen Utensils & Gadgets > Seasoning & Spice Tools > Salt & Pepper > Salt & Pepper Mill Sets,5,True,40.0,never_scanned,,0,100,0,2026-09-02T22:38:10,success,,131122.0,925.0,3788.0,CIRCLE JOY,0.3,0.507,9,0.235,0.73,0.99,25.99,68.9,top10 review wall,52
15850301,Salt & Pepper Shaker Sets,Home & Kitchen > Kitchen & Dining > Kitchen Utensils & Gadgets > Seasoning & Spice Tools > Salt & Pepper > Salt & Pepper Shaker Sets,5,True,40.0,never_scanned,,0,100,0,2026-09-02T22:38:10,success,,104616.0,546.0,8928.0,HOME EC,0.2,0.469,9,0.093,0.43,0.99,12.99,67.1,top10 review wall,62
15850271,Salt Mills,Home & Kitchen > Kitchen & Dining > Kitchen Utensils & Gadgets > Seasoning & Spice Tools > Salt & Pepper > Salt Mills,5,True,40.0,never_scanned,,0,100,0,2026-09-02T22:38:10,success,,43624.0,47.0,1714.0,HOME EC,0.1,0.887,3,0.163,0.18,0.85,38.18,66.1,top10 review wall; sales concentration,66
15850311,Salt Shakers,Home & Kitchen > Kitchen & Dining > Kitchen Utensils & Gadgets > Seasoning & Spice Tools > Salt & Pepper > Salt Shakers,5,True,40.0,never_scanned,,0,100,0,2026-09-02T22:38:10,success,,75658.0,416.0,2824.0,Brighter Barns,0.1,0.441,2,0.172,0.65,1.0,9.98,63.5,top10 review wall; price band outside target,77
12900921,Index Card Storage,Office Products > Office Supplies > Education & Crafts > Filing Products > Index Card Filing > Index Card Storage,5,True,40.0,never_scanned,,0,100,13,2026-09-02T22:38:10,success,,73798.0,74.0,1049.0,H4D,0.4,0.544,12,0.34,0.84,0.98,10.49,87.7,brand concentration; price band outside target,9
21208375011,Outdoor Hanging Brackets,"Patio, Lawn & Garden > Gardening > Pots, Planters & Container Accessories > Plant Container Accessories > Hooks & Hangers > Outdoor Hanging Brackets",5,True,40.0,never_scanned,,0,100,11,2026-09-02T22:38:10,success,,97393.0,550.0,1708.0,saffruff,0.2,0.377,12,0.16,0.91,1.0,9.99,72.7,top10 review wall; price band outside target,39
21208376011,Outdoor Shepherd‘s Hooks,"Patio, Lawn & Garden > Gardening > Pots, Planters & Container Accessories > Plant Container Accessories > Hooks & Hangers > Outdoor Shepherd‘s Hooks",5,True,40.0,never_scanned,,0,100,4,2026-09-02T22:38:10,success,,74949.0,296.0,2692.0,FEED GARDEN,0.3,0.565,5,0.292,0.96,0.99,23.99,81.5,top10 review wall,17
3400591,Open Fire Cookware,Sports & Outdoors > Outdoor Recreation > Camping & Hiking > Camp Kitchen > Camping Cookware > Open Fire Cookware,5,True,40.0,never_scanned,,0,100,0,2026-09-02T22:38:10,success,,13625.0,140.0,766.0,Odoland,0.4,0.654,1,0.06,0.53,0.88,30.64,48.2,brand concentration,99
3258961011,"Pots, Pans & Griddles","Sports & Outdoors > Outdoor Recreation > Camping & Hiking > Camp Kitchen > Camping Cookware > Pots, Pans & Griddles",5,True,40.0,never_scanned,,0,100,0,2026-09-02T22:38:10,success,,24976.0,122.0,898.0,Odoland,0.2,0.51,2,0.21,0.62,0.96,29.95,71.0,,46
3400711,Bowls,Sports & Outdoors > Outdoor Recreation > Camping & Hiking > Camp Kitchen > Dishes & Utensils > Bowls,5,True,40.0,never_scanned,,0,100,0,2026-09-02T22:38:10,success,,24059.0,37.0,428.0,YETI,0.2,0.683,3,0.29,0.59,0.9,16.25,78.4,,22
3400731,Cups & Mugs,Sports & Outdoors > Outdoor Recreation > Camping & Hiking > Camp Kitchen > Dishes & Utensils > Cups & Mugs,5,True,40.0,never_scanned,,0,100,0,2026-09-02T22:38:10,success,,50084.0,194.0,584.0,STANLEY,0.4,0.593,6,0.235,0.55,0.94,14.96,79.9,brand concentration,19
3400741,Flatware,Sports & Outdoors > Outdoor Recreation > Camping & Hiking > Camp Kitchen > Dishes & Utensils > Flatware,5,True,40.0,never_scanned,,0,100,0,2026-09-02T22:38:10,success,,134789.0,565.0,2168.0,Quatish,0.4,0.609,13,0.131,0.67,0.97,9.99,61.7,top10 review wall; brand concentration; price band outside target,81
3400751,Mess Kits,Sports & Outdoors > Outdoor Recreation > Camping & Hiking > Camp Kitchen > Dishes & Utensils > Mess Kits,5,True,40.0,never_scanned,,0,100,0,2026-09-02T22:38:10,success,,14644.0,48.0,1321.0,Odoland,0.3,0.664,1,0.31,0.58,0.91,23.99,71.3,,45
3400771,Plates,Sports & Outdoors > Outdoor Recreation > Camping & Hiking > Camp Kitchen > Dishes & Utensils > Plates,5,True,40.0,never_scanned,,0,100,0,2026-09-02T22:38:10,success,,18718.0,35.0,624.0,Quatish,0.1,0.706,3,0.286,0.63,0.88,19.98,79.0,sales concentration,21
3401031,Empty Fuel Bottles,Sports & Outdoors > Outdoor Recreation > Camping & Hiking > Camp Kitchen > Stove Accessories > Empty Fuel Bottles,5,True,40.0,never_scanned,,0,79,5,2026-09-02T22:38:10,success,,5499.0,36.0,590.0,Flame King,0.3,0.732,1,0.141,0.215,0.481,17.99,56.6,sales concentration,91
2204647011,Fire Starters,Sports & Outdoors > Outdoor Recreation > Camping & Hiking > Camp Kitchen > Stove Accessories > Fire Starters,5,True,40.0,never_scanned,,0,100,8,2026-09-02T22:38:10,success,,31055.0,306.0,1746.0,Duraflame,0.2,0.534,2,0.232,0.29,0.83,18.49,68.5,top10 review wall,53
3400961,Replacement Fuel,Sports & Outdoors > Outdoor Recreation > Camping & Hiking > Camp Kitchen > Stove Accessories > Replacement Fuel,5,True,40.0,never_scanned,,0,100,4,2026-09-02T22:38:11,success,,40865.0,223.0,1487.0,TIKI,0.2,0.71,3,0.08,0.17,0.4,25.99,56.5,sales concentration,92
19450135011,Backpacking Stoves,Sports & Outdoors > Outdoor Recreation > Camping & Hiking > Camp Kitchen > Stoves & Grills > Backpacking Stoves,5,True,40.0,never_scanned,,0,100,3,2026-09-02T22:38:11,success,,15563.0,138.0,1035.0,Jetboil,0.4,0.634,1,0.21,0.51,0.89,29.99,61.2,brand concentration,83
3401041,Camping Grills,Sports & Outdoors > Outdoor Recreation > Camping & Hiking > Camp Kitchen > Stoves & Grills > Camping Grills,5,True,40.0,never_scanned,,0,100,0,2026-09-02T22:38:11,success,,20904.0,68.0,444.0,Gas One,0.2,0.703,1,0.3,0.46,0.78,35.99,71.4,sales concentration,44
19450136011,Camping Stoves,Sports & Outdoors > Outdoor Recreation > Camping & Hiking > Camp Kitchen > Stoves & Grills > Camping Stoves,5,True,40.0,never_scanned,,0,100,0,2026-09-02T22:38:11,success,,58511.0,388.0,2038.0,Gas One,0.3,0.485,6,0.152,0.48,0.85,55.99,73.3,top10 review wall,35
3397571,Storage,Sports & Outdoors > Sports > Boating & Sailing > Boating > Boat Cabin Products > Storage,5,True,40.0,never_scanned,,0,100,15,2026-09-02T22:38:11,success,,22548.0,57.0,290.0,ProSSS,0.2,0.495,3,0.357,0.71,0.95,20.99,83.5,,14
3398891,Cleaning Tools,Sports & Outdoors > Sports > Boating & Sailing > Boating > Maintenance Supplies > Cleaning Tools,5,True,40.0,never_scanned,,0,100,5,2026-09-02T22:38:11,success,,7926.0,38.0,330.0,STAR BRITE,0.6,0.47,1,0.258,0.18,0.78,27.49,68.3,brand concentration,55
3398991,Tools,Sports & Outdoors > Sports > Boating & Sailing > Boating > Maintenance Supplies > Tools,5,True,40.0,never_scanned,,0,100,7,2026-09-02T22:38:11,success,,12209.0,52.0,128.0,attwood,0.1,0.455,0,0.3,0.63,0.9,19.28,76.1,,27
10208099011,Spoke Tools,Sports & Outdoors > Sports > Cycling > Wheels & Accessories > Spokes & Parts > Spoke Tools,5,True,40.0,never_scanned,,0,100,2,2026-09-02T22:38:11,success,,6667.0,26.0,276.0,Pawfly,0.2,0.667,1,0.33,0.68,0.79,10.24,71.7,price band outside target,43
3416231,Tools,"Sports & Outdoors > Sports > Skates, Skateboards & Scooters > Skateboarding > Accessories > Tools",5,True,40.0,never_scanned,,0,100,1,2026-09-02T22:38:11,success,,9143.0,40.0,575.0,Bones,0.2,0.648,1,0.27,0.43,0.83,13.47,70.8,,47
12118748011,Ball Storage,Sports & Outdoors > Sports > Team Sports > Basketball > Accessories > Ball Storage,5,True,40.0,never_scanned,,0,100,11,2026-09-02T22:38:11,success,,34938.0,105.0,344.0,Hoiny,0.1,0.329,12,0.343,0.91,0.98,28.99,96.4,,1
10208160011,Indoor Paddleboard Storage,Sports & Outdoors > Sports > Water Sports > Surfing > Stand-Up Paddleboarding > Indoor Paddleboard Storage,5,True,40.0,never_scanned,,0,75,1,2026-09-02T22:38:11,success,,1532.0,7.0,226.0,StoreYourBoard,0.3,0.761,0,0.187,0.2,0.4,19.99,56.9,sales concentration,90
13398341,Patio Doors,Tools & Home Improvement > Building Supplies > Building Materials > Doors > Exterior Doors > Patio Doors,5,True,40.0,never_scanned,,0,60,0,2026-09-02T22:38:11,success,,314.0,0.0,0.0,ARK DESIGN,0.2,0.204,0,0.298,0.15,0.05,1399.0,66.8,price band outside target,64
3775401,Raised Toilet Seats,Tools & Home Improvement > Kitchen & Bath Fixtures > Bathroom Fixtures > Bathroom Safety & Accessibility > Toilets & Toilet Aids > Raised Toilet Seats,5,True,40.0,never_scanned,,0,100,0,2026-09-02T22:38:11,success,,54197.0,254.0,3476.0,Drive Medical,0.1,0.535,6,0.38,0.5,0.9,57.5,90.0,top10 review wall,5
8624797011,Toilet Assistance Cushions,Tools & Home Improvement > Kitchen & Bath Fixtures > Bathroom Fixtures > Bathroom Safety & Accessibility > Toilets & Toilet Aids > Toilet Assistance Cushions,5,True,40.0,never_scanned,,0,100,3,2026-09-02T22:38:11,success,,9618.0,19.0,174.0,Lunderg,0.1,0.825,0,0.367,0.73,0.69,18.04,68.1,sales concentration,56
8624798011,Toilet Assistance Steps,Tools & Home Improvement > Kitchen & Bath Fixtures > Bathroom Fixtures > Bathroom Safety & Accessibility > Toilets & Toilet Aids > Toilet Assistance Steps,5,True,40.0,never_scanned,,0,100,30,2026-09-02T22:38:11,success,,127697.0,181.0,2206.0,Squatty Potty,0.4,0.605,11,0.347,0.69,0.98,24.99,85.3,top10 review wall; brand concentration,12
3775391,Toilet Safety Frames & Rails,Tools & Home Improvement > Kitchen & Bath Fixtures > Bathroom Fixtures > Bathroom Safety & Accessibility > Toilets & Toilet Aids > Toilet Safety Frames & Rails,5,True,40.0,never_scanned,,0,100,13,2026-09-02T22:38:11,success,,33529.0,60.0,1481.0,PELEGON,0.2,0.739,0,0.439,0.64,0.86,49.99,67.3,sales concentration,61
