category_id,name,path,depth,is_leaf,selection_score,rotation_bucket,previous_last_scanned_at,previous_scan_count,products_examined,candidate_count,scan_completed_at,scan_status,scan_error
553582,Tool Holsters,Tools & Home Improvement > Storage & Home Organization > Tool Organizers > Tool Holsters,3,True,48.0,never_scanned,,0,100,20,2026-09-01T21:54:00,success,
322568011,Tool Pouches,Tools & Home Improvement > Storage & Home Organization > Tool Organizers > Tool Pouches,3,True,48.0,never_scanned,,0,100,29,2026-09-01T21:54:00,success,
15709201,Tool Trays,Tools & Home Improvement > Storage & Home Organization > Tool Organizers > Tool Trays,3,True,48.0,never_scanned,,0,100,30,2026-09-01T21:54:00,success,
3563985011,Decorative Garden Stools,"Patio, Lawn & Garden > Outdoor Décor > Decorative Garden Stools",2,True,47.0,never_scanned,,0,100,1,2026-09-01T21:54:00,success,
14253971,Mop Handles,Home & Kitchen > Cleaning Supplies > Household Cleaning > Cleaning Tools > Mopping > Accessories > Mop Handles,6,True,41.0,never_scanned,,0,100,0,2026-09-01T21:54:00,success,
695492011,Refill Sponges,Home & Kitchen > Cleaning Supplies > Household Cleaning > Cleaning Tools > Mopping > Accessories > Refill Sponges,6,True,41.0,never_scanned,,0,100,0,2026-09-01T21:54:00,success,
695491011,Replacement Heads,Home & Kitchen > Cleaning Supplies > Household Cleaning > Cleaning Tools > Mopping > Accessories > Replacement Heads,6,True,41.0,never_scanned,,0,100,0,2026-09-01T21:54:00,success,
23537025011,Replacement Mop Pads,Home & Kitchen > Cleaning Supplies > Household Cleaning > Cleaning Tools > Mopping > Accessories > Replacement Mop Pads,6,True,41.0,never_scanned,,0,100,0,2026-09-01T21:54:00,success,
23537023011,Dust Mops,Home & Kitchen > Cleaning Supplies > Household Cleaning > Cleaning Tools > Mopping > Wet & Dry Mops > Dust Mops,6,True,41.0,never_scanned,,0,100,10,2026-09-01T21:54:00,success,
23537024011,Sponge Mops,Home & Kitchen > Cleaning Supplies > Household Cleaning > Cleaning Tools > Mopping > Wet & Dry Mops > Sponge Mops,6,True,41.0,never_scanned,,0,100,2,2026-09-01T21:54:00,success,
23537022011,String Mops,Home & Kitchen > Cleaning Supplies > Household Cleaning > Cleaning Tools > Mopping > Wet & Dry Mops > String Mops,6,True,41.0,never_scanned,,0,100,4,2026-09-01T21:54:00,success,
14253831,Angle Brooms,Home & Kitchen > Cleaning Supplies > Household Cleaning > Cleaning Tools > Sweeping > Brooms > Angle Brooms,6,True,41.0,never_scanned,,0,100,7,2026-09-01T21:54:00,success,
14253841,Hand Brooms,Home & Kitchen > Cleaning Supplies > Household Cleaning > Cleaning Tools > Sweeping > Brooms > Hand Brooms,6,True,41.0,never_scanned,,0,100,5,2026-09-01T21:54:00,success,
14253851,Push Brooms,Home & Kitchen > Cleaning Supplies > Household Cleaning > Cleaning Tools > Sweeping > Brooms > Push Brooms,6,True,41.0,never_scanned,,0,100,4,2026-09-01T21:54:00,success,
3278164011,Broom Handles,Home & Kitchen > Cleaning Supplies > Household Cleaning > Cleaning Tools > Sweeping > Parts & Accessories > Broom Handles,6,True,41.0,never_scanned,,0,100,0,2026-09-01T21:54:00,success,
3278165011,Broom Heads,Home & Kitchen > Cleaning Supplies > Household Cleaning > Cleaning Tools > Sweeping > Parts & Accessories > Broom Heads,6,True,41.0,never_scanned,,0,100,0,2026-09-01T21:54:00,success,
21588789011,Dustpans,Home & Kitchen > Cleaning Supplies > Household Cleaning > Cleaning Tools > Sweeping > Parts & Accessories > Dustpans,6,True,41.0,never_scanned,,0,100,0,2026-09-01T21:54:00,success,
3420031,Stringing Machines & Tools,Sports & Outdoors > Sports > Team Sports > Tennis & Racquet Sports > Tennis > Accessories > Stringing Machines & Tools,6,True,41.0,never_scanned,,0,100,0,2026-09-01T21:54:00,success,
203313515011,Kitchen Brushes,Home & Kitchen > Cleaning Supplies > Household Cleaning > Cleaning Tools > Brushes > Kitchen Brushes,5,True,40.0,never_scanned,,0,100,5,2026-09-01T21:54:00,success,
85975011,Toilet Brushes & Holders,Home & Kitchen > Cleaning Supplies > Household Cleaning > Cleaning Tools > Brushes > Toilet Brushes & Holders,5,True,40.0,never_scanned,,0,100,31,2026-09-01T21:54:00,success,
2245498011,Feather Dusters,Home & Kitchen > Cleaning Supplies > Household Cleaning > Cleaning Tools > Dusting > Feather Dusters,5,True,40.0,never_scanned,,0,100,15,2026-09-01T21:54:00,success,
2245509011,Buckets,Home & Kitchen > Cleaning Supplies > Household Cleaning > Cleaning Tools > Mopping > Buckets,5,True,40.0,never_scanned,,0,100,14,2026-09-01T21:54:00,success,
23537016011,Mops & Bucket Sets,Home & Kitchen > Cleaning Supplies > Household Cleaning > Cleaning Tools > Mopping > Mops & Bucket Sets,5,True,40.0,never_scanned,,0,100,0,2026-09-01T21:54:00,success,
3735231,Andirons,"Home & Kitchen > Heating, Cooling & Air Quality > Parts & Accessories > Stove & Fireplace Accessories > Fireplace Tools > Andirons",5,True,40.0,never_scanned,,0,24,0,2026-09-01T21:54:00,success,
3735301,Bellows,"Home & Kitchen > Heating, Cooling & Air Quality > Parts & Accessories > Stove & Fireplace Accessories > Fireplace Tools > Bellows",5,True,40.0,never_scanned,,0,100,0,2026-09-01T21:54:00,success,
1243382011,Pokers,"Home & Kitchen > Heating, Cooling & Air Quality > Parts & Accessories > Stove & Fireplace Accessories > Fireplace Tools > Pokers",5,True,40.0,never_scanned,,0,100,0,2026-09-01T21:54:00,success,
1243384011,Shovels,"Home & Kitchen > Heating, Cooling & Air Quality > Parts & Accessories > Stove & Fireplace Accessories > Fireplace Tools > Shovels",5,True,40.0,never_scanned,,0,100,0,2026-09-01T21:54:00,success,
1243385011,Tongs,"Home & Kitchen > Heating, Cooling & Air Quality > Parts & Accessories > Stove & Fireplace Accessories > Fireplace Tools > Tongs",5,True,40.0,never_scanned,,0,100,0,2026-09-01T21:54:00,success,
1243386011,Tool Sets,"Home & Kitchen > Heating, Cooling & Air Quality > Parts & Accessories > Stove & Fireplace Accessories > Fireplace Tools > Tool Sets",5,True,40.0,never_scanned,,0,100,0,2026-09-01T21:54:00,success,
8147491011,Edible Printer Paper & Frosting Sheets,Home & Kitchen > Kitchen & Dining > Bakeware > Decorating Tools > Edible Printer Ink & Paper > Edible Printer Paper & Frosting Sheets,5,True,40.0,never_scanned,,0,100,0,2026-09-01T21:54:00,success,
16188240011,Bread Proofing Baskets,Home & Kitchen > Kitchen & Dining > Kitchen Utensils & Gadgets > Baking Tools & Accessories > Baking & Pastry Utensils > Bread Proofing Baskets,5,True,40.0,never_scanned,,0,100,0,2026-09-01T21:54:00,success,
678523011,Cake Testers,Home & Kitchen > Kitchen & Dining > Kitchen Utensils & Gadgets > Baking Tools & Accessories > Baking & Pastry Utensils > Cake Testers,5,True,40.0,never_scanned,,0,97,0,2026-09-01T21:54:00,success,
678524011,Dough Blenders,Home & Kitchen > Kitchen & Dining > Kitchen Utensils & Gadgets > Baking Tools & Accessories > Baking & Pastry Utensils > Dough Blenders,5,True,40.0,never_scanned,,0,100,0,2026-09-01T21:54:00,success,
678525011,Pastry Brushes,Home & Kitchen > Kitchen & Dining > Kitchen Utensils & Gadgets > Baking Tools & Accessories > Baking & Pastry Utensils > Pastry Brushes,5,True,40.0,never_scanned,,0,100,0,2026-09-01T21:54:00,success,
3109475011,Bottle Openers,Home & Kitchen > Kitchen & Dining > Kitchen Utensils & Gadgets > Bar & Wine Tools > Corkscrews & Openers > Bottle Openers,5,True,40.0,never_scanned,,0,100,4,2026-09-01T21:54:00,success,
13825981,Screwpull Levers,Home & Kitchen > Kitchen & Dining > Kitchen Utensils & Gadgets > Bar & Wine Tools > Corkscrews & Openers > Screwpull Levers,5,True,40.0,never_scanned,,0,47,5,2026-09-01T21:54:00,success,
13826001,Waiter Corkscrews,Home & Kitchen > Kitchen & Dining > Kitchen Utensils & Gadgets > Bar & Wine Tools > Corkscrews & Openers > Waiter Corkscrews,5,True,40.0,never_scanned,,0,100,9,2026-09-01T21:54:00,success,
13826011,Wing Corkscrews,Home & Kitchen > Kitchen & Dining > Kitchen Utensils & Gadgets > Bar & Wine Tools > Corkscrews & Openers > Wing Corkscrews,5,True,40.0,never_scanned,,0,100,0,2026-09-01T21:54:00,success,
21560397011,Ice Bucket Kits,Home & Kitchen > Kitchen & Dining > Kitchen Utensils & Gadgets > Bar & Wine Tools > Ice Buckets & Tongs > Ice Bucket Kits,5,True,40.0,never_scanned,,0,100,0,2026-09-01T21:54:00,success,
678496011,Ice Buckets,Home & Kitchen > Kitchen & Dining > Kitchen Utensils & Gadgets > Bar & Wine Tools > Ice Buckets & Tongs > Ice Buckets,5,True,40.0,never_scanned,,0,100,0,2026-09-01T21:54:00,success,
678497011,Ice Tongs,Home & Kitchen > Kitchen & Dining > Kitchen Utensils & Gadgets > Bar & Wine Tools > Ice Buckets & Tongs > Ice Tongs,5,True,40.0,never_scanned,,0,100,0,2026-09-01T21:54:00,success,
678498011,Wine Pourers,Home & Kitchen > Kitchen & Dining > Kitchen Utensils & Gadgets > Bar & Wine Tools > Wine Stoppers & Pourers > Wine Pourers,5,True,40.0,never_scanned,,0,100,0,2026-09-01T21:54:00,success,
678499011,Wine Stoppers,Home & Kitchen > Kitchen & Dining > Kitchen Utensils & Gadgets > Bar & Wine Tools > Wine Stoppers & Pourers > Wine Stoppers,5,True,40.0,never_scanned,,0,100,6,2026-09-01T21:54:00,success,
17384865011,Burners,Home & Kitchen > Kitchen & Dining > Kitchen Utensils & Gadgets > Cheese Tools > Fondue > Burners,5,True,40.0,never_scanned,,0,24,0,2026-09-01T21:54:00,success,
17384862011,Electric Fondue Pots,Home & Kitchen > Kitchen & Dining > Kitchen Utensils & Gadgets > Cheese Tools > Fondue > Electric Fondue Pots,5,True,40.0,never_scanned,,0,100,7,2026-09-01T21:54:01,success,
17384863011,Forks,Home & Kitchen > Kitchen & Dining > Kitchen Utensils & Gadgets > Cheese Tools > Fondue > Forks,5,True,40.0,never_scanned,,0,100,0,2026-09-01T21:54:01,success,
17384864011,Pots & Sets,Home & Kitchen > Kitchen & Dining > Kitchen Utensils & Gadgets > Cheese Tools > Fondue > Pots & Sets,5,True,40.0,never_scanned,,0,100,3,2026-09-01T21:54:01,success,
678502011,Corers,Home & Kitchen > Kitchen & Dining > Kitchen Utensils & Gadgets > Fruit & Vegetable Tools > Corers & Pitters > Corers,5,True,40.0,never_scanned,,0,100,12,2026-09-01T21:54:01,success,
678503011,Pitters,Home & Kitchen > Kitchen & Dining > Kitchen Utensils & Gadgets > Fruit & Vegetable Tools > Corers & Pitters > Pitters,5,True,40.0,never_scanned,,0,100,3,2026-09-01T21:54:01,success,
21606414011,Grapefruit Knives,Home & Kitchen > Kitchen & Dining > Kitchen Utensils & Gadgets > Fruit & Vegetable Tools > Grapefruit Utensils > Grapefruit Knives,5,True,40.0,never_scanned,,0,100,0,2026-09-01T21:54:01,success,
21606415011,Grapefruit Spoons,Home & Kitchen > Kitchen & Dining > Kitchen Utensils & Gadgets > Fruit & Vegetable Tools > Grapefruit Utensils > Grapefruit Spoons,5,True,40.0,never_scanned,,0,99,0,2026-09-01T21:54:01,success,
678504011,Potato Mashers,Home & Kitchen > Kitchen & Dining > Kitchen Utensils & Gadgets > Fruit & Vegetable Tools > Potato Mashers & Ricers > Potato Mashers,5,True,40.0,never_scanned,,0,100,3,2026-09-01T21:54:01,success,
678505011,Potato Ricers,Home & Kitchen > Kitchen & Dining > Kitchen Utensils & Gadgets > Fruit & Vegetable Tools > Potato Mashers & Ricers > Potato Ricers,5,True,40.0,never_scanned,,0,100,3,2026-09-01T21:54:01,success,
678508011,Digital Scales,Home & Kitchen > Kitchen & Dining > Kitchen Utensils & Gadgets > Measuring Tools & Scales > Kitchen Scales > Digital Scales,5,True,40.0,never_scanned,,0,100,5,2026-09-01T21:54:01,success,
678509011,Mechanical Scales,Home & Kitchen > Kitchen & Dining > Kitchen Utensils & Gadgets > Measuring Tools & Scales > Kitchen Scales > Mechanical Scales,5,True,40.0,never_scanned,,0,100,0,2026-09-01T21:54:01,success,
17548248011,Electric Pasta Makers,Home & Kitchen > Kitchen & Dining > Kitchen Utensils & Gadgets > Pasta & Pizza Tools > Pasta Makers & Accessories > Electric Pasta Makers,5,True,40.0,never_scanned,,0,100,0,2026-09-01T21:54:01,success,
17548249011,Manual Pasta Makers,Home & Kitchen > Kitchen & Dining > Kitchen Utensils & Gadgets > Pasta & Pizza Tools > Pasta Makers & Accessories > Manual Pasta Makers,5,True,40.0,never_scanned,,0,100,0,2026-09-01T21:54:01,success,
289760,Cheese Slicers,"Home & Kitchen > Kitchen & Dining > Kitchen Utensils & Gadgets > Peeling, Grating & Slicing Tools > Mandolines & Slicers > Cheese Slicers",5,True,40.0,never_scanned,,0,100,6,2026-09-01T21:54:01,success,
17548242011,Egg Slicers,"Home & Kitchen > Kitchen & Dining > Kitchen Utensils & Gadgets > Peeling, Grating & Slicing Tools > Mandolines & Slicers > Egg Slicers",5,True,40.0,never_scanned,,0,100,6,2026-09-01T21:54:01,success,
23616035011,Mandolines,"Home & Kitchen > Kitchen & Dining > Kitchen Utensils & Gadgets > Peeling, Grating & Slicing Tools > Mandolines & Slicers > Mandolines",5,True,40.0,never_scanned,,0,100,7,2026-09-01T21:54:01,success,
678514011,Choppers,Home & Kitchen > Kitchen & Dining > Kitchen Utensils & Gadgets > Seasoning & Spice Tools > Choppers & Mincers > Choppers,5,True,40.0,never_scanned,,0,100,3,2026-09-01T21:54:01,success,
678515011,Mincers,Home & Kitchen > Kitchen & Dining > Kitchen Utensils & Gadgets > Seasoning & Spice Tools > Choppers & Mincers > Mincers,5,True,40.0,never_scanned,,0,42,0,2026-09-01T21:54:01,success,
678516011,Garlic Keepers,Home & Kitchen > Kitchen & Dining > Kitchen Utensils & Gadgets > Seasoning & Spice Tools > Garlic Tools > Garlic Keepers,5,True,40.0,never_scanned,,0,100,0,2026-09-01T21:54:01,success,
678517011,Garlic Peelers,Home & Kitchen > Kitchen & Dining > Kitchen Utensils & Gadgets > Seasoning & Spice Tools > Garlic Tools > Garlic Peelers,5,True,40.0,never_scanned,,0,100,0,2026-09-01T21:54:01,success,
678518011,Garlic Presses,Home & Kitchen > Kitchen & Dining > Kitchen Utensils & Gadgets > Seasoning & Spice Tools > Garlic Tools > Garlic Presses,5,True,40.0,never_scanned,,0,100,0,2026-09-01T21:54:01,success,
678519011,Garlic Roasters,Home & Kitchen > Kitchen & Dining > Kitchen Utensils & Gadgets > Seasoning & Spice Tools > Garlic Tools > Garlic Roasters,5,True,40.0,never_scanned,,0,59,0,2026-09-01T21:54:01,success,
15850251,Pepper Mills,Home & Kitchen > Kitchen & Dining > Kitchen Utensils & Gadgets > Seasoning & Spice Tools > Salt & Pepper > Pepper Mills,5,True,40.0,never_scanned,,0,100,0,2026-09-01T21:54:01,success,
15850291,Pepper Shakers,Home & Kitchen > Kitchen & Dining > Kitchen Utensils & Gadgets > Seasoning & Spice Tools > Salt & Pepper > Pepper Shakers,5,True,40.0,never_scanned,,0,100,0,2026-09-01T21:54:01,success,
15850261,Salt & Pepper Mill Sets,Home & Kitchen > Kitchen & Dining > Kitchen Utensils & Gadgets > Seasoning & Spice Tools > Salt & Pepper > Salt & Pepper Mill Sets,5,True,40.0,never_scanned,,0,100,0,2026-09-01T21:54:01,success,
15850301,Salt & Pepper Shaker Sets,Home & Kitchen > Kitchen & Dining > Kitchen Utensils & Gadgets > Seasoning & Spice Tools > Salt & Pepper > Salt & Pepper Shaker Sets,5,True,40.0,never_scanned,,0,100,0,2026-09-01T21:54:01,success,
15850271,Salt Mills,Home & Kitchen > Kitchen & Dining > Kitchen Utensils & Gadgets > Seasoning & Spice Tools > Salt & Pepper > Salt Mills,5,True,40.0,never_scanned,,0,100,0,2026-09-01T21:54:01,success,
15850311,Salt Shakers,Home & Kitchen > Kitchen & Dining > Kitchen Utensils & Gadgets > Seasoning & Spice Tools > Salt & Pepper > Salt Shakers,5,True,40.0,never_scanned,,0,100,0,2026-09-01T21:54:01,success,
12900921,Index Card Storage,Office Products > Office Supplies > Education & Crafts > Filing Products > Index Card Filing > Index Card Storage,5,True,40.0,never_scanned,,0,100,12,2026-09-01T21:54:01,success,
21208375011,Outdoor Hanging Brackets,"Patio, Lawn & Garden > Gardening > Pots, Planters & Container Accessories > Plant Container Accessories > Hooks & Hangers > Outdoor Hanging Brackets",5,True,40.0,never_scanned,,0,100,0,2026-09-01T21:54:01,success,
21208376011,Outdoor Shepherd‘s Hooks,"Patio, Lawn & Garden > Gardening > Pots, Planters & Container Accessories > Plant Container Accessories > Hooks & Hangers > Outdoor Shepherd‘s Hooks",5,True,40.0,never_scanned,,0,100,0,2026-09-01T21:54:01,success,
3400591,Open Fire Cookware,Sports & Outdoors > Outdoor Recreation > Camping & Hiking > Camp Kitchen > Camping Cookware > Open Fire Cookware,5,True,40.0,never_scanned,,0,100,0,2026-09-01T21:54:01,success,
3258961011,"Pots, Pans & Griddles","Sports & Outdoors > Outdoor Recreation > Camping & Hiking > Camp Kitchen > Camping Cookware > Pots, Pans & Griddles",5,True,40.0,never_scanned,,0,100,0,2026-09-01T21:54:01,success,
3400711,Bowls,Sports & Outdoors > Outdoor Recreation > Camping & Hiking > Camp Kitchen > Dishes & Utensils > Bowls,5,True,40.0,never_scanned,,0,100,0,2026-09-01T21:54:01,success,
3400731,Cups & Mugs,Sports & Outdoors > Outdoor Recreation > Camping & Hiking > Camp Kitchen > Dishes & Utensils > Cups & Mugs,5,True,40.0,never_scanned,,0,100,0,2026-09-01T21:54:01,success,
3400741,Flatware,Sports & Outdoors > Outdoor Recreation > Camping & Hiking > Camp Kitchen > Dishes & Utensils > Flatware,5,True,40.0,never_scanned,,0,100,0,2026-09-01T21:54:01,success,
3400751,Mess Kits,Sports & Outdoors > Outdoor Recreation > Camping & Hiking > Camp Kitchen > Dishes & Utensils > Mess Kits,5,True,40.0,never_scanned,,0,100,0,2026-09-01T21:54:01,success,
3400771,Plates,Sports & Outdoors > Outdoor Recreation > Camping & Hiking > Camp Kitchen > Dishes & Utensils > Plates,5,True,40.0,never_scanned,,0,100,0,2026-09-01T21:54:01,success,
3401031,Empty Fuel Bottles,Sports & Outdoors > Outdoor Recreation > Camping & Hiking > Camp Kitchen > Stove Accessories > Empty Fuel Bottles,5,True,40.0,never_scanned,,0,79,0,2026-09-01T21:54:01,success,
2204647011,Fire Starters,Sports & Outdoors > Outdoor Recreation > Camping & Hiking > Camp Kitchen > Stove Accessories > Fire Starters,5,True,40.0,never_scanned,,0,100,0,2026-09-01T21:54:01,success,
3400961,Replacement Fuel,Sports & Outdoors > Outdoor Recreation > Camping & Hiking > Camp Kitchen > Stove Accessories > Replacement Fuel,5,True,40.0,never_scanned,,0,100,0,2026-09-01T21:54:01,success,
19450135011,Backpacking Stoves,Sports & Outdoors > Outdoor Recreation > Camping & Hiking > Camp Kitchen > Stoves & Grills > Backpacking Stoves,5,True,40.0,never_scanned,,0,100,3,2026-09-01T21:54:01,success,
3401041,Camping Grills,Sports & Outdoors > Outdoor Recreation > Camping & Hiking > Camp Kitchen > Stoves & Grills > Camping Grills,5,True,40.0,never_scanned,,0,100,0,2026-09-01T21:54:01,success,
19450136011,Camping Stoves,Sports & Outdoors > Outdoor Recreation > Camping & Hiking > Camp Kitchen > Stoves & Grills > Camping Stoves,5,True,40.0,never_scanned,,0,100,0,2026-09-01T21:54:01,success,
3397571,Storage,Sports & Outdoors > Sports > Boating & Sailing > Boating > Boat Cabin Products > Storage,5,True,40.0,never_scanned,,0,100,9,2026-09-01T21:54:01,success,
3398891,Cleaning Tools,Sports & Outdoors > Sports > Boating & Sailing > Boating > Maintenance Supplies > Cleaning Tools,5,True,40.0,never_scanned,,0,100,5,2026-09-01T21:54:01,success,
3398991,Tools,Sports & Outdoors > Sports > Boating & Sailing > Boating > Maintenance Supplies > Tools,5,True,40.0,never_scanned,,0,100,6,2026-09-01T21:54:01,success,
10208099011,Spoke Tools,Sports & Outdoors > Sports > Cycling > Wheels & Accessories > Spokes & Parts > Spoke Tools,5,True,40.0,never_scanned,,0,100,0,2026-09-01T21:54:01,success,
3416231,Tools,"Sports & Outdoors > Sports > Skates, Skateboards & Scooters > Skateboarding > Accessories > Tools",5,True,40.0,never_scanned,,0,100,0,2026-09-01T21:54:01,success,
12118748011,Ball Storage,Sports & Outdoors > Sports > Team Sports > Basketball > Accessories > Ball Storage,5,True,40.0,never_scanned,,0,100,0,2026-09-01T21:54:01,success,
10208160011,Indoor Paddleboard Storage,Sports & Outdoors > Sports > Water Sports > Surfing > Stand-Up Paddleboarding > Indoor Paddleboard Storage,5,True,40.0,never_scanned,,0,75,1,2026-09-01T21:54:01,success,
13398341,Patio Doors,Tools & Home Improvement > Building Supplies > Building Materials > Doors > Exterior Doors > Patio Doors,5,True,40.0,never_scanned,,0,60,0,2026-09-01T21:54:01,success,
3775401,Raised Toilet Seats,Tools & Home Improvement > Kitchen & Bath Fixtures > Bathroom Fixtures > Bathroom Safety & Accessibility > Toilets & Toilet Aids > Raised Toilet Seats,5,True,40.0,never_scanned,,0,100,0,2026-09-01T21:54:01,success,
8624797011,Toilet Assistance Cushions,Tools & Home Improvement > Kitchen & Bath Fixtures > Bathroom Fixtures > Bathroom Safety & Accessibility > Toilets & Toilet Aids > Toilet Assistance Cushions,5,True,40.0,never_scanned,,0,100,3,2026-09-01T21:54:01,success,
8624798011,Toilet Assistance Steps,Tools & Home Improvement > Kitchen & Bath Fixtures > Bathroom Fixtures > Bathroom Safety & Accessibility > Toilets & Toilet Aids > Toilet Assistance Steps,5,True,40.0,never_scanned,,0,100,28,2026-09-01T21:54:01,success,
3775391,Toilet Safety Frames & Rails,Tools & Home Improvement > Kitchen & Bath Fixtures > Bathroom Fixtures > Bathroom Safety & Accessibility > Toilets & Toilet Aids > Toilet Safety Frames & Rails,5,True,40.0,never_scanned,,0,100,13,2026-09-01T21:54:01,success,
