source_strategy,source_asin,source_parent_asin,product_name,category,marketplace,target_price,cost,shipping,fba_fee,referral_fee_rate,est_monthly_sales,avg_review_count,avg_rating,top10_review_share,keyword_search_volume,keyword_cpc,seasonality_score,differentiation_score,compliance_risk,fragile_risk,oversize_risk,notes,listing_url,opportunity_score,recommendation,gross_profit_per_unit,gross_margin,monthly_gross_profit,demand_score,competition_score,profitability_score,risk_score,risk_control_score,key_flags,brand_moat_reason,hard_stop_reason,archive_key,archive_first_seen,archive_last_seen,archive_seen_count,archive_best_score,archive_latest_score,archive_best_recommendation,archive_latest_recommendation,archive_status,archive_last_run_id,research_status,archive_notes
higher_ticket_lightweight,B0BXFSKDC4,B09WLX2SQY,Alexander Home The Original Greek Salt Mill 9 Inch Tall | European Salt Mill Grinder with Crank Handle | Manual Salt Grinder | Salt Refillable - Copper,"['Kitchen & Dining', 'kitchen']",US,79.8,22.34,6.38,5.41,0.15,1494.0,615.0,4.3,0.55,10000.0,1.0,20.0,50.0,25.0,20.0,20.0,Imported from Sorftime; ASIN B0BXFSKDC4; parent B09WLX2SQY; brand Alexander Home,https://www.amazon.com/dp/B0BXFSKDC4,63.4,Reject,33.7,0.4223,50347.8,87.3,28.3,83.0,22.0,78.0,review count above 600,,,,,,,,,,,,,,
consumable_replacement,B0GSQS8W26,B0CDGGT2M4,"Vittanly 4x6 Picture Frames Set of 9, Display 3.5x5 Pictures with Mat or 4x6 without Mat, Photo Frames for Wall or Tabletop with Plexiglass, Engineered Wood, Rustic Blue","['Home & Kitchen', 'home-garden']",US,22.99,6.44,1.84,4.14,0.15,4984.0,0.0,4.6,0.55,10000.0,1.0,20.0,50.0,25.0,20.0,20.0,Imported from Sorftime; ASIN B0GSQS8W26; parent B0CDGGT2M4; brand Vittanly,https://www.amazon.com/dp/B0GSQS8W26,56.5,Reject,7.12,0.3098,35493.56,87.3,64.3,32.2,22.0,78.0,gross margin below 35%; unit profit below $8,,,,,,,,,,,,,,
newer_low_review,B0FMZSRP6R,B0GW1C9QHK,"Silver Toilet Brush and Holder Set Stainless Steel – Square Design Toilet Bowl Brush and Holder, Rust, Corrosion & Scratch Resistant with Splash Protection, for Efficient Cleaning and Neat Storage","['Home & Kitchen', 'home-garden']",US,29.99,8.4,2.4,5.4,0.15,1800.0,28.0,4.5,0.55,10000.0,1.0,20.0,50.0,25.0,20.0,20.0,Imported from Sorftime; ASIN B0FMZSRP6R; parent B0GW1C9QHK; brand Novsix,https://www.amazon.com/dp/B0FMZSRP6R,56.5,Watch or collect more data,9.29,0.3098,16724.7,87.3,59.3,36.6,22.0,78.0,gross margin below 35%,,,,,,,,,,,,,,
newer_low_review,B0FQ4ZPD8Y,B0G6YWRZYG,"ETENWOLF Mini Bike Pump,20s Fast Inflate Bicycle Pump with Guage,150PSI Portable Electric Bike Air Pump with Presta and Schrader Valve for Mountain Bike,Road Bike,Motorcycle,Car,Sport Ball","['Sports & Outdoors', 'sporting-goods']",US,28.49,7.98,2.28,4.44,0.15,1796.0,127.0,4.6,0.55,10000.0,1.0,20.0,50.0,25.0,20.0,20.0,Imported from Sorftime; ASIN B0FQ4ZPD8Y; parent B0G6YWRZYG; brand ETENWOLF,https://www.amazon.com/dp/B0FQ4ZPD8Y,54.0,Reject,9.52,0.334,17091.63,87.3,46.8,40.2,22.0,78.0,gross margin below 35%,,,,,,,,,,,,,,
light_small_general,B0CP471CVN,B0CP4DC9CD,"Bambaw Metal Water Bottle 750 ml, Light Blue Sports Bottle, Non-Insulated Water Bottle, Stainless Steel Bottle 750 ml, Stainless Steel Bottle – Nordic Blue","['Sports & Outdoors', 'sporting-goods']",US,15.99,4.48,1.28,3.68,0.15,2991.0,0.0,4.4,0.55,10000.0,1.0,20.0,50.0,25.0,20.0,20.0,Imported from Sorftime; ASIN B0CP471CVN; parent B0CP4DC9CD; brand Bambaw,https://www.amazon.com/dp/B0CP471CVN,53.8,Reject,4.15,0.2596,12417.14,87.3,68.3,21.3,22.0,78.0,gross margin below 35%; unit profit below $8,,,,,,,,,,,,,,
light_small_general,B0FQJ1DJ9Q,B0FW52G2X2,"Official Tomxcute Cat Water Fountain Replacement Filters - 16 Pack Cat Fountain Filter for 3.2L/108oz & 4L/135oz Pet Water Fountain, Three-Layer Filtration Replacement Filters(8+8 Pack), 4 Month Set","['Pet Supplies', 'pet-supplies']",US,16.65,4.66,1.33,4.19,0.15,2999.0,6.0,4.4,0.55,10000.0,1.0,20.0,50.0,25.0,20.0,20.0,Imported from Sorftime; ASIN B0FQJ1DJ9Q; parent B0FW52G2X2; brand tomxcute,https://www.amazon.com/dp/B0FQJ1DJ9Q,53.4,Reject,3.97,0.2386,11913.53,87.3,68.3,20.0,22.0,78.0,gross margin below 35%; unit profit below $8,,,,,,,,,,,,,,
light_small_general,B0GGCBC1VJ,B0GKG8Q176,"Klein Tools 33808M Grab-And-Go Impact Socket Set, Metric, 7-Piece Set with Sleeve, Carabiner, 3/8-Inch Drive, Color-Coded 8 mm, 10 mm, 12 mm, 13 mm, 14 mm, 15 mm Sockets","['Tools & Home Improvement', 'hi']",US,19.98,5.59,1.6,4.87,0.15,2987.0,8.0,4.3,0.55,10000.0,1.0,20.0,50.0,25.0,20.0,20.0,Imported from Sorftime; ASIN B0GGCBC1VJ; parent B0GKG8Q176; brand KLEIN TOOLS,https://www.amazon.com/dp/B0GGCBC1VJ,53.4,Reject,4.92,0.2464,14705.0,87.3,68.3,20.0,22.0,78.0,gross margin below 35%; unit profit below $8,,,,,,,,,,,,,,
newer_low_review,B0FJ8CCZW2,B0GYCXFYYC,"OllyDog Goodie Treat Bag, Dog Treat Pouch, Waist Belt Clip for Hands-Free Training, Magnetic Closure, Dog Training and Behavior Aids, Three Ways to Wear (Palm)","['Pet Supplies', 'pet-supplies']",US,19.95,5.59,1.6,4.9,0.15,1797.0,5.0,4.3,0.55,10000.0,1.0,20.0,50.0,25.0,20.0,20.0,Imported from Sorftime; ASIN B0FJ8CCZW2; parent B0GYCXFYYC; brand OllyDog,https://www.amazon.com/dp/B0FJ8CCZW2,53.4,Reject,4.87,0.244,8746.9,87.3,68.3,20.0,22.0,78.0,gross margin below 35%; unit profit below $8,,,,,,,,,,,,,,
newer_low_review,B0FHBMG2B3,B0GW62RXHF,"3 Way Hose Splitter, Heavy Duty Full Flow Garden Water Hose Bib Spigot Splitter, Brass Rust and Freeze Resistant Outdoor Faucet Splitter, T Adapter Connector with 3/4 - Inch GHT Thread （Red）","['Patio, Lawn & Garden', 'lawn-garden']",US,31.99,8.96,2.56,5.87,0.15,1795.0,128.0,4.6,0.55,10000.0,1.0,20.0,50.0,25.0,20.0,20.0,Imported from Sorftime; ASIN B0FHBMG2B3; parent B0GW62RXHF; brand LNEZCDB,https://www.amazon.com/dp/B0FHBMG2B3,52.9,Reject,9.8,0.3064,17593.69,87.3,46.8,37.1,22.0,78.0,gross margin below 35%,,,,,,,,,,,,,,
newer_low_review,B0FS1YH17C,B0GT76P4NT,"Premium Beeswax Bread Bags for Sourdough - 2 Packs XL Reusable Organic Beeswax Linen Cotton Sourdough Bag, Homesteading Essentials Sourdough Bags with Zip to Keep Fresh Bread Bags for Homemade Bread","['Kitchen & Dining', 'kitchen']",US,27.99,7.84,2.24,4.88,0.15,1799.0,157.0,4.5,0.55,10000.0,1.0,20.0,50.0,25.0,20.0,20.0,Imported from Sorftime; ASIN B0FS1YH17C; parent B0GT76P4NT; brand WiNDANCE,https://www.amazon.com/dp/B0FS1YH17C,52.7,Reject,8.83,0.3155,15887.87,87.3,46.8,36.4,22.0,78.0,gross margin below 35%,,,,,,,,,,,,,,
light_small_general,B0GF1WZVS3,B0GV2BG8PB,"HICC PET Dog Toothbrush, Anti-Slip Dog Tooth Brushing Kit, Dog Finger Toothbrush for Plaque and Tartar Cleaning, Dog Teeth Cleaning for Small & Large Pets, Safer & Softer Liquid Silicone, 4-Pack","['Pet Supplies', 'pet-supplies']",US,19.99,5.6,1.6,4.11,0.15,2994.0,51.0,4.4,0.55,10000.0,1.0,20.0,50.0,25.0,20.0,20.0,Imported from Sorftime; ASIN B0GF1WZVS3; parent B0GV2BG8PB; brand HICC PET,https://www.amazon.com/dp/B0GF1WZVS3,52.5,Reject,5.68,0.2842,17010.41,87.3,58.3,25.9,22.0,78.0,gross margin below 35%; unit profit below $8,,,,,,,,,,,,,,
consumable_replacement,B0G6DB75D7,B0DZXFD21S,"CamelBak Podium Chill Bike Squeeze Water Bottle Mercury Fog, 21oz","['Sports & Outdoors', 'sporting-goods']",US,18.0,5.04,1.44,4.23,0.15,4987.0,0.0,4.6,0.55,10000.0,1.0,20.0,50.0,25.0,20.0,20.0,Imported from Sorftime; ASIN B0G6DB75D7; parent B0DZXFD21S; brand CamelBak,https://www.amazon.com/dp/B0G6DB75D7,52.4,Reject,4.59,0.255,22890.33,87.3,64.3,20.7,22.0,78.0,gross margin below 35%; unit profit below $8,,,,,,,,,,,,,,
consumable_replacement,B0F6L6BW27,B0F4QWL9GF,"Artificial Fake Flowers for Outdoor Spring Decoration, 2PCS Faux Silk Petunias No Fade UV Resistant Flowers for Outside Garden Porch Yard Balcony Patio Realistic Indoor Decor(Orange)","['Home & Kitchen', 'home-garden']",US,32.99,9.24,2.64,7.21,0.15,4978.0,188.0,4.3,0.55,10000.0,1.0,20.0,50.0,25.0,20.0,20.0,Imported from Sorftime; ASIN B0F6L6BW27; parent B0F4QWL9GF; brand VGNQA,https://www.amazon.com/dp/B0F6L6BW27,51.9,Reject,8.95,0.2713,44560.57,87.3,50.8,30.7,22.0,78.0,gross margin below 35%,,,,,,,,,,,,,,
newer_low_review,B0DWW22BG6,B0FQCBXRH4,"24-Pack LED Flameless Candles with Remote Control - Perfect for Home, Parties, and Special Occasions - Create a Magical Ambiance Effortlessly(Three Sizes).","['Tools & Home Improvement', 'hi']",US,27.98,7.83,2.24,8.32,0.15,1799.0,40.0,4.5,0.55,10000.0,1.0,20.0,50.0,25.0,20.0,45.0,Imported from Sorftime; ASIN B0DWW22BG6; parent B0FQCBXRH4; brand CAKETYCG,https://www.amazon.com/dp/B0DWW22BG6,50.5,Reject,5.39,0.1927,9702.01,87.3,59.3,20.8,27.0,73.0,gross margin below 35%; unit profit below $8,,,,,,,,,,,,,,
rating_gap,B0FC5T7DR3,B0DZCMRFF9,"Kiss Core Upgrade Bread Slicer for Homemade Bread, Bread Slicer Guide Adjustable Width and Thickness, Foldable and Compact Cutting Guide with Crumb Tray, Suitability for Homemade Bread, Bagels, Cakes","['Kitchen & Dining', 'kitchen']",US,21.99,6.16,1.76,6.21,0.15,4905.0,110.0,4.1,0.55,10000.0,1.0,20.0,50.0,25.0,20.0,20.0,Imported from Sorftime; ASIN B0FC5T7DR3; parent B0DZCMRFF9; brand Kiss Core,https://www.amazon.com/dp/B0FC5T7DR3,48.7,Reject,4.56,0.2074,22374.16,87.3,52.8,20.0,22.0,78.0,gross margin below 35%; unit profit below $8,,,,,,,,,,,,,,
newer_low_review,B0G1YGS5Z8,B0G1YKN7G7,"AIZESI 41-144 Inch Heavy Duty Black Tension Curtain Rod - No Drilling, Adjustable, Rust-Resistant for Outdoor, Living Room, Window, Bathroom","['Home & Kitchen', 'home-garden']",US,37.99,10.64,3.04,12.36,0.15,1798.0,106.0,4.4,0.55,10000.0,1.0,20.0,50.0,25.0,20.0,60.0,Imported from Sorftime; ASIN B0G1YGS5Z8; parent B0G1YKN7G7; brand AIZESI,https://www.amazon.com/dp/B0G1YGS5Z8,48.2,Reject,6.25,0.1646,11240.2,87.3,50.8,22.5,30.0,70.0,gross margin below 35%; unit profit below $8; oversize risk,,,,,,,,,,,,,,
newer_low_review,B0DNF92S51,B0DSDJZ6R5,"Mosluna Flat Feather Down Pillows Pillows for Sleeping Queen Size Set of 1, Thin Hotel Pillow 1 Pack with Airyfil™ Fillings, Soft Bed Pillow for Stomach, Back Sleepers, Soft, 20×30 in.","['Home & Kitchen', 'home-garden']",US,33.24,9.31,2.66,8.7,0.15,1797.0,106.0,4.5,0.55,10000.0,1.0,20.0,50.0,25.0,20.0,45.0,Imported from Sorftime; ASIN B0DNF92S51; parent B0DSDJZ6R5; brand Mosluna,https://www.amazon.com/dp/B0DNF92S51,48.2,Reject,7.58,0.2282,13628.45,87.3,46.8,25.2,27.0,73.0,gross margin below 35%; unit profit below $8,,,,,,,,,,,,,,
light_small_general,B0DPDBGVJ1,B0GWQGTLKF,"Garden Netting Kit for Raised Beds, 10 x30FT Ultra Fine Mesh Netting＆ 6 Sets of 8FT Fiberglass Garden Hoops, Row Cover Insect Netting for Vegetable Plant Fruit Flowers Protection","['Patio, Lawn & Garden', 'lawn-garden']",US,32.99,9.24,2.64,8.02,0.15,3000.0,354.0,4.1,0.55,10000.0,1.0,20.0,50.0,25.0,20.0,45.0,Imported from Sorftime; ASIN B0DPDBGVJ1; parent B0GWQGTLKF; brand Monirsen,https://www.amazon.com/dp/B0DPDBGVJ1,47.4,Reject,8.14,0.2468,24424.5,87.3,42.8,26.3,27.0,73.0,gross margin below 35%,,,,,,,,,,,,,,
higher_ticket_lightweight,B08Y8JD256,B0GY3YVR2G,"URPOWER Stainless Steel Cat Litter Box with Flip-Top Lid Extra Large Enclosed Litter Box Non-Sticky Metal Pan with High Sided & Scoop, Odor Free, Front & Top Entry, Anti-Leakage, Easy Cleaning","['Pet Supplies', 'pet-supplies']",US,69.99,19.6,5.6,18.98,0.15,1490.0,612.0,4.5,0.55,10000.0,1.0,20.0,50.0,25.0,20.0,20.0,Imported from Sorftime; ASIN B08Y8JD256; parent B0GY3YVR2G; brand URPOWER,https://www.amazon.com/dp/B08Y8JD256,47.4,Reject,15.31,0.2188,22814.13,87.3,24.3,40.6,22.0,78.0,gross margin below 35%; review count above 600,,,,,,,,,,,,,,
light_small_general,B0F5VLY117,B0FJ65FTB1,"Black Curtain Rods for Windows 48-90Inch(4-7.5ft) Heavy Duty Wrap Around Blackout Curtain Rods,Adjustable Room Darkening Drapery Rod for Bedroom, Living Room, Sliding Door & Outdoor Patio","['Home & Kitchen', 'home-garden']",US,26.99,7.56,2.16,7.12,0.15,3000.0,109.0,4.5,0.55,10000.0,1.0,20.0,50.0,25.0,20.0,45.0,Imported from Sorftime; ASIN B0F5VLY117; parent B0FJ65FTB1; brand RBYCOS,https://www.amazon.com/dp/B0F5VLY117,47.2,Reject,6.1,0.2261,18304.5,87.3,46.8,22.2,27.0,73.0,gross margin below 35%; unit profit below $8,,,,,,,,,,,,,,
consumable_replacement,B0G325MV8L,B0GMGKQ77R,"Smiry Waffle Bath Mat 30 x20, Extra Soft Absorbent Bathroom Rugs, Non Slip Machine Washable Quick Dry Bath Rugs for Bathroom Floor, Tub, Shower, Home Decor Accessories, Lightgrey & Cream","['Home & Kitchen', 'home-garden']",US,25.99,7.28,2.08,10.59,0.15,4994.0,167.0,4.5,0.55,10000.0,1.0,20.0,50.0,25.0,20.0,20.0,Imported from Sorftime; ASIN B0G325MV8L; parent B0GMGKQ77R; brand Smiry,https://www.amazon.com/dp/B0G325MV8L,46.9,Reject,2.14,0.0824,10694.65,87.3,46.8,20.0,22.0,78.0,gross margin below 35%; unit profit below $8,,,,,,,,,,,,,,
rating_gap,B0FKBF1LS8,B0FZ9XT6LW,Men‘s Tactical Pants Stretch Waterproof Fabric Durable Cargo Pants for Hiking Casual Work Multi Pockets (No Belt),"['Sports & Outdoors', 'sporting-goods']",US,19.98,5.59,1.6,4.9,0.15,4907.0,214.0,4.1,0.55,10000.0,1.0,20.0,50.0,25.0,20.0,20.0,Imported from Sorftime; ASIN B0FKBF1LS8; parent B0FZ9XT6LW; brand LYRXXX,https://www.amazon.com/dp/B0FKBF1LS8,45.7,Reject,4.89,0.2449,24009.95,87.3,42.8,20.0,22.0,78.0,gross margin below 35%; unit profit below $8,,,,,,,,,,,,,,
consumable_replacement,B0FD3PDC34,B0FK9J731L,"Wide Rain Shower Head With 5 Modes Handheld Showerheads, High Pressure Showerhead Combo with Extension Arm for Bathroom Accessories, Adjustable Shower Head with Anti-Clog Nozzles (Chrome)","['Tools & Home Improvement', 'hi']",US,24.99,7.0,2.0,7.7,0.15,4983.0,328.0,4.0,0.55,10000.0,1.0,20.0,50.0,25.0,20.0,45.0,Imported from Sorftime; ASIN B0FD3PDC34; parent B0FK9J731L; brand SeaCity,https://www.amazon.com/dp/B0FD3PDC34,45.2,Reject,4.54,0.1817,22630.29,87.3,42.8,20.0,27.0,73.0,gross margin below 35%; unit profit below $8,,,,,,,,,,,,,,
newer_low_review,B0GJTR956T,B0GLJ572B8,BaubleBar Ultimate DIY Bracelet Kit | 1000+ Pcs | Great for a Gift or Party | Bracelet Jewelry Making Kit with Beads,"['Arts, Crafts & Sewing', 'arts-crafts']",US,48.0,13.44,3.84,6.2,0.15,1799.0,15.0,4.4,0.55,10000.0,1.0,20.0,50.0,25.0,20.0,45.0,Imported from Sorftime; ASIN B0GJTR956T; parent B0GLJ572B8; brand BaubleBar,https://www.amazon.com/dp/B0GJTR956T,45.0,Reject,17.32,0.3608,31158.68,87.3,68.3,59.4,27.0,73.0,brand moat: BaubleBar,brand moat: BaubleBar,,,,,,,,,,,,,
higher_ticket_lightweight,B0GN5B7PXR,B0GY9679ZT,Dyson HushJet™ Mini Cool fan (Stone/Blush),"['Home & Kitchen', 'home-garden']",US,99.95,27.99,8.0,5.64,0.15,1497.0,13.0,4.0,0.55,10000.0,1.0,20.0,50.0,25.0,20.0,20.0,Imported from Sorftime; ASIN B0GN5B7PXR; parent B0GY9679ZT; brand Dyson,https://www.amazon.com/dp/B0GN5B7PXR,45.0,Reject,43.33,0.4335,64861.27,87.3,70.3,84.5,22.0,78.0,brand moat: Dyson,brand moat: Dyson,,,,,,,,,,,,,
higher_ticket_lightweight,B0DSCNQYT3,B0GYZ2GMP9,Made In Cookware - 12“ Ceramic Non Stick Frying Pan (Discontinued CeramiClad 1.0) - 5-Ply Stainless Clad with Stay-Cool Handle - Crafted in USA - Professional Cookware,"['Kitchen & Dining', 'kitchen']",US,95.4,26.71,7.63,12.39,0.15,1494.0,363.0,3.9,0.55,10000.0,1.0,20.0,50.0,25.0,20.0,60.0,Imported from Sorftime; ASIN B0DSCNQYT3; parent B0GYZ2GMP9; brand Made In,https://www.amazon.com/dp/B0DSCNQYT3,45.0,Reject,34.36,0.3602,51333.84,87.3,42.8,74.7,30.0,70.0,brand moat: Made In; oversize risk,brand moat: Made In,,,,,,,,,,,,,
newer_low_review,B0GQPZPZ3Q,B0FGJY7255,"(6 Pack) Clothes for LABUBU 17cm Doll (NO Dolls), Exquisite Luxury Designer Outfits for LABUBU, Fashion and Premium Doll Clothing Set Suitable for LABUBU Dress up Unique Style","['', '']",US,24.99,7.0,2.0,4.5,0.15,1796.0,428.0,4.6,0.55,10000.0,1.0,20.0,50.0,25.0,20.0,20.0,Imported from Sorftime; ASIN B0GQPZPZ3Q; parent B0FGJY7255; brand VVQUI,https://www.amazon.com/dp/B0GQPZPZ3Q,44.9,Reject,7.74,0.3098,13903.73,87.3,24.3,33.5,22.0,78.0,gross margin below 35%; unit profit below $8,,,,,,,,,,,,,,
newer_low_review,B0DS48R781,B0DS421GSX,"Ivydale 20PCS Artificial Plants Fake Flowers Monkey Grass for Outdoors,UV Resistant Realistic Purple Faux Greenery Shrubs Outside Decor for Home Garland Porch Patio Balcony Planter Yard Office Pathway","['Home & Kitchen', 'home-garden']",US,25.19,7.05,2.02,6.2,0.15,1799.0,357.0,4.6,0.55,10000.0,1.0,20.0,50.0,25.0,20.0,20.0,Imported from Sorftime; ASIN B0DS48R781; parent B0DS421GSX; brand Ivydale,https://www.amazon.com/dp/B0DS48R781,44.7,Reject,6.14,0.2438,11048.56,87.3,36.8,22.3,22.0,78.0,gross margin below 35%; unit profit below $8,,,,,,,,,,,,,,
consumable_replacement,B0FZV5LN6J,B0GZKB1HGX,"Stainless Steel Cat Litter Box, Odor Free Metal Litter Box with High Sides Lid, Open Top Low Entry Litter Pan Include Scoop Easy Cleaning Anti-Scratch Kitty Cat Box Anti-Urine Leakage, Non-Sticky","['Pet Supplies', 'pet-supplies']",US,26.99,7.56,2.16,9.83,0.15,4982.0,333.0,4.4,0.55,10000.0,1.0,20.0,50.0,25.0,20.0,45.0,Imported from Sorftime; ASIN B0FZV5LN6J; parent B0GZKB1HGX; brand KISENG,https://www.amazon.com/dp/B0FZV5LN6J,44.6,Reject,3.39,0.1257,16896.45,87.3,40.8,20.0,27.0,73.0,gross margin below 35%; unit profit below $8,,,,,,,,,,,,,,
newer_low_review,B0F8VLSNT4,B0F8VSR64V,"Floroom Mini Artificial Flower Heads Lavender & Purple Fake Peony Daisy Rose Multicolor Small Faux Silk Flower Heads for Cake Craft Garland Wedding Party Graduation Cap DIY Home Decoration, 0.8“-3.6“","['Home & Kitchen', 'home-garden']",US,14.99,4.2,1.2,4.47,0.15,1796.0,137.0,4.6,0.55,10000.0,1.0,20.0,50.0,25.0,20.0,20.0,Imported from Sorftime; ASIN B0F8VLSNT4; parent B0F8VSR64V; brand Floroom,https://www.amazon.com/dp/B0F8VLSNT4,44.1,Reject,2.87,0.1916,5157.21,87.3,46.8,11.9,22.0,78.0,gross margin below 35%; unit profit below $8,,,,,,,,,,,,,,
consumable_replacement,B0BG5NK6ZG,B0CKMD91SQ,"Margarita Salt Rimmer Set,1 Pack 3 Tier Bar Glass Rimmer Bamboo Wood Sugar Salt Box with Sponge,Bartender Tool for Cocktail and Margarita","['Kitchen & Dining', 'kitchen']",US,21.99,6.16,1.76,5.91,0.15,4989.0,330.0,4.6,0.55,10000.0,1.0,20.0,50.0,25.0,20.0,20.0,Imported from Sorftime; ASIN B0BG5NK6ZG; parent B0CKMD91SQ; brand TonJin,https://www.amazon.com/dp/B0BG5NK6ZG,43.9,Reject,4.86,0.2211,24254.02,87.3,36.8,20.0,22.0,78.0,gross margin below 35%; unit profit below $8,,,,,,,,,,,,,,
light_small_general,B0D69VGY9G,B0DN1FCM4D,"Flea and Tick Collar for Dogs 4 Pack, 32 Months Prevention, Waterproof, Adjustable for Small Medium Large Dogs Puppies (Black)","['Pet Supplies', 'pet-supplies']",US,18.19,5.09,1.46,4.17,0.15,2996.0,764.0,4.2,0.55,10000.0,1.0,20.0,50.0,25.0,20.0,20.0,Imported from Sorftime; ASIN B0D69VGY9G; parent B0DN1FCM4D; brand VICSOM,https://www.amazon.com/dp/B0D69VGY9G,41.9,Reject,4.74,0.2607,14205.53,87.3,28.3,21.4,22.0,78.0,gross margin below 35%; unit profit below $8; review count above 600,,,,,,,,,,,,,,
consumable_replacement,B0D4YPTR5V,B0GWRR5KL3,"Male Dog Wraps 50 Ct, Medium Size, Male Dog Diapers Disposable, Super Absorbent Leak-Proof Doggy Diapers,Belly Bands for Dogs with Wetness Indicator, Ideal for Indoor, Outdoor","['Pet Supplies', 'pet-supplies']",US,24.29,6.8,1.94,8.02,0.15,5000.0,579.0,4.0,0.55,10000.0,1.0,20.0,50.0,25.0,20.0,45.0,Imported from Sorftime; ASIN B0D4YPTR5V; parent B0GWRR5KL3; brand IMMCUTE,https://www.amazon.com/dp/B0D4YPTR5V,41.5,Reject,3.89,0.16,19432.5,87.3,30.3,20.0,27.0,73.0,gross margin below 35%; unit profit below $8,,,,,,,,,,,,,,
light_small_general,B0G2LF4RDX,B0DJNY8BCW,"Hummingbird House, Small Hummingbird Houses for Outside, Wooden Bird House with Bow, String, Cute Gardening Gifts Home Decoration","['Patio, Lawn & Garden', 'lawn-garden']",US,19.99,5.6,1.6,4.9,0.15,3000.0,787.0,4.4,0.55,10000.0,1.0,20.0,50.0,25.0,20.0,20.0,Imported from Sorftime; ASIN B0G2LF4RDX; parent B0DJNY8BCW; brand Fitraho,https://www.amazon.com/dp/B0G2LF4RDX,41.4,Reject,4.89,0.2447,14674.5,87.3,28.3,20.0,22.0,78.0,gross margin below 35%; unit profit below $8; review count above 600,,,,,,,,,,,,,,
newer_low_review,B0FFGGGMDM,B0FMKF527C,"MesRosa 2 Pack Deviled Egg Containers with Lid and Handle, Durable Clear Plastic Deviled Egg Carrier Storage 48 Eggs, Stackable Egg Holder for Fridge, Portable Tray Platter for Party & Picnics-White","['Kitchen & Dining', 'kitchen']",US,22.98,6.43,1.84,8.12,0.15,1796.0,374.0,4.6,0.55,10000.0,1.0,20.0,50.0,25.0,20.0,45.0,Imported from Sorftime; ASIN B0FFGGGMDM; parent B0FMKF527C; brand MesRosa,https://www.amazon.com/dp/B0FFGGGMDM,41.1,Reject,3.14,0.1368,5644.83,87.3,36.8,13.3,27.0,73.0,gross margin below 35%; unit profit below $8,,,,,,,,,,,,,,
light_small_general,B0DZX587J9,B0GWZR951M,"WELLOKB Alcohol Markers, 80 Colors Dual Art Colored Markers for Coloring Book, Painting, Drawing, Alcohol Based with Carrying Case (80, Broad&Fine)","['Arts, Crafts & Sewing', 'arts-crafts']",US,21.74,6.09,1.74,7.15,0.15,2987.0,598.0,4.4,0.55,10000.0,1.0,20.0,50.0,25.0,20.0,45.0,Imported from Sorftime; ASIN B0DZX587J9; parent B0GWZR951M; brand WELLOKB,https://www.amazon.com/dp/B0DZX587J9,40.9,Reject,3.5,0.1609,10451.51,87.3,28.3,20.0,27.0,73.0,gross margin below 35%; unit profit below $8,,,,,,,,,,,,,,
newer_low_review,B0D9NZPN44,B0D9NWR15C,Sggvecsy 6Pcs 46.5Ft Artificial Rose Vine Fake Flower Garland Floral Garland Faux Silk Hanging Vine Rose Ivy Vines for Wedding Arch Party Wall Garden Ceremony Background Outdoor Decor (White),"['Home & Kitchen', 'home-garden']",US,25.99,7.28,2.08,8.22,0.15,1795.0,460.0,4.5,0.55,10000.0,1.0,20.0,50.0,25.0,20.0,20.0,Imported from Sorftime; ASIN B0D9NZPN44; parent B0D9NWR15C; brand Sggvecsy,https://www.amazon.com/dp/B0D9NZPN44,40.2,Reject,4.51,0.1736,8098.14,87.3,24.3,20.0,22.0,78.0,gross margin below 35%; unit profit below $8,,,,,,,,,,,,,,
light_small_general,B00U6DJCR8,B0DJRY5QZR,Meowijuana | Dried Catnip Buds Jar | Premium Organic Catnip | Grown in North America | Perfect for Cat Toys | Fresh Catnip for Extended Playtime | Elevate Your Cat’s Enjoyment,"['Pet Supplies', 'pet-supplies']",US,19.99,5.6,1.6,4.46,0.15,2997.0,1180.0,4.1,0.55,10000.0,1.0,20.0,50.0,25.0,20.0,20.0,Imported from Sorftime; ASIN B00U6DJCR8; parent B0DJRY5QZR; brand Meowijuana,https://www.amazon.com/dp/B00U6DJCR8,40.0,Reject,5.33,0.2667,15978.51,87.3,20.3,22.9,22.0,78.0,gross margin below 35%; unit profit below $8; review count above 600,,,,,,,,,,,,,,
newer_low_review,B0D18QVZW4,B0DJ3N3STR,"Kitsch Shower Head Filter for Hard Water – Shower Water Filter with KDF-55 & Calcium Sulfite, Shower Filter to Reduce Chlorine & Impurities, Water Softener for Healthier Hair & Skin - Chrome","['Tools & Home Improvement', 'hi']",US,15.98,4.47,1.28,4.89,0.15,1795.0,446.0,4.0,0.55,10000.0,1.0,20.0,50.0,25.0,20.0,20.0,Imported from Sorftime; ASIN B0D18QVZW4; parent B0DJ3N3STR; brand Kitsch,https://www.amazon.com/dp/B0D18QVZW4,39.3,Reject,2.94,0.1842,5282.69,87.3,30.3,12.2,22.0,78.0,gross margin below 35%; unit profit below $8,,,,,,,,,,,,,,
light_small_general,B0CX244TPG,B0G3HS6XD1,"ixirpro Balloon Shine Spray (3 x 16.9 oz) No Need Towel or Gloves, Instant High Shine Gloss Brite Balloons for Party Decoration for Ultra Lasting, Shine Balloon Spray Upgraded Formula","['Home & Kitchen', 'home-garden']",US,29.99,8.4,2.4,7.62,0.15,2991.0,943.0,4.5,0.55,10000.0,1.0,20.0,50.0,25.0,20.0,45.0,Imported from Sorftime; ASIN B0CX244TPG; parent B0G3HS6XD1; brand ixirpro,https://www.amazon.com/dp/B0CX244TPG,38.1,Reject,7.07,0.2358,21150.86,87.3,14.3,24.1,27.0,73.0,gross margin below 35%; unit profit below $8; review count above 600,,,,,,,,,,,,,,
light_small_general,B0836229FZ,B0841BKW2D,OXO Good Grips Plastic Everyday Cutting Board,"['Kitchen & Dining', 'kitchen']",US,17.95,5.03,1.44,5.35,0.15,2993.0,1128.0,4.6,0.55,10000.0,1.0,20.0,50.0,25.0,20.0,20.0,Imported from Sorftime; ASIN B0836229FZ; parent B0841BKW2D; brand OXO,https://www.amazon.com/dp/B0836229FZ,37.2,Reject,3.44,0.1915,10288.44,87.3,14.3,20.0,22.0,78.0,brand moat: OXO; gross margin below 35%; unit profit below $8; review count above 600,brand moat: OXO,,,,,,,,,,,,,
consumable_replacement,B0D6GT63D3,B0D6GPCMJ4,Sggvecsy 30 Pcs Fake Tulips Artificial Flowers Real Touch PU Faux Flowers Tulip Stems for Wedding Spring Bouquet Floral Arrangement Home Party Office Decorations for Mother‘s Day (Green White),"['Home & Kitchen', 'home-garden']",US,15.99,4.48,1.28,6.37,0.15,4989.0,1675.0,4.6,0.55,10000.0,1.0,20.0,50.0,25.0,20.0,20.0,Imported from Sorftime; ASIN B0D6GT63D3; parent B0D6GPCMJ4; brand Sggvecsy,https://www.amazon.com/dp/B0D6GT63D3,36.5,Reject,1.46,0.0914,7291.42,87.3,14.3,18.0,22.0,78.0,gross margin below 35%; unit profit below $8; review count above 600,,,,,,,,,,,,,,
newer_low_review,B0DGQ3XJM7,B0CYP3TRYS,"HIMEET Pink Ribbed Throw Blanket for Couch - 300GSM Lightweight Soft Fleece Blanket for Women, Cozy Blankets for Mothers Gifts, Striped Spring Home Room Decor, Pink, 50 x60 Inches","['Home & Kitchen', 'home-garden']",US,15.99,4.48,1.28,6.22,0.15,1800.0,486.0,4.3,0.55,10000.0,1.0,20.0,50.0,25.0,20.0,20.0,Imported from Sorftime; ASIN B0DGQ3XJM7; parent B0CYP3TRYS; brand HIMEET,https://www.amazon.com/dp/B0DGQ3XJM7,36.3,Reject,1.61,0.1008,2900.7,87.3,28.3,5.4,22.0,78.0,gross margin below 35%; unit profit below $8,,,,,,,,,,,,,,
light_small_general,B0CYCCV268,B0FP22RCK4,"12 Pack Plastic Drop Cloth, 9x12 Ft Plastic Sheeting for Painting, Dust-Proof Tear-Resistant Painters Plastics Tarp Cloth for Furniture Floor Sofa Protector Cover Durable & Thick","['Tools & Home Improvement', 'hi']",US,16.99,4.76,1.36,6.58,0.15,2988.0,952.0,4.4,0.55,10000.0,1.0,20.0,50.0,25.0,20.0,20.0,Imported from Sorftime; ASIN B0CYCCV268; parent B0FP22RCK4; brand ZENOWICK,https://www.amazon.com/dp/B0CYCCV268,35.6,Reject,1.74,0.1025,5203.6,87.3,18.3,12.0,22.0,78.0,gross margin below 35%; unit profit below $8; review count above 600,,,,,,,,,,,,,,
light_small_general,B0G6YBHJMB,B0GXB17N3Y,"Solar Rope Lights, 2 Packs Total 66ft 200LED Solar String Lights, 8 Modes Waterproof Solar Powered Outdoor Light, Flexible Clear Tube Light for Garden Backyard Patio Deck Porch Tree Xmas Decor - Red","['Home & Kitchen', 'home-garden']",US,19.79,5.54,1.58,5.11,0.15,3000.0,0.0,4.3,0.55,10000.0,1.0,20.0,50.0,25.0,20.0,20.0,Imported from Sorftime; ASIN B0G6YBHJMB; parent B0GXB17N3Y; brand Jnaurb,https://www.amazon.com/dp/B0G6YBHJMB,35.0,Reject,4.59,0.232,13774.5,87.3,68.3,20.0,22.0,78.0,excluded title term: solar powered; gross margin below 35%; unit profit below $8,,excluded title term: solar powered,,,,,,,,,,,,
light_small_general,B0DMCWNFPY,B0D813BPQ1,Metal Arch Backdrop Stand 7.2FT+6FT Wedding Arch Backdrop Stand Set of 2 Gold Arch Backdrop Stand for Valentines Day Party Wedding Ceremony Baby Shower Birthday Floral Balloon Decration,"['', '']",US,40.99,11.48,3.28,10.05,0.15,2998.0,746.0,4.6,0.55,10000.0,1.0,70.0,50.0,25.0,20.0,65.0,Imported from Sorftime; ASIN B0DMCWNFPY; parent B0D813BPQ1; brand Nisoger,https://www.amazon.com/dp/B0DMCWNFPY,35.0,Reject,10.03,0.2447,30074.44,87.3,24.3,30.1,41.0,59.0,hard oversize/logistics risk; gross margin below 35%; review count above 600; high seasonality; oversize risk,,hard oversize/logistics risk,,,,,,,,,,,,
light_small_general,B0CQT8V1T5,B0CQSZMYXD,"WRENSONGE King Size Quilt-3 Pieces Lightweight Bedspreads Olive Green King Quilt Bedding Set for All Seasons, Soft Summer Coverlet with 2 Pillow Shams Suitable for Bed, Couch, Quilt Blanket","['Home & Kitchen', 'home-garden']",US,48.44,13.56,3.88,9.65,0.15,2995.0,589.0,4.6,0.55,10000.0,1.0,20.0,50.0,25.0,20.0,65.0,Imported from Sorftime; ASIN B0CQT8V1T5; parent B0CQSZMYXD; brand WRENSONGE,https://www.amazon.com/dp/B0CQT8V1T5,35.0,Reject,14.08,0.2908,42181.58,87.3,24.3,43.6,31.0,69.0,hard oversize/logistics risk; gross margin below 35%; oversize risk,,hard oversize/logistics risk,,,,,,,,,,,,
light_small_general,B09NVBHFHX,B0CMX99QFT,"Warm Incandescent Light Bulbs 60 Watt,A19/A60 Vintage Style Edison Bulbs E26,Soft Yellow Light Bulbs,Amber Bulbs,Retro Light Bulb Old Fashioned,Halogen Dimmable Edison Bulb Squirrel Cage","['Industrial & Scientific', 'industrial']",US,18.99,5.32,1.52,5.36,0.15,2993.0,545.0,4.4,0.55,10000.0,1.0,20.0,50.0,25.0,20.0,20.0,Imported from Sorftime; ASIN B09NVBHFHX; parent B0CMX99QFT; brand runquiz,https://www.amazon.com/dp/B09NVBHFHX,35.0,Reject,3.94,0.2076,11796.91,87.3,28.3,20.0,22.0,78.0,excluded category: industrial; gross margin below 35%; unit profit below $8,,excluded category: industrial,,,,,,,,,,,,
light_small_general,B0DJQF98KH,B09K3RQBY6,"RARXTR Toilet Paper Holder Stand, Post Pivoting Design Free Standing Toilet Paper Holder with Storage for 4 Rolls, SUS304 Stainless Steel Tissue Holder with Reserve, Heavy-Duty Base (Matte Black)","['Tools & Home Improvement', 'hi']",US,35.99,10.08,2.88,8.39,0.15,2992.0,21.0,3.8,0.55,10000.0,1.0,20.0,50.0,25.0,20.0,65.0,Imported from Sorftime; ASIN B0DJQF98KH; parent B09K3RQBY6; brand RARXTR,https://www.amazon.com/dp/B0DJQF98KH,35.0,Reject,9.24,0.2568,27650.57,87.3,65.3,29.4,31.0,69.0,hard oversize/logistics risk; gross margin below 35%; oversize risk,,hard oversize/logistics risk,,,,,,,,,,,,
light_small_general,B0FFSM87G4,B0F1XSLH3X,"Rugflix 4x6 Area Rug for Living Room, Washable Non-Slip Stain-Resistant Low Pile, Modern Dark Carpet for Dining Room/Home Office/Kid Room/Nursery/Bedroom, Navy Blue/Black","['Home & Kitchen', 'home-garden']",US,40.84,11.44,3.27,8.15,0.15,2990.0,652.0,4.5,0.55,10000.0,1.0,20.0,50.0,25.0,20.0,20.0,Imported from Sorftime; ASIN B0FFSM87G4; parent B0F1XSLH3X; brand Rugflix,https://www.amazon.com/dp/B0FFSM87G4,35.0,Reject,11.85,0.2903,35443.46,87.3,24.3,39.1,22.0,78.0,excluded title term: area rug; gross margin below 35%; review count above 600,,excluded title term: area rug,,,,,,,,,,,,
light_small_general,B0CPPSFP1F,B0CFFQZ48Q,"No Dig Decorative Garden Fence Animal Barrier - 5 Panels - 24 in (H) x 10 ft (L) - Dog Fence Outdoor for Yard, Rabbits and Small Pets - Tall Rustproof Metal Wire Fencing Border for Garden and Patio","['Patio, Lawn & Garden', 'lawn-garden']",US,44.99,12.6,3.6,14.84,0.15,2988.0,1129.0,4.6,0.55,10000.0,1.0,20.0,50.0,25.0,20.0,65.0,Imported from Sorftime; ASIN B0CPPSFP1F; parent B0CFFQZ48Q; brand Bilibompa,https://www.amazon.com/dp/B0CPPSFP1F,35.0,Reject,7.2,0.1601,21518.08,87.3,14.3,24.4,31.0,69.0,hard oversize/logistics risk; gross margin below 35%; unit profit below $8; review count above 600; oversize risk,,hard oversize/logistics risk,,,,,,,,,,,,
consumable_replacement,B0D7VNVZTD,B0D3LNWKCD,"Pack of 10 NWK Cake Stand Set, with 3 x Two-Tier and 3 x Three-Tier Cupcake Stands, 4 x Appetizer Trays, 1 x Tablecloth for Birthday Bridal Baby Shower Party (Black)","['Kitchen & Dining', 'kitchen']",US,31.99,8.96,2.56,8.27,0.15,4998.0,1196.0,4.6,0.55,10000.0,1.0,20.0,50.0,25.0,20.0,65.0,Imported from Sorftime; ASIN B0D7VNVZTD; parent B0D3LNWKCD; brand NWK,https://www.amazon.com/dp/B0D7VNVZTD,35.0,Reject,7.4,0.2314,36992.7,87.3,14.3,24.8,31.0,69.0,hard oversize/logistics risk; gross margin below 35%; unit profit below $8; review count above 600; oversize risk,,hard oversize/logistics risk,,,,,,,,,,,,
consumable_replacement,B0FB9627XT,B0FWKDSPX6,"SUNLU TPU 3D Printer Filament 1.75mm,Highly Elastic 90A TPU Filament,Flexible 3D Filament for Fast Printing,Dimensional Accuracy +/- 0.03mm,Suitable for Most FDM 3D Printers.1KG (Green).","['Industrial & Scientific', 'industrial']",US,24.99,7.0,2.0,7.12,0.15,4990.0,52.0,4.1,0.55,10000.0,1.0,20.0,50.0,25.0,20.0,45.0,Imported from Sorftime; ASIN B0FB9627XT; parent B0FWKDSPX6; brand SUNLU,https://www.amazon.com/dp/B0FB9627XT,35.0,Reject,5.12,0.2049,25556.28,87.3,60.3,20.2,27.0,73.0,excluded category: industrial; gross margin below 35%; unit profit below $8,,excluded category: industrial,,,,,,,,,,,,
consumable_replacement,B0DQ4WDDTK,B0CP5MYFXF,"BLUEBIRD 12-Pack Fabric Paint, 3.4 Fl Oz each, Permanent Fabric Paints for Clothes, Furniture Upholstery","['Arts, Crafts & Sewing', 'arts-crafts']",US,17.99,5.04,1.44,7.78,0.15,4983.0,1366.0,4.4,0.55,10000.0,1.0,20.0,50.0,25.0,20.0,45.0,Imported from Sorftime; ASIN B0DQ4WDDTK; parent B0CP5MYFXF; brand BLUEBIRD,https://www.amazon.com/dp/B0DQ4WDDTK,35.0,Reject,1.03,0.0573,5139.96,87.3,18.3,11.8,27.0,73.0,gross margin below 35%; unit profit below $8; review count above 600,,,,,,,,,,,,,,
newer_low_review,B0CJYC1VQ3,B0FM86Z3SX,"EFOK Blue Painters Tape 1 Inch Bulk - Paint Tape 20 Rolls x 1 Inch x 55 Yards - Painter’s Tape Blue Masking Tape for Walls Painting Packing Automotive Home, Total 1100 Yards","['Tools & Home Improvement', 'hi']",US,39.99,11.2,3.2,8.57,0.15,1800.0,368.0,4.6,0.55,10000.0,1.0,20.0,50.0,25.0,20.0,65.0,Imported from Sorftime; ASIN B0CJYC1VQ3; parent B0FM86Z3SX; brand EFOK,https://www.amazon.com/dp/B0CJYC1VQ3,35.0,Reject,11.02,0.2756,19838.7,87.3,36.8,35.5,31.0,69.0,hard oversize/logistics risk; gross margin below 35%; oversize risk,,hard oversize/logistics risk,,,,,,,,,,,,
newer_low_review,B0GSYYWQ7S,B0GVF4WV6J,Enamel-Safe Teeth Whitening Powder - Hydroxyapatite - Gentle on Teeth - No Sensitivity Formula - Removes Stains - Long-Lasting Freshness - Breath Freshening Whitening Powder- 15g,"['Industrial & Scientific', 'industrial']",US,16.18,4.53,1.29,3.92,0.15,1799.0,24.0,4.4,0.55,10000.0,1.0,20.0,50.0,25.0,20.0,20.0,Imported from Sorftime; ASIN B0GSYYWQ7S; parent B0GVF4WV6J; brand BHMSHY,https://www.amazon.com/dp/B0GSYYWQ7S,35.0,Reject,4.01,0.248,7219.39,87.3,63.3,17.8,22.0,78.0,excluded category: industrial; gross margin below 35%; unit profit below $8,,excluded category: industrial,,,,,,,,,,,,
newer_low_review,B00DVCQF94,B00J4I9GNG,"1” Width ProTapes Pro Gaff Premium Matte Cloth Gaffer’s Tape With Rubber Adhesive, 50 yds Length x, Fluorescent Green (Pack of 1)","['Industrial & Scientific', 'industrial']",US,18.95,5.31,1.52,4.17,0.15,1799.0,157.0,4.6,0.55,10000.0,1.0,20.0,50.0,25.0,20.0,20.0,Imported from Sorftime; ASIN B00DVCQF94; parent B00J4I9GNG; brand Pro,https://www.amazon.com/dp/B00DVCQF94,35.0,Reject,5.11,0.2695,9188.39,87.3,46.8,22.8,22.0,78.0,excluded category: industrial; gross margin below 35%; unit profit below $8,,excluded category: industrial,,,,,,,,,,,,
newer_low_review,B0FKSMCZSH,B0FQ5JJC1W,"Waterproof Mattress Pad Queen, Quilted Fitted Queen Mattress Topper, Five-Layers Noiseless Mattress Protector Cover with 8“-21“ Deep Pocket, Machine Washable, Grey, 60 x80","['Home & Kitchen', 'home-garden']",US,34.94,9.78,2.8,9.65,0.15,1798.0,224.0,4.6,0.55,10000.0,1.0,20.0,50.0,25.0,20.0,65.0,Imported from Sorftime; ASIN B0FKSMCZSH; parent B0FQ5JJC1W; brand QUIETSEA,https://www.amazon.com/dp/B0FKSMCZSH,35.0,Reject,7.47,0.2138,13429.26,87.3,36.8,24.9,31.0,69.0,hard oversize/logistics risk; gross margin below 35%; unit profit below $8; oversize risk,,hard oversize/logistics risk,,,,,,,,,,,,
newer_low_review,B0DR1XZF1X,B0D424R5CW,"Beeiva Checkered Print 5x7 Rugs for Living Room, Non Slip Soft Green Rugs for Bedroom Ultra Thin Washable Rugs 5x7, Moroccan Farmhouse Carpet for Playroom Kids Room, Classic Classroom Dorm Home Decor","['Home & Kitchen', 'home-garden']",US,55.22,15.46,4.42,9.1,0.15,1798.0,466.0,4.2,0.55,10000.0,1.0,20.0,50.0,25.0,20.0,65.0,Imported from Sorftime; ASIN B0DR1XZF1X; parent B0D424R5CW; brand Beeiva,https://www.amazon.com/dp/B0DR1XZF1X,35.0,Reject,17.96,0.3252,32286.69,87.3,28.3,55.9,31.0,69.0,hard oversize/logistics risk; gross margin below 35%; oversize risk,,hard oversize/logistics risk,,,,,,,,,,,,
newer_low_review,B0FY2J4NV4,B0FTZ4B4DB,"Lifewit Slim Laundry Basket with Lid, Narrow Large Laundry Hamper with Plastic Handles and Removable Bag, Tall Foldable Dirty Clothes Hampers for Laundry Room, Bedroom, Bathroom, Dorm, 75L Pink","['Home & Kitchen', 'home-garden']",US,23.99,6.72,1.92,6.56,0.15,1795.0,136.0,4.4,0.55,10000.0,1.0,20.0,50.0,25.0,20.0,45.0,Imported from Sorftime; ASIN B0FY2J4NV4; parent B0FTZ4B4DB; brand Lifewit,https://www.amazon.com/dp/B0FY2J4NV4,35.0,Reject,5.19,0.2164,9318.74,87.3,50.8,20.4,27.0,73.0,excluded title term: laundry basket; gross margin below 35%; unit profit below $8,,excluded title term: laundry basket,,,,,,,,,,,,
newer_low_review,B0FYBXXJ21,B0G5N8NLPJ,"GENIMO Indoor Outdoor Area Rug 5‘x8‘, Machine Washable Rugs for Patio, Waterproof, Non-Slip Easy Cleaning Floral Outdoor Mat Carpet for Living Room, Bedroom, RV, Balcony, Deck, Camping, Navy Blue","['Patio, Lawn & Garden', 'lawn-garden']",US,53.99,15.12,4.32,10.39,0.15,1795.0,185.0,4.4,0.55,10000.0,1.0,20.0,50.0,25.0,20.0,65.0,Imported from Sorftime; ASIN B0FYBXXJ21; parent B0G5N8NLPJ; brand GENIMO,https://www.amazon.com/dp/B0FYBXXJ21,35.0,Reject,16.06,0.2975,28830.39,87.3,50.8,48.5,31.0,69.0,excluded title term: area rug; gross margin below 35%; oversize risk,,excluded title term: area rug,,,,,,,,,,,,
higher_ticket_lightweight,B0G5Z9KN9L,B0GSXVWGPC,"Smiry Pet Couch Covers for Dogs Washable, Non-Slip Fuzzy Couch Covers for 3 Cushion Sofa Pet Friendly, Soft Thick Furniture Protector Sofa Slipcover Mat for Dogs (Khaki, 27.6' x 82.7')","['Home & Kitchen', 'home-garden']",US,59.84,16.76,4.79,10.77,0.15,1500.0,210.0,4.6,0.55,10000.0,1.0,20.0,50.0,25.0,20.0,20.0,Imported from Sorftime; ASIN B0G5Z9KN9L; parent B0GSXVWGPC; brand Smiry,https://www.amazon.com/dp/B0G5Z9KN9L,35.0,Reject,18.54,0.3099,27816.0,87.3,36.8,55.1,22.0,78.0,excluded title term: pet couch cover; gross margin below 35%,,excluded title term: pet couch cover,,,,,,,,,,,,
higher_ticket_lightweight,B0BGTNFCN3,B0D2HLLP9N,"Beckham Hotel Collection Shredded Memory Foam Pillow 2-Pack Queen | Adjustable Fill Cooling Bed Pillows for Side, Back & Stomach Sleepers","['Home & Kitchen', 'home-garden']",US,77.99,21.84,6.24,10.71,0.15,1499.0,877.0,4.5,0.55,10000.0,1.0,20.0,50.0,25.0,20.0,65.0,Imported from Sorftime; ASIN B0BGTNFCN3; parent B0D2HLLP9N; brand Beckham Hotel Collection,https://www.amazon.com/dp/B0BGTNFCN3,35.0,Reject,27.5,0.3526,41224.75,87.3,14.3,73.7,31.0,69.0,excluded title term: memory foam pillow; review count above 600; oversize risk,,excluded title term: memory foam pillow,,,,,,,,,,,,
higher_ticket_lightweight,B0013CFRWK,B0CX6B164P,"Thermal Tiger 3 1/8“ x 230‘ Thermal Receipt Paper Rolls (50 Rolls) – BPA-Free, Universal POS Compatibility for Clover, Epson, & Verifone – Crisp Printing & 5-Year Image Life","['Office Products', 'office-products']",US,52.99,14.84,4.24,21.47,0.15,1499.0,915.0,4.2,0.55,10000.0,1.0,20.0,50.0,25.0,20.0,85.0,Imported from Sorftime; ASIN B0013CFRWK; parent B0CX6B164P; brand THERMAL TIGER,https://www.amazon.com/dp/B0013CFRWK,35.0,Reject,4.49,0.0848,6732.76,87.3,18.3,16.4,35.0,65.0,hard oversize/logistics risk; gross margin below 35%; unit profit below $8; review count above 600; oversize risk,,hard oversize/logistics risk,,,,,,,,,,,,
higher_ticket_lightweight,B0DS43F2H1,B0GXVZD97D,"Huuger Computer Desk with 6 Drawers, Office Desk with Shelves, Reversible Gaming Desk, Large Corner Desk with Storage, Work for Home Office, Study, Living Room, 63inch, Rustic Brown","['Home & Kitchen', 'home-garden']",US,107.99,30.24,8.64,30.27,0.15,1499.0,28.0,4.5,0.55,10000.0,1.0,20.0,50.0,25.0,20.0,85.0,Imported from Sorftime; ASIN B0DS43F2H1; parent B0GXVZD97D; brand Huuger,https://www.amazon.com/dp/B0DS43F2H1,35.0,Reject,22.64,0.2097,33939.61,87.3,59.3,55.3,35.0,65.0,excluded title term: computer desk; gross margin below 35%; oversize risk,,excluded title term: computer desk,,,,,,,,,,,,
higher_ticket_lightweight,B0CXT2N5B7,B0DGQ5LQ4J,"Hompet Dog Grass Pad with Tray Large, 41'x27', 2 Reusable Artificial Turf for Dogs Potty, Waterproof Non-Slip Washable Pee Pads, Quickly Absorbency Portable Dog Litter Box for Indoor/Outdoor Use","['Pet Supplies', 'pet-supplies']",US,109.99,30.8,8.8,17.42,0.15,1498.0,505.0,4.3,0.55,10000.0,1.0,20.0,50.0,25.0,20.0,65.0,Imported from Sorftime; ASIN B0CXT2N5B7; parent B0DGQ5LQ4J; brand Hompet,https://www.amazon.com/dp/B0CXT2N5B7,35.0,Reject,36.47,0.3316,54634.31,87.3,28.3,70.9,31.0,69.0,excluded title term: dog grass pad; gross margin below 35%; oversize risk,,excluded title term: dog grass pad,,,,,,,,,,,,
higher_ticket_lightweight,B0GFJMQQ1Q,B0FZGP8PDD,"3 Pcs 42L Medium Collapsible Plastic Laundry Basket with Handles, Foldable Laundry Basket Hamper, Pop Up Storage Container Organizer for Washing Storage (Gery, 17 Inch * 13 Inch * 15 Inch)","['Home & Kitchen', 'home-garden']",US,56.99,15.96,4.56,10.32,0.15,1497.0,114.0,4.1,0.55,10000.0,1.0,20.0,50.0,25.0,20.0,65.0,Imported from Sorftime; ASIN B0GFJMQQ1Q; parent B0FZGP8PDD; brand ZAUNFOOY,https://www.amazon.com/dp/B0GFJMQQ1Q,35.0,Reject,17.6,0.3089,26349.45,87.3,52.8,53.0,31.0,69.0,excluded title term: laundry basket; gross margin below 35%; oversize risk,,excluded title term: laundry basket,,,,,,,,,,,,
higher_ticket_lightweight,B0G3PCTQ23,B0DRJ8NH1N,"VIVOHOME 2-Pack Galvanized Steel Hand Rails for Outdoor Steps – 27.1“ Curved Ends and Safety Balusters Exterior Railing Kit for Porch, Deck, or Indoor Stairs (3-Step, Black)","['Tools & Home Improvement', 'hi']",US,149.99,42.0,12.0,23.78,0.15,1496.0,396.0,4.4,0.55,10000.0,1.0,20.0,50.0,25.0,20.0,85.0,Imported from Sorftime; ASIN B0G3PCTQ23; parent B0DRJ8NH1N; brand VIVOHOME,https://www.amazon.com/dp/B0G3PCTQ23,35.0,Reject,49.71,0.3314,74368.4,87.3,40.8,70.9,35.0,65.0,excluded title term: hand rail; gross margin below 35%; oversize risk,,excluded title term: hand rail,,,,,,,,,,,,
higher_ticket_lightweight,B0DLZTH1BQ,B0DLZL3F37,"Hananona 2 Pcs Artificial Camellia Trees Faux Camellia Plant in Pot with Flowers Indoor Plants for Spring Home Decor Outdoor Porch Front Door Decor (Red, M)","['Home & Kitchen', 'home-garden']",US,80.99,22.68,6.48,15.77,0.15,1496.0,139.0,4.6,0.55,10000.0,1.0,20.0,50.0,25.0,20.0,85.0,Imported from Sorftime; ASIN B0DLZTH1BQ; parent B0DLZL3F37; brand Hananona,https://www.amazon.com/dp/B0DLZTH1BQ,35.0,Reject,23.91,0.2952,35771.6,87.3,46.8,63.9,35.0,65.0,hard oversize/logistics risk; gross margin below 35%; oversize risk,,hard oversize/logistics risk,,,,,,,,,,,,
higher_ticket_lightweight,B0GF1C8T7G,B0DBVNH8JX,"BITPOTT Solar Pathway Lights Outdoor,Bright Solar Lights for Outside, Waterproof Auto On/Off Garden Lights Solar Powered Landscape Lights for Yard Walkway Driveway Lawn (Cool White, 12 Pack)","['Tools & Home Improvement', 'hi']",US,81.59,22.85,6.53,9.31,0.15,1494.0,464.0,4.4,0.55,10000.0,1.0,20.0,50.0,25.0,20.0,20.0,Imported from Sorftime; ASIN B0GF1C8T7G; parent B0DBVNH8JX; brand BITPOTT,https://www.amazon.com/dp/B0GF1C8T7G,35.0,Reject,30.66,0.3758,45808.28,87.3,28.3,76.8,22.0,78.0,excluded title term: solar pathway lights,,excluded title term: solar pathway lights,,,,,,,,,,,,
higher_ticket_lightweight,B0DQNVLB2T,B0DXDKTHRH,"FDW 6 Foot Outdoor Dining Table, Foldable Portable Rectangular Plastic Folding Table with Built in Carrying Handle for Party and Wedding Use, Black","['Patio, Lawn & Garden', 'lawn-garden']",US,55.56,15.56,4.44,22.04,0.15,1494.0,278.0,4.4,0.55,10000.0,1.0,20.0,50.0,25.0,20.0,85.0,Imported from Sorftime; ASIN B0DQNVLB2T; parent B0DXDKTHRH; brand FDW,https://www.amazon.com/dp/B0DQNVLB2T,35.0,Reject,5.19,0.0933,7747.88,87.3,40.8,19.7,35.0,65.0,hard oversize/logistics risk; gross margin below 35%; unit profit below $8; oversize risk,,hard oversize/logistics risk,,,,,,,,,,,,
higher_ticket_lightweight,B09RD1ZWVK,B0F67CPZ42,MOJO Outdoors Turkey Hunting Decoys and Accessories,"['Sports & Outdoors', 'sporting-goods']",US,71.47,20.01,5.72,13.24,0.15,1494.0,55.0,4.4,0.55,10000.0,1.0,20.0,50.0,25.0,20.0,60.0,Imported from Sorftime; ASIN B09RD1ZWVK; parent B0F67CPZ42; brand MOJO Outdoors,https://www.amazon.com/dp/B09RD1ZWVK,35.0,Reject,21.78,0.3047,32538.57,87.3,58.3,60.9,30.0,70.0,excluded title term: hunting; gross margin below 35%; oversize risk,,excluded title term: hunting,,,,,,,,,,,,
higher_ticket_lightweight,B0DM1GRXS9,B0DM1C7TGL,"sancua Royal Blue Round Tablecloths 120 Inch, 6 Pack - Circle Fabric Cloth Table Cloths for Independence Day Wedding Party Banquet Birthday, Washable Polyester Table Cover (Fit 30-72 Inch Tables)","['Kitchen & Dining', 'kitchen']",US,66.99,18.76,5.36,11.46,0.15,1494.0,369.0,4.6,0.55,10000.0,1.0,20.0,50.0,25.0,20.0,85.0,Imported from Sorftime; ASIN B0DM1GRXS9; parent B0DM1C7TGL; brand sancua,https://www.amazon.com/dp/B0DM1GRXS9,35.0,Reject,21.36,0.3189,31914.08,87.3,36.8,61.9,35.0,65.0,hard oversize/logistics risk; gross margin below 35%; oversize risk,,hard oversize/logistics risk,,,,,,,,,,,,
higher_ticket_lightweight,B0D9Q7D66M,B0D9XZLXBP,"VEVOR Air Mover Blower Fan 8 Inch, 1070CFM 195W with 16.4ft Flexible Duct, Industrial Portable Ventilator Blower/Exhaust, Orange","['Tools & Home Improvement', 'hi']",US,100.81,28.23,8.06,20.76,0.15,1494.0,39.0,4.5,0.55,10000.0,1.0,20.0,50.0,25.0,20.0,85.0,Imported from Sorftime; ASIN B0D9Q7D66M; parent B0D9XZLXBP; brand VEVOR,https://www.amazon.com/dp/B0D9Q7D66M,35.0,Reject,28.64,0.2841,42785.92,87.3,59.3,64.5,35.0,65.0,excluded title term: air mover; gross margin below 35%; oversize risk,,excluded title term: air mover,,,,,,,,,,,,
higher_ticket_lightweight,B0813YK91X,B0D7HZ89W2,"Arlo Blinds Thermal Room Darkening Fabric Roman Shades, Color: White, Size: 36“ W X 60“ H, Cordless Lift Window Blinds","['Home & Kitchen', 'home-garden']",US,50.99,14.28,4.08,12.66,0.15,1494.0,548.0,4.5,0.55,10000.0,1.0,20.0,50.0,25.0,20.0,65.0,Imported from Sorftime; ASIN B0813YK91X; parent B0D7HZ89W2; brand Arlo Blinds,https://www.amazon.com/dp/B0813YK91X,35.0,Reject,12.32,0.2416,18408.32,87.3,24.3,34.6,31.0,69.0,hard oversize/logistics risk; gross margin below 35%; oversize risk,,hard oversize/logistics risk,,,,,,,,,,,,
higher_ticket_lightweight,B0GY3M1MBN,B0GZJJJ1N4,"PELONIS 40 inch Bladeless Tower Fan for Bedroom, Standing Fan with Remote Control, 26ft/s, 90° Oscillation, 3 Speed Settings, 27dB, 3 Modes, 15-Hour Timer, LED Display, Fan that Blows Cold Air, White","['Home & Kitchen', 'home-garden']",US,69.99,19.6,5.6,45.82,0.15,1493.0,0.0,4.5,0.55,10000.0,1.0,20.0,50.0,25.0,20.0,65.0,Imported from Sorftime; ASIN B0GY3M1MBN; parent B0GZJJJ1N4; brand PELONIS,https://www.amazon.com/dp/B0GY3M1MBN,35.0,Reject,-11.53,-0.1647,-17212.05,87.3,64.3,0.0,31.0,69.0,hard oversize/logistics risk; negative unit profit; gross margin below 35%; unit profit below $8; oversize risk,,hard oversize/logistics risk,,,,,,,,,,,,
higher_ticket_lightweight,B0DHVB8L17,B0GKP3QPZ4,"FERUERW Hexagon Garage Lights 3 Level Dimmable, High Brightness 168W 5600 to 18480 Lumens 6500K Honeycomb Led Light 5 Grid for Garage, Auto Beauty Shop, Car Detailing Shop, Workshop","['Tools & Home Improvement', 'hi']",US,69.99,19.6,5.6,14.06,0.15,1493.0,59.0,3.9,0.55,10000.0,1.0,20.0,50.0,25.0,20.0,65.0,Imported from Sorftime; ASIN B0DHVB8L17; parent B0GKP3QPZ4; brand FERUERW,https://www.amazon.com/dp/B0DHVB8L17,35.0,Reject,20.23,0.2891,30205.63,87.3,60.3,55.7,31.0,69.0,excluded title term: garage light; gross margin below 35%; oversize risk,,excluded title term: garage light,,,,,,,,,,,,
higher_ticket_lightweight,B0GG9C164R,B0GWF41C3Q,"LIVELYGLOW Makeup Vanity Desk with Smart LED Mirror & Charging Station, 35.4“ White Vanity Table Set with Cushioned Stool, 4 Drawers & Hairdryer Rack, Modern Bedroom Dressing Table-White","['Home & Kitchen', 'home-garden']",US,139.99,39.2,11.2,65.87,0.15,1493.0,302.0,4.0,0.55,10000.0,1.0,20.0,50.0,25.0,20.0,85.0,Imported from Sorftime; ASIN B0GG9C164R; parent B0GWF41C3Q; brand LIVELYGLOW,https://www.amazon.com/dp/B0GG9C164R,35.0,Reject,2.72,0.0194,4063.2,87.3,42.8,8.8,35.0,65.0,hard oversize/logistics risk; gross margin below 35%; unit profit below $8; oversize risk,,hard oversize/logistics risk,,,,,,,,,,,,
higher_ticket_lightweight,B0G6NVWZ9X,B0GC7FNKZB,"Gourmia Toaster Oven Digital Air Fryer - Convection Mode with 4 Slice Capacity, 3 Rack Positions, 12 Presets, Toast, Bagel, Bake, Roast, Broil, Dehydrate, Popcorn, Fits 9“ Pizza, Black","['Kitchen & Dining', 'kitchen']",US,89.95,25.19,7.2,17.49,0.15,1493.0,390.0,4.0,0.55,10000.0,1.0,20.0,50.0,25.0,20.0,85.0,Imported from Sorftime; ASIN B0G6NVWZ9X; parent B0GC7FNKZB; brand Gourmia,https://www.amazon.com/dp/B0G6NVWZ9X,35.0,Reject,26.58,0.2955,39680.21,87.3,42.8,66.1,35.0,65.0,hard oversize/logistics risk; gross margin below 35%; oversize risk,,hard oversize/logistics risk,,,,,,,,,,,,
higher_ticket_lightweight,B0DWDSLM5D,B0G6M5LTGC,"CIRCUMI Silver Bathroom Mirror, 24“x48“ Rectangular Mirror with Deep Metal Frame, Rounded Corner, Tempered Glass, Large Mirror for Wall, Over 2 Sinks, Installed Vertically/Horizontally, Crystal-Clear","['Home & Kitchen', 'home-garden']",US,69.99,19.6,5.6,17.31,0.15,1492.0,296.0,4.6,0.55,10000.0,1.0,20.0,50.0,25.0,20.0,85.0,Imported from Sorftime; ASIN B0DWDSLM5D; parent B0G6M5LTGC; brand CIRCUMI,https://www.amazon.com/dp/B0DWDSLM5D,35.0,Reject,16.98,0.2426,25336.4,87.3,36.8,44.0,35.0,65.0,hard oversize/logistics risk; gross margin below 35%; oversize risk,,hard oversize/logistics risk,,,,,,,,,,,,
higher_ticket_lightweight,B0F5PXXHBC,B0FD9CTFJ5,"APEXCHASER Ironing Board, Compact Iron Board with Silicon Mat, Foldable Ironing Board with Heat Resistant Cover, 7 Height Adjustable, Space Saver Iron Board,13x43 Solid Grey","['Home & Kitchen', 'home-garden']",US,59.99,16.8,4.8,17.06,0.15,1492.0,380.0,4.5,0.55,10000.0,1.0,20.0,50.0,25.0,20.0,85.0,Imported from Sorftime; ASIN B0F5PXXHBC; parent B0FD9CTFJ5; brand APEXCHASER,https://www.amazon.com/dp/B0F5PXXHBC,35.0,Reject,12.33,0.2056,18398.6,87.3,36.8,34.7,35.0,65.0,hard oversize/logistics risk; gross margin below 35%; oversize risk,,hard oversize/logistics risk,,,,,,,,,,,,
higher_ticket_lightweight,B0DH22GSX2,B0DQW1RB93,"RUGSREAL Living Room Area Rug 9x12 Machine Washable Rug Non-Slip Stain Resistant Modern Abstract Bedroom Rug Contemporary Throw Floor Carpet for Dining Room Solid Area Rug for Home Office, Beige","['Home & Kitchen', 'home-garden']",US,142.49,39.9,11.4,22.45,0.15,1491.0,567.0,4.2,0.55,10000.0,1.0,20.0,50.0,25.0,20.0,85.0,Imported from Sorftime; ASIN B0DH22GSX2; parent B0DQW1RB93; brand RUGSREAL,https://www.amazon.com/dp/B0DH22GSX2,35.0,Reject,47.37,0.3324,70623.45,87.3,28.3,71.0,35.0,65.0,excluded title term: area rug; gross margin below 35%; oversize risk,,excluded title term: area rug,,,,,,,,,,,,
higher_ticket_lightweight,B0FNWQSHG5,B0FRF3MH9Z,"2500W Handheld Steam Cleaner, 3-Level Adjustable Steam Cleaner for Home with 21 Accessories, Multipurpose Portable Steamer Cleaning for Car,Floor,Furniture,Tile,Grout,Couch,Fast Heat-Up (Green)","['Home & Kitchen', 'home-garden']",US,64.99,18.2,5.2,8.36,0.15,1490.0,327.0,4.1,0.55,10000.0,1.0,20.0,50.0,25.0,20.0,65.0,Imported from Sorftime; ASIN B0FNWQSHG5; parent B0FRF3MH9Z; brand Granarbol,https://www.amazon.com/dp/B0FNWQSHG5,35.0,Reject,23.48,0.3613,34987.43,87.3,42.8,71.8,31.0,69.0,excluded title term: steam cleaner; oversize risk,,excluded title term: steam cleaner,,,,,,,,,,,,
higher_ticket_lightweight,B095JBXXJD,B0DXHSKJRK,"IDL Packaging 36' x 14400' (1200 feet) - USA-Made Large Brown Kraft Paper Roll - 30lb Thickness - Natural Kraft Wrapping Paper for Packing, Void Filling - Craft Material for Kids Art Projects","['Arts, Crafts & Sewing', 'arts-crafts']",US,99.5,27.86,7.96,22.87,0.15,1490.0,734.0,4.6,0.55,10000.0,1.0,20.0,50.0,25.0,20.0,85.0,Imported from Sorftime; ASIN B095JBXXJD; parent B0DXHSKJRK; brand IDL Packaging,https://www.amazon.com/dp/B095JBXXJD,35.0,Reject,25.89,0.2602,38568.65,87.3,24.3,61.4,35.0,65.0,hard oversize/logistics risk; gross margin below 35%; review count above 600; oversize risk,,hard oversize/logistics risk,,,,,,,,,,,,
higher_ticket_lightweight,B0B6MY6QJV,B0DT97ZX8J,"iropro 3ftx300ft Weed Barrier Fabric 3.2oz Landscape Fabric Heavy Duty, Woven Weed Control Cloth, Woven Weed Fabric for Underlayment, Gardening Ground, Commercial Driveway Weed Block Cover Mat","['Patio, Lawn & Garden', 'lawn-garden']",US,51.29,14.36,4.1,17.96,0.15,1490.0,1097.0,4.5,0.55,10000.0,1.0,20.0,50.0,25.0,20.0,85.0,Imported from Sorftime; ASIN B0B6MY6QJV; parent B0DT97ZX8J; brand iropro,https://www.amazon.com/dp/B0B6MY6QJV,35.0,Reject,7.18,0.1399,10692.98,87.3,14.3,24.4,35.0,65.0,hard oversize/logistics risk; gross margin below 35%; unit profit below $8; review count above 600; oversize risk,,hard oversize/logistics risk,,,,,,,,,,,,
higher_ticket_lightweight,B0F7QSXLCH,B0GXWMXJN8,"TARKARI 150 Gallon Lockable Resin Deck Box, Waterproof & UV-Resistant Outdoor Storage Box for Outdoor Cushion Storage, Garden Tools & Pool Accessories Storage, Gray","['Patio, Lawn & Garden', 'lawn-garden']",US,99.99,28.0,8.0,18.0,0.15,1490.0,944.0,4.4,0.55,10000.0,1.0,20.0,50.0,25.0,20.0,20.0,Imported from Sorftime; ASIN B0F7QSXLCH; parent B0GXWMXJN8; brand TARKARI,https://www.amazon.com/dp/B0F7QSXLCH,35.0,Reject,30.99,0.3099,46177.33,87.3,18.3,68.0,22.0,78.0,excluded title term: deck box; gross margin below 35%; review count above 600,,excluded title term: deck box,,,,,,,,,,,,
newer_low_review,B0BV8ZV7CJ,B0BY4Z5TJX,"50 Pack 5 oz Plastic Dessert Cups with Lids and Spoons, Small Parfait Yogurt Pudding Cups with Lids for Party, Clear Mini Dessert Shooter Cup for Fruit Trifle Ice Cream","['Kitchen & Dining', 'kitchen']",US,15.98,4.47,1.28,7.21,0.15,1799.0,477.0,4.4,0.55,10000.0,1.0,20.0,50.0,25.0,20.0,20.0,Imported from Sorftime; ASIN B0BV8ZV7CJ; parent B0BY4Z5TJX; brand Monrocco,https://www.amazon.com/dp/B0BV8ZV7CJ,34.5,Reject,0.62,0.039,1120.78,87.3,28.3,0.3,22.0,78.0,gross margin below 35%; unit profit below $8,,,,,,,,,,,,,,
light_small_general,B0C9MF8L3N,B0GJD893S2,"VEVOR Oversized Camping Folding Chair, Portable Heavy Duty Outdoor Quad Lumbar Back Padded with Side Pockets, Cup Holder and Cooler Bag for Beach, Lawn, Picnic, Fishing, Backpacking, Black","['Sports & Outdoors', 'sporting-goods']",US,35.0,9.8,2.8,17.01,0.15,2993.0,484.0,4.5,0.55,10000.0,1.0,20.0,50.0,25.0,20.0,85.0,Imported from Sorftime; ASIN B0C9MF8L3N; parent B0GJD893S2; brand VEVOR,https://www.amazon.com/dp/B0C9MF8L3N,31.9,Reject,0.14,0.004,419.02,87.3,24.3,0.0,35.0,65.0,excluded brand: VEVOR; gross margin below 35%; unit profit below $8; oversize risk,,excluded brand: VEVOR,,,,,,,,,,,,
